event_id,start_datetime,end_datetime,county_name,begin_location,begin_range,end_range,end_location,begin_lat,begin_lon,end_lat,end_lon,year,duration_minutes,duration_hours,deaths_direct,injuries_direct,damage_property_num,damage_crops_num,injuries_indirect,deaths_indirect,sun_altitude_deg,sun_azimuth_deg,sunrise_utc,sunset_utc,moon_altitude_deg,moon_azimuth_deg,moon_phase_name,moon_illumination_pct,nlcd_code,nlcd_class,elevation_m,impervious_surface_pct,oni_season,oni_anomaly,enso_phase,soil_moisture_0_to_100cm_mean,soil_moisture_0_to_7cm_mean,soil_moisture_28_to_100cm_mean,soil_moisture_7_to_28cm_mean,soil_temperature_0_to_100cm_mean,soil_temperature_0_to_7cm_mean,soil_temperature_28_to_100cm_mean,soil_temperature_7_to_28cm_mean,maxtemp_f,mintemp_f,avgtemp_f,maxwind_mph,totalprecip_in,avgvis_miles,avghumidity,uv,daily_will_it_rain,daily_chance_of_rain,condition_text
564702,2015-04-03 03:48:00,2015-04-03 03:48:00,JEFFERSON CO.,SMYRNA,1.48,1.28,SMYRNA,38.15,-85.66,38.1536,-85.6547,2015,0.0,0.0,0,0,0,0,0,0,0.85,276.15,2015-04-03 11:24:48,2015-04-03 00:06:46,14.25,101.85,Full Moon,97.95,24,"Developed, High Intensity",149.975,83,MAM,0.81,El Nino,0.43075252,0.44550002,0.42008328,0.46241668,49.07589,57.68765,46.5614,54.8264,66.6,45.3,58.9,13.9,2.19,4.0,95,2.7,1,100,Moderate or heavy rain shower
564703,2015-04-03 03:54:00,2015-04-03 03:54:00,JEFFERSON CO.,NEWBURG,1.29,1.47,NEWBURG,38.16,-85.7,38.1633,-85.6969,2015,0.0,0.0,0,0,20000,0,0,0,0.88,276.12,2015-04-03 11:24:57,2015-04-03 00:06:56,14.21,101.82,Full Moon,97.95,24,"Developed, High Intensity",140.396,84,MAM,0.81,El Nino,0.3938404,0.4252917,0.38062498,0.42866668,48.67565,57.29675,46.13675,54.506752,66.6,45.3,58.9,13.9,2.19,4.0,95,2.7,1,100,Moderate or heavy rain shower
564704,2015-04-03 04:00:00,2015-04-03 04:00:00,ANDERSON CO.,LAWRENCEBURG,0.88,1.09,LAWRENCEBURG,38.0229,-84.8866,38.0243,-84.8836,2015,0.0,0.0,0,0,30000,0,0,0,0.31,276.63,2015-04-03 11:21:47,2015-04-03 00:03:35,14.87,102.33,Full Moon,97.95,21,"Developed, Open Space",236.4,0,MAM,0.81,El Nino,0.37290046,0.42779168,0.353875,0.4198333,48.227974,57.288948,45.5552,54.371452,66.2,45.4,59.1,17.7,2.67,4.0,96,1.3,1,100,Moderate or heavy rain shower
564706,2015-04-03 04:00:00,2015-04-03 04:00:00,SPENCER CO.,ELK CREEK,0.23,0.05,ELK CREEK,38.0994,-85.3742,38.1038,-85.3727,2015,0.0,0.0,0,0,30000,0,0,0,0.65,276.33,2015-04-03 11:23:41,2015-04-03 00:05:35,14.48,102.02,Full Moon,97.95,21,"Developed, Open Space",209.8,0,MAM,0.81,El Nino,0.38583252,0.42625,0.36974993,0.42749998,48.192574,57.29135,45.47885,54.463856,65.5,45.0,58.7,15.4,2.65,3.0,95,1.9,1,100,Moderate or heavy rain shower
564705,2015-04-03 04:00:00,2015-04-03 04:00:00,JEFFERSON CO.,LOUISVILLE,0.0,0.21,LOUISVILLE,38.23,-85.78,38.2296,-85.7792,2015,0.0,0.0,0,0,0,0,0,0,0.94,276.07,2015-04-03 11:25:13,2015-04-03 00:07:18,14.14,101.79,Full Moon,97.95,24,"Developed, High Intensity",142.241,88,MAM,0.81,El Nino,0.43630424,0.45066667,0.42641667,0.46541664,48.9212,57.4982,46.416946,54.6482,66.9,44.8,58.2,13.0,2.03,4.0,95,2.7,1,100,Moderate or heavy rain shower
564707,2015-04-03 04:27:00,2015-04-03 04:27:00,JEFFERSON CO.,AUDUBON PARK,1.65,1.76,AUDUBON PARK,38.2238,-85.7295,38.2257,-85.7293,2015,0.0,0.0,0,0,500000,0,0,0,0.9,276.1,2015-04-03 11:25:02,2015-04-03 00:07:05,14.18,101.82,Full Moon,97.95,22,"Developed, Low Intensity",139.555,45,MAM,0.81,El Nino,0.3938404,0.4252917,0.38062498,0.42866668,48.60545,57.226555,46.06655,54.436554,66.6,45.3,58.9,13.9,2.19,4.0,95,2.7,1,100,Moderate or heavy rain shower
566660,2015-04-03 04:30:00,2015-04-03 06:45:00,POWELL CO.,WALTERSVILLE,0.69,0.97,WALTERSVILLE,37.86,-83.93,37.8498,-83.935,2015,135.0,2.25,0,0,1000,0,0,0,-0.32,277.21,2015-04-03 11:18:05,2015-04-04 00:00:34,15.64,102.92,Full Moon,97.95,41,Deciduous Forest,188.984,0,MAM,0.81,El Nino,0.3624742,0.41641665,0.34720835,0.39683333,49.167274,58.50995,46.47245,55.29245,66.0,46.0,59.7,12.3,1.33,3.0,96,1.0,1,100,Moderate or heavy rain shower
564708,2015-04-03 05:22:00,2015-04-03 05:22:00,JEFFERSON CO.,(LOU)BOWMAN FLD LOUI,1.38,1.65,(LOU)BOWMAN FLD LOUI,38.21,-85.67,38.2107,-85.6669,2015,0.0,0.0,0,0,20000,0,0,0,0.86,276.14,2015-04-03 11:24:48,2015-04-03 00:06:50,14.23,101.86,Full Moon,97.95,24,"Developed, High Intensity",145.13,81,MAM,0.81,El Nino,0.3938404,0.4252917,0.38062498,0.42866668,48.60545,57.226555,46.06655,54.436554,66.4,45.0,58.8,14.1,1.97,5.0,95,2.4,1,100,Moderate or heavy rain shower
566661,2015-04-03 05:25:00,2015-04-03 06:25:00,WOLFE CO.,BETHANY,0.55,0.18,BETHANY,37.65,-83.47,37.6545,-83.4682,2015,60.0,1.0,0,0,1000,0,0,0,-0.62,277.49,2015-04-03 11:16:22,2015-04-03 23:58:35,16.04,103.16,Full Moon,97.95,41,Deciduous Forest,266.673,0,MAM,0.81,El Nino,0.43822423,0.46904162,0.42704168,0.46629158,49.169563,58.847603,46.56635,54.86885,68.0,46.7,60.3,15.0,0.88,3.0,95,1.0,1,100,Moderate or heavy rain shower
566663,2015-04-03 05:45:00,2015-04-03 08:30:00,ESTILL CO.,PRYSE,1.76,1.84,PRYSE,37.6892,-83.8588,37.6886,-83.8589,2015,165.0,2.75,0,0,1000,0,0,0,-0.38,277.25,2015-04-03 11:17:54,2015-04-04 00:00:10,15.73,102.91,Full Moon,97.95,21,"Developed, Open Space",202.078,6,MAM,0.81,El Nino,0.35917124,0.40399995,0.34904167,0.3789583,49.390137,58.94285,46.680347,55.496597,64.8,44.1,59.1,13.2,1.22,3.0,95,1.1,1,100,Moderate or heavy rain shower
566666,2015-04-03 05:45:00,2015-04-03 08:30:00,ESTILL CO.,NORTH IRVINE,1.53,1.53,NORTH IRVINE,37.7374,-83.9628,37.7396,-83.9607,2015,165.0,2.75,0,0,1000,0,0,0,-0.31,277.19,2015-04-03 11:18:17,2015-04-04 00:00:37,15.64,102.86,Full Moon,97.95,81,Pasture/Hay,205.748,0,MAM,0.81,El Nino,0.35953417,0.4079167,0.34808338,0.38266668,49.351215,58.87625,46.6325,55.4975,64.8,44.1,59.1,13.2,1.22,3.0,95,1.1,1,100,Moderate or heavy rain shower
566669,2015-04-03 05:45:00,2015-04-03 06:45:00,POWELL CO.,NATURAL BRIDGE,0.69,0.86,NATURAL BRIDGE,37.77,-83.68,37.7749,-83.6803,2015,60.0,1.0,0,0,1000,0,0,0,-0.48,277.37,2015-04-03 11:17:08,2015-04-03 23:59:30,15.85,103.06,Full Moon,97.95,41,Deciduous Forest,302.682,0,MAM,0.81,El Nino,0.3840238,0.42625,0.37220833,0.41045836,47.909786,57.3788,45.2588,53.842556,66.0,46.0,59.7,12.3,1.33,3.0,96,1.1,1,100,Moderate or heavy rain shower
566664,2015-04-03 05:45:00,2015-04-03 08:30:00,ESTILL CO.,CRYSTAL,0.69,0.37,CRYSTAL,37.66,-83.83,37.66,-83.8258,2015,165.0,2.75,0,0,1000,0,0,0,-0.4,277.27,2015-04-03 11:17:48,2015-04-04 00:00:02,15.76,102.92,Full Moon,97.95,81,Pasture/Hay,192.636,0,MAM,0.81,El Nino,0.35951462,0.40595832,0.3484167,0.38208333,49.876102,59.400803,47.18705,55.9208,64.8,44.1,59.1,13.2,1.22,3.0,95,1.1,1,100,Moderate or heavy rain shower
566673,2015-04-03 06:05:00,2015-04-03 08:30:00,LEE CO.,PRIMROSE,0.55,1.57,PRIMROSE,37.6,-83.61,37.5889,-83.6125,2015,145.0,2.42,0,0,1000,0,0,0,-0.54,277.4,2015-04-03 11:16:58,2015-04-03 23:59:06,15.95,103.05,Full Moon,97.95,21,"Developed, Open Space",287.421,11,MAM,0.81,El Nino,0.44254127,0.478375,0.43275002,0.46416667,48.983192,58.755047,46.3763,54.663803,67.3,45.9,60.2,13.2,1.0,3.0,95,1.2,1,100,Moderate or heavy rain shower
566675,2015-04-03 06:30:00,2015-04-03 11:19:00,MAGOFFIN CO.,FORAKER,1.29,2.94,FORAKER,37.66,-83.15,37.6562,-83.1394,2015,289.0,4.82,0,0,1000,0,0,0,-0.81,277.69,2015-04-03 11:15:05,2015-04-03 23:57:18,16.29,103.38,Full Moon,97.95,41,Deciduous Forest,338.482,0,MAM,0.81,El Nino,0.36037502,0.39412498,0.35570827,0.36512497,48.635376,58.3745,45.9395,54.631996,66.6,45.0,60.0,15.0,1.18,3.0,95,1.1,1,100,Moderate or heavy rain shower
566683,2015-04-03 06:45:00,2015-04-03 09:22:00,BREATHITT CO.,LAWSON,0.55,0.24,LAWSON,37.6,-83.46,37.6061,-83.4631,2015,157.0,2.62,0,0,1000,0,0,0,-0.63,277.5,2015-04-03 11:16:22,2015-04-03 23:58:30,16.06,103.15,Full Moon,97.95,21,"Developed, Open Space",223.7,0,MAM,0.81,El Nino,0.43175545,0.46179166,0.4245833,0.44633332,49.5215,59.307198,46.90595,55.2272,68.0,46.7,60.3,15.0,0.88,3.0,95,1.0,1,100,Moderate or heavy rain shower
566685,2015-04-03 06:55:00,2015-04-03 09:23:00,BREATHITT CO.,OAKDALE,1.49,0.94,OAKDALE,37.57,-83.51,37.5691,-83.5373,2015,148.0,2.47,0,0,1000,0,0,0,-0.61,277.47,2015-04-03 11:16:35,2015-04-03 23:58:41,16.03,103.11,Full Moon,97.95,41,Deciduous Forest,350.481,0,MAM,0.81,El Nino,0.43175545,0.46179166,0.4245833,0.44633332,49.2056,58.9913,46.59005,54.9113,68.0,46.7,60.3,15.0,0.88,3.0,95,1.0,1,100,Moderate or heavy rain shower
566698,2015-04-03 07:15:00,2015-04-03 11:19:00,FLOYD CO.,BONANZA,0.88,0.69,BONANZA,37.69,-82.86,37.702,-82.8531,2015,244.0,4.07,0,0,1000,0,0,0,-0.98,277.87,2015-04-03 11:13:55,2015-04-03 23:56:10,16.5,103.58,Full Moon,97.95,41,Deciduous Forest,285.504,0,MAM,0.81,El Nino,0.36420918,0.3882917,0.36249998,0.36204168,49.648552,59.5175,46.9175,55.7225,68.3,48.3,61.2,15.2,1.31,3.0,95,1.3,1,100,Moderate or heavy rain shower
566699,2015-04-03 07:30:00,2015-04-03 11:19:00,FLOYD CO.,RISNER,1.29,0.45,RISNER,37.57,-82.83,37.5764,-82.8177,2015,229.0,3.82,0,0,1000,0,0,0,-1.01,277.88,2015-04-03 11:13:52,2015-04-03 23:55:58,16.55,103.56,Full Moon,97.95,41,Deciduous Forest,298.035,0,MAM,0.81,El Nino,0.36412337,0.37383333,0.36520827,0.35716665,48.235138,58.283302,45.47705,54.34205,68.3,48.3,61.2,15.2,1.31,3.0,95,1.3,1,100,Moderate or heavy rain shower
566700,2015-04-03 07:30:00,2015-04-03 09:22:00,WOLFE CO.,LEE CITY,0.69,0.94,LEE CITY,37.74,-83.33,37.7475,-83.3348,2015,112.0,1.87,0,0,1000,0,0,0,-0.7,277.58,2015-04-03 11:15:45,2015-04-03 23:58:05,16.13,103.28,Full Moon,97.95,41,Deciduous Forest,324.33,0,MAM,0.81,El Nino,0.38447833,0.41945836,0.37699997,0.39845827,48.567764,58.272354,45.89735,54.4886,68.0,46.7,60.3,15.0,0.88,3.0,95,1.0,1,100,Moderate or heavy rain shower
566701,2015-04-03 07:50:00,2015-04-03 09:23:00,ESTILL CO.,IRVINE,0.69,0.65,IRVINE,37.71,-83.97,37.7072,-83.9716,2015,93.0,1.55,0,0,1000,0,0,0,-0.31,277.19,2015-04-03 11:18:20,2015-04-04 00:00:37,15.64,102.85,Full Moon,97.95,23,"Developed, Medium Intensity",201.476,75,MAM,0.81,El Nino,0.35953417,0.4079167,0.34808338,0.38266668,49.257614,58.78265,46.5389,55.4039,64.8,44.1,59.1,13.2,1.22,3.0,95,1.1,1,100,Moderate or heavy rain shower
566703,2015-04-03 07:57:00,2015-04-03 09:23:00,JACKSON CO.,CLOVER BOTTOM,1.78,1.49,EGLON,37.49,-84.12,37.4796,-84.1189,2015,86.0,1.43,0,0,1000,0,0,0,-0.24,277.09,2015-04-03 11:19:05,2015-04-03 00:00:11,15.58,102.68,Full Moon,97.95,41,Deciduous Forest,377.938,0,MAM,0.81,El Nino,0.35999337,0.40608335,0.35149992,0.37375,48.17653,57.75365,45.49115,54.191147,68.0,46.3,60.0,13.2,1.06,3.0,95,1.2,1,100,Moderate or heavy rain shower
566704,2015-04-03 08:07:00,2015-04-03 09:23:00,JACKSON CO.,CLOVER BOTTOM,1.76,2.01,CLOVER BOTTOM,37.48,-84.13,37.4879,-84.13,2015,76.0,1.27,0,0,1000,0,0,0,-0.23,277.08,2015-04-03 11:19:07,2015-04-03 00:00:13,15.57,102.67,Full Moon,97.95,81,Pasture/Hay,367.847,0,MAM,0.81,El Nino,0.35999337,0.40608335,0.35149992,0.37375,47.907425,57.48455,45.22205,53.922047,68.0,46.3,60.0,13.2,1.06,3.0,95,1.2,1,100,Moderate or heavy rain shower
566747,2015-04-03 08:30:00,2015-04-03 09:22:00,ESTILL CO.,CRYSTAL,1.0,3.2,SHADE,37.6598,-83.8171,37.6219,-83.8216,2015,52.0,0.87,1,0,1000,0,0,0,-0.41,277.28,2015-04-03 11:17:45,2015-04-03 23:59:59,15.77,102.93,Full Moon,97.95,43,Mixed Forest,214.267,0,MAM,0.81,El Nino,0.35951462,0.40595832,0.3484167,0.38208333,49.3847,58.9094,46.69565,55.429398,64.8,44.1,59.1,13.2,1.22,3.0,95,1.1,1,100,Moderate or heavy rain shower
566706,2015-04-03 08:30:00,2015-04-03 09:23:00,FLOYD CO.,BONANZA,0.88,0.63,BONANZA,37.69,-82.86,37.695,-82.861,2015,53.0,0.88,0,0,1000,0,0,0,-0.98,277.87,2015-04-03 11:13:55,2015-04-03 23:56:10,16.5,103.58,Full Moon,97.95,41,Deciduous Forest,212.899,0,MAM,0.81,El Nino,0.36420918,0.3882917,0.36249998,0.36204168,49.648552,59.5175,46.9175,55.7225,68.3,48.3,61.2,15.2,1.31,3.0,95,1.3,1,100,Moderate or heavy rain shower
566707,2015-04-03 08:45:00,2015-04-03 09:23:00,OWSLEY CO.,BOONEVILLE,1.64,1.5,BOONEVILLE,37.48,-83.65,37.4798,-83.6591,2015,38.0,0.63,0,0,1000,0,0,0,-0.53,277.38,2015-04-03 11:17:12,2015-04-03 23:59:11,15.94,102.99,Full Moon,97.95,43,Mixed Forest,228.172,0,MAM,0.81,El Nino,0.4349254,0.4709166,0.42850006,0.44495836,49.438698,59.408455,46.80845,55.13345,67.3,45.9,60.2,13.2,1.0,3.0,95,1.2,1,100,Moderate or heavy rain shower
564709,2015-04-03 08:48:00,2015-04-03 08:48:00,BRECKINRIDGE CO.,HARDINSBURG ARPT,2.87,2.66,HARDINSBURG ARPT,37.8162,-86.4244,37.8165,-86.4211,2015,0.0,0.0,0,0,0,0,0,0,1.35,275.68,2015-04-03 11:28:04,2015-04-03 00:09:36,13.72,101.26,Full Moon,97.95,41,Deciduous Forest,138.01,0,MAM,0.81,El Nino,0.4648954,0.4779166,0.45291662,0.50162494,50.083252,58.88525,47.39525,56.365253,66.1,44.0,58.7,13.4,2.55,4.0,96,3.2,1,100,Moderate or heavy rain shower
564714,2015-04-03 08:48:00,2015-04-03 08:48:00,OHIO CO.,BELLS RUN,0.89,1.32,BELLS RUN,37.6028,-86.9142,37.5977,-86.9093,2015,0.0,0.0,0,0,0,0,0,0,1.69,275.39,2015-04-03 11:30:10,2015-04-03 00:11:26,13.38,100.89,Full Moon,97.95,21,"Developed, Open Space",130.833,8,MAM,0.81,El Nino,0.4403392,0.45879164,0.4289584,0.47320834,50.956585,59.13815,48.3644,57.1169,67.8,45.6,59.7,16.6,2.56,3.0,93,2.7,1,100,Moderate or heavy rain shower
566717,2015-04-03 09:00:00,2015-04-03 11:19:00,PIKE CO.,KIMPER,0.88,1.16,KIMPER,37.49,-82.36,37.4772,-82.3578,2015,139.0,2.32,0,0,1000,0,0,0,-1.28,278.17,2015-04-03 11:12:03,2015-04-03 23:54:02,16.94,103.85,Full Moon,97.95,41,Deciduous Forest,473.682,0,MAM,0.81,El Nino,0.35777918,0.36704168,0.35658327,0.35879162,47.30615,57.6548,44.484802,53.5298,70.0,50.9,61.7,13.4,0.93,3.0,94,1.4,1,100,Moderate or heavy rain shower
569334,2015-04-03 09:00:00,2015-04-03 09:30:00,FLOYD CO.,PRESTONSBURG,0.0,0.56,CLIFF,37.67,-82.78,37.681,-82.7816,2015,30.0,0.5,0,0,1000,0,0,0,-1.02,277.92,2015-04-03 11:13:36,2015-04-03 23:55:50,16.57,103.63,Full Moon,97.95,11,Open Water,184.953,0,MAM,0.81,El Nino,0.3641921,0.38570833,0.36295828,0.36125,50.07744,59.956398,47.3414,56.16515,68.3,48.3,61.2,15.2,1.31,3.0,95,1.3,1,100,Moderate or heavy rain shower
566716,2015-04-03 09:00:00,2015-04-03 11:19:00,PIKE CO.,PIKEVILLE,1.3,1.61,SHELBIANA,37.47,-82.5,37.449,-82.4929,2015,139.0,2.32,0,0,1000,0,0,0,-1.2,278.08,2015-04-03 11:12:37,2015-04-03 23:54:35,16.83,103.75,Full Moon,97.95,41,Deciduous Forest,374.15,0,MAM,0.81,El Nino,0.35999545,0.36466667,0.36020842,0.3577083,48.930054,59.289497,46.1045,55.164497,70.0,50.9,61.7,13.4,0.93,3.0,94,1.4,1,100,Moderate or heavy rain shower
564712,2015-04-03 09:48:00,2015-04-03 09:48:00,JEFFERSON CO.,PLEASURE RIDGE PARK,0.73,1.01,SOUTH PARK,38.1493,-85.7667,38.1222,-85.7504,2015,0.0,0.0,0,0,0,0,0,0,0.92,276.08,2015-04-03 11:25:13,2015-04-03 00:07:11,14.16,101.78,Full Moon,97.95,22,"Developed, Low Intensity",139.488,42,MAM,0.81,El Nino,0.43314502,0.45025,0.4227501,0.4630834,49.1183,57.703846,46.588852,54.928852,66.6,45.3,58.9,13.9,2.19,4.0,95,2.7,1,100,Moderate or heavy rain shower
564711,2015-04-03 09:48:00,2015-04-03 09:48:00,FAYETTE CO.,LEXINGTON,0.83,0.69,LEXINGTON,38.0426,-84.512,38.0413,-84.5115,2015,0.0,0.0,0,0,0,0,0,0,0.07,276.86,2015-04-03 11:20:17,2015-04-03 00:02:06,15.15,102.58,Full Moon,97.95,23,"Developed, Medium Intensity",296.016,67,MAM,0.81,El Nino,0.3742696,0.42933333,0.35670832,0.41612497,47.521324,56.226353,45.0176,53.20385,66.4,45.0,58.8,14.4,2.66,3.0,96,1.2,1,100,Moderate or heavy rain shower
564710,2015-04-03 09:48:00,2015-04-03 09:48:00,BULLITT CO.,BARRALLTON,0.5,0.41,BARRALLTON,38.0305,-85.8091,38.0294,-85.8081,2015,0.0,0.0,0,0,1000000,0,0,0,0.94,276.06,2015-04-03 11:25:28,2015-04-03 00:07:17,14.16,101.72,Full Moon,97.95,81,Pasture/Hay,147.42,0,MAM,0.81,El Nino,0.39546418,0.42679176,0.38379171,0.42504168,49.114326,57.631252,46.56125,55.02875,67.5,45.6,59.7,15.0,2.67,4.0,95,1.9,1,100,Moderate or heavy rain shower
564716,2015-04-03 09:48:00,2015-04-03 09:48:00,SPENCER CO.,ELK CREEK,0.16,0.31,ELK CREEK,38.1023,-85.3699,38.1036,-85.3669,2015,0.0,0.0,0,0,0,0,0,0,0.65,276.33,2015-04-03 11:23:40,2015-04-03 00:05:34,14.48,102.03,Full Moon,97.95,81,Pasture/Hay,216.069,0,MAM,0.81,El Nino,0.38583252,0.42625,0.36974993,0.42749998,48.344677,57.44345,45.63095,54.615948,65.5,45.0,58.7,15.4,2.65,3.0,95,1.9,1,100,Moderate or heavy rain shower
564715,2015-04-03 09:48:00,2015-04-03 09:48:00,SHELBY CO.,SHELBYVILLE,0.0,0.42,SNOW HILL,38.22,-85.23,38.2207,-85.2243,2015,0.0,0.0,0,0,0,0,0,0,0.56,276.41,2015-04-03 11:23:02,2015-04-03 00:05:05,14.56,102.15,Full Moon,97.95,21,"Developed, Open Space",221.766,4,MAM,0.81,El Nino,0.38680878,0.428625,0.37058327,0.42850006,47.90049,56.8412,45.2537,53.99495,65.7,45.4,59.2,16.1,2.62,4.0,95,1.7,1,100,Moderate or heavy rain shower
564713,2015-04-03 09:48:00,2015-04-03 09:48:00,MADISON CO.,WHITE HALL,0.13,0.45,WHITE HALL,37.8217,-84.3291,37.8221,-84.3252,2015,0.0,0.0,0,0,0,0,0,0,-0.07,276.97,2015-04-03 11:19:42,2015-04-03 00:01:13,15.34,102.64,Full Moon,97.95,81,Pasture/Hay,280.545,0,MAM,0.81,El Nino,0.36431292,0.4197917,0.34829167,0.40075,48.175514,57.575,45.440002,54.42125,65.8,45.9,59.7,12.5,1.37,4.0,96,1.1,1,100,Moderate or heavy rain shower
569325,2015-04-03 11:00:00,2015-04-03 11:45:00,KNOTT CO.,MOUSIE,2.0,0.98,MOUSIE,37.4467,-82.8661,37.4247,-82.885,2015,45.0,0.75,0,0,1000,0,0,0,-1.0,277.86,2015-04-03 11:14:06,2015-04-03 23:56:02,16.56,103.5,Full Moon,97.95,41,Deciduous Forest,323.976,0,MAM,0.81,El Nino,0.35751835,0.36720836,0.3566666,0.35720825,48.167225,58.260498,45.41675,54.232998,68.3,48.3,61.2,15.2,1.31,3.0,95,1.3,1,100,Moderate or heavy rain shower
569329,2015-04-03 11:00:00,2015-04-03 11:15:00,PIKE CO.,PIKEVILLE,5.0,0.54,MOSSY BOTTOM,37.5312,-82.5845,37.5261,-82.579,2015,15.0,0.25,0,0,1000,0,0,0,-1.15,278.03,2015-04-03 11:12:55,2015-04-03 23:54:57,16.75,103.72,Full Moon,97.95,21,"Developed, Open Space",219.146,0,MAM,0.81,El Nino,0.36170587,0.3629583,0.36304164,0.3567083,49.04649,59.4326,46.213852,55.29635,70.0,50.9,61.7,13.4,0.93,3.0,94,1.4,1,100,Moderate or heavy rain shower
564720,2015-04-03 11:53:00,2015-04-03 11:53:00,TRIMBLE CO.,MONITOR,2.94,2.89,MONITOR,38.6076,-85.2676,38.6049,-85.2635,2015,0.0,0.0,0,0,0,0,0,0,0.62,276.39,2015-04-03 11:22:55,2015-04-03 00:05:29,14.45,102.23,Full Moon,97.95,81,Pasture/Hay,149.698,0,MAM,0.81,El Nino,0.39062417,0.42504168,0.37600002,0.4292917,48.081535,57.325104,45.295097,54.55385,66.4,45.3,57.9,13.9,1.71,3.0,94,1.8,1,100,Moderate or heavy rain shower
564718,2015-04-03 11:53:00,2015-04-03 11:53:00,MEADE CO.,HAYSVILLE,3.72,3.22,PAYNEVILLE,37.926,-86.3098,37.9299,-86.3047,2015,0.0,0.0,0,0,0,0,0,0,1.28,275.75,2015-04-03 11:27:32,2015-04-03 00:09:13,13.79,101.36,Full Moon,97.95,82,Cultivated Crops,185.609,0,MAM,0.81,El Nino,0.46516755,0.47862497,0.45295826,0.5025416,49.46075,58.355,46.7675,55.73,66.1,44.0,58.7,13.4,2.55,4.0,96,3.0,1,100,Moderate or heavy rain shower
564717,2015-04-03 11:53:00,2015-04-03 11:53:00,LINCOLN CO.,WAYNESBURG,8.29,7.83,WAYNESBURG,37.2242,-84.7511,37.2317,-84.7558,2015,0.0,0.0,0,0,0,0,0,0,0.14,276.7,2015-04-03 11:21:46,2015-04-03 00:02:32,15.14,102.19,Full Moon,97.95,81,Pasture/Hay,372.429,0,MAM,0.81,El Nino,0.4442242,0.48704168,0.4289583,0.48229155,48.837276,57.6566,46.35035,54.424095,71.4,47.8,61.3,13.4,0.73,3.0,95,1.0,1,100,Moderate or heavy rain shower
564719,2015-04-03 11:53:00,2015-04-03 11:53:00,OLDHAM CO.,CENTERFIELD,0.58,0.46,WORTH,38.3549,-85.3913,38.3563,-85.3879,2015,0.0,0.0,0,0,0,0,0,0,0.68,276.31,2015-04-03 11:23:35,2015-04-03 00:05:49,14.41,102.08,Full Moon,97.95,81,Pasture/Hay,222.219,0,MAM,0.81,El Nino,0.39160582,0.42658332,0.37695837,0.4301667,47.705864,56.86145,44.95145,54.0977,65.7,44.3,58.0,14.1,1.87,4.0,95,2.0,1,100,Moderate or heavy rain shower
564721,2015-04-03 13:06:00,2015-04-03 13:06:00,FRANKLIN CO.,PEAKS MILL,0.73,0.8,PEAKS MILL,38.3075,-84.8295,38.307,-84.8171,2015,0.0,0.0,0,0,0,0,0,0,0.3,276.66,2015-04-03 11:21:22,2015-04-03 00:03:32,14.85,102.44,Full Moon,97.95,81,Pasture/Hay,153.624,0,MAM,0.81,El Nino,0.38586798,0.42654166,0.37020835,0.42599997,48.51256,57.710007,45.8075,54.721252,66.4,45.4,59.0,17.0,2.62,4.0,95,1.4,1,100,Moderate or heavy rain shower
566719,2015-04-03 16:30:00,2015-04-03 23:30:00,BATH CO.,SALT LICK,0.88,1.28,SALT LICK,38.11,-83.63,38.087,-83.6317,2015,420.0,7.0,0,0,1000,0,0,0,-0.48,277.4,2015-04-03 11:16:43,2015-04-03 23:59:32,15.81,103.19,Full Moon,97.95,41,Deciduous Forest,201.166,0,MAM,0.81,El Nino,0.36621082,0.41633332,0.3523333,0.3970833,48.484062,57.805252,45.80525,54.5615,64.3,45.6,58.8,12.9,2.69,3.0,95,1.2,1,100,Moderate or heavy rain shower
566720,2015-04-03 16:58:00,2015-04-03 23:30:00,BATH CO.,OWINGSVILLE,0.88,1.57,KENDALL SPGS,38.14,-83.76,38.1201,-83.7656,2015,392.0,6.53,0,0,1000,0,0,0,-0.4,277.32,2015-04-03 11:17:13,2015-04-04 00:00:05,15.71,103.11,Full Moon,97.95,82,Cultivated Crops,292.638,0,MAM,0.81,El Nino,0.36635837,0.42158338,0.35066676,0.40174997,47.448536,56.728546,44.766052,53.5523,64.3,45.6,58.8,12.9,2.69,3.0,95,1.2,1,100,Moderate or heavy rain shower
566721,2015-04-03 17:01:00,2015-04-03 23:30:00,MONTGOMERY CO.,MT STERLING,0.69,1.26,MT STERLING,38.06,-83.95,38.0338,-83.9507,2015,389.0,6.48,0,0,1000,0,0,0,-0.29,277.2,2015-04-03 11:18:01,2015-04-04 00:00:47,15.58,102.96,Full Moon,97.95,22,"Developed, Low Intensity",304.116,21,MAM,0.81,El Nino,0.36708963,0.42320836,0.35091665,0.40383327,46.967224,56.1614,44.3039,53.033897,66.4,43.8,59.1,12.2,2.45,3.0,96,1.1,1,100,Moderate or heavy rain shower
566725,2015-04-03 17:05:00,2015-04-03 23:30:00,ROWAN CO.,MOREHEAD,0.88,0.72,BRADY,38.19,-83.44,38.1717,-83.4451,2015,385.0,6.42,0,0,1000,0,0,0,-0.59,277.52,2015-04-03 11:15:54,2015-04-03 23:58:50,15.94,103.34,Full Moon,97.95,24,"Developed, High Intensity",232.571,84,MAM,0.81,El Nino,0.39757124,0.44175002,0.38458335,0.42737505,47.197964,56.51555,44.5643,53.121803,66.5,46.0,58.4,13.0,2.46,4.0,95,1.2,1,100,Moderate or heavy rain shower
566727,2015-04-03 17:08:00,2015-04-03 23:30:00,MONTGOMERY CO.,EWINGTON,1.49,1.27,MT STERLING,38.06,-83.89,38.0411,-83.9101,2015,382.0,6.37,0,0,1000,0,0,0,-0.32,277.24,2015-04-03 11:17:47,2015-04-04 00:00:32,15.63,103.0,Full Moon,97.95,81,Pasture/Hay,271.21,0,MAM,0.81,El Nino,0.36708963,0.42320836,0.35091665,0.40383327,47.306526,56.500698,44.6432,53.3732,66.4,43.8,59.1,12.2,2.45,3.0,96,1.1,1,100,Moderate or heavy rain shower
566726,2015-04-03 17:08:00,2015-04-03 23:30:00,ELLIOTT CO.,BRUIN,0.69,0.81,BRUIN,38.19,-83.02,38.1856,-83.0245,2015,382.0,6.37,0,0,1000,0,0,0,-0.83,277.78,2015-04-03 11:14:13,2015-04-03 23:57:09,16.26,103.62,Full Moon,97.95,41,Deciduous Forest,261.817,0,MAM,0.81,El Nino,0.37257588,0.41458333,0.3631667,0.39083338,47.99049,57.1985,45.371002,53.90225,66.3,46.7,59.0,12.5,2.09,4.0,96,1.3,1,100,Moderate or heavy rain shower
558324,2015-04-03 17:45:00,2015-04-03 21:00:00,LAWRENCE CO.,WEBBVILLE,0.0,1.0,MARTHA,38.18,-82.87,38.0,-82.92,2015,195.0,3.25,0,0,1000000,0,0,0,-0.92,277.88,2015-04-03 11:13:38,2015-04-03 23:56:32,16.38,103.72,Full Moon,97.95,41,Deciduous Forest,305.002,0,MAM,0.81,El Nino,0.40148506,0.436125,0.39258334,0.42045832,47.932625,57.169098,45.3491,53.711597,66.3,46.7,59.0,12.5,2.09,4.0,96,1.3,1,100,Moderate or heavy rain shower
569343,2015-04-07 08:45:00,2015-04-07 11:21:00,KNOX CO.,CAMP GROUNDS,1.58,1.35,MOORE HILL,36.9531,-84.0894,36.9517,-84.0885,2015,156.0,2.6,0,0,1000,0,0,0,0.26,278.49,2015-04-07 11:13:30,2015-04-07 00:03:13,-26.63,87.59,Waning Gibbous,94.14,23,"Developed, Medium Intensity",326.669,75,MAM,0.81,El Nino,0.4148946,0.45408335,0.40141675,0.44804168,51.14818,58.541904,49.2419,55.2194,67.7,55.2,61.3,9.2,0.58,3.0,96,2.5,1,100,Moderate or heavy rain shower
569346,2015-04-07 09:10:00,2015-04-07 10:10:00,KNOX CO.,BARBOURVILLE,0.34,0.45,BOONE HGTS,36.8685,-83.8859,36.8654,-83.8544,2015,60.0,1.0,0,0,1000,0,0,0,0.11,278.61,2015-04-07 11:12:45,2015-04-07 00:02:20,-26.47,87.75,Waning Gibbous,94.14,41,Deciduous Forest,327.398,0,MAM,0.81,El Nino,0.44879004,0.48724994,0.43412504,0.48625004,51.530937,58.68245,49.6937,55.446198,66.9,54.3,60.6,7.8,0.72,2.0,97,1.6,1,100,Moderate or heavy rain shower
569347,2015-04-07 10:28:00,2015-04-07 10:58:00,KNOX CO.,BOONE HGTS,0.73,1.24,BOONE HGTS,36.8605,-83.8512,36.857,-83.8423,2015,30.0,0.5,0,0,1000,0,0,0,0.09,278.63,2015-04-07 11:12:37,2015-04-07 00:02:12,-26.44,87.78,Waning Gibbous,94.14,23,"Developed, Medium Intensity",303.182,65,MAM,0.81,El Nino,0.44879004,0.48724994,0.43412504,0.48625004,51.390537,58.54205,49.5533,55.3058,66.9,54.3,60.6,7.8,0.72,2.0,97,1.6,1,100,Moderate or heavy rain shower
564734,2015-04-07 17:45:00,2015-04-07 17:45:00,FRANKLIN CO.,HARVIELAND,2.64,2.53,OTTUSVILLE,38.28,-84.87,38.2832,-84.8671,2015,0.0,0.0,0,0,10000,0,0,0,0.95,278.01,2015-04-07 11:15:31,2015-04-07 00:07:25,-27.17,86.45,Waning Gibbous,94.14,81,Pasture/Hay,151.513,0,MAM,0.81,El Nino,0.39343047,0.40854165,0.39016664,0.39958334,50.234226,59.3897,47.76095,55.6622,71.4,57.4,63.1,8.9,0.69,2.0,96,1.3,1,100,Moderate or heavy rain shower
569335,2015-04-07 18:50:00,2015-04-07 19:30:00,ESTILL CO.,IRVINE,0.0,0.76,SOUTH IRVINE,37.7,-83.97,37.6681,-83.9754,2015,40.0,0.67,0,0,1000,0,0,0,0.27,278.56,2015-04-07 11:12:24,2015-04-07 00:03:20,-26.5,87.3,Waning Gibbous,94.14,81,Pasture/Hay,191.108,0,MAM,0.81,El Nino,0.3608733,0.39870837,0.34999993,0.3855417,50.300148,58.79525,48.00275,55.34525,71.1,56.5,61.8,9.7,0.55,2.0,96,1.6,1,100,Moderate or heavy rain shower
569336,2015-04-07 19:10:00,2015-04-07 19:40:00,ESTILL CO.,RAVENNA,0.69,0.27,RAVENNA,37.69,-83.95,37.6803,-83.938,2015,30.0,0.5,0,0,1000,0,0,0,0.26,278.58,2015-04-07 11:12:20,2015-04-07 00:03:15,-26.48,87.32,Waning Gibbous,94.14,90,Woody Wetlands,188.976,0,MAM,0.81,El Nino,0.35989332,0.39820835,0.349125,0.38404167,49.227276,57.6857,46.94195,54.243202,71.1,56.5,61.8,9.7,0.55,2.0,96,1.6,1,100,Moderate or heavy rain shower
569337,2015-04-07 19:44:00,2015-04-07 20:44:00,ESTILL CO.,IRVINE,0.0,0.6,STATION CAMP,37.7,-83.97,37.6627,-83.9637,2015,60.0,1.0,0,0,1000,0,0,0,0.27,278.56,2015-04-07 11:12:24,2015-04-07 00:03:20,-26.5,87.3,Waning Gibbous,94.14,82,Cultivated Crops,190.804,0,MAM,0.81,El Nino,0.3608733,0.39870837,0.34999993,0.3855417,50.300148,58.79525,48.00275,55.34525,71.1,56.5,61.8,9.7,0.55,2.0,96,1.6,1,100,Moderate or heavy rain shower
569338,2015-04-07 19:59:00,2015-04-07 20:30:00,ESTILL CO.,RAVENNA,1.29,0.75,MILLERS CREEK,37.69,-83.93,37.6864,-83.907,2015,31.0,0.52,0,0,1000,0,0,0,0.24,278.59,2015-04-07 11:12:15,2015-04-07 00:03:10,-26.47,87.33,Waning Gibbous,94.14,41,Deciduous Forest,356.309,0,MAM,0.81,El Nino,0.35989332,0.39820835,0.349125,0.38404167,50.993973,59.4524,48.70865,56.009895,71.1,56.5,61.8,9.7,0.55,2.0,96,1.6,1,100,Moderate or heavy rain shower
565631,2015-04-08 17:00:00,2015-04-08 19:00:00,OWEN CO.,NEW,3.51,1.62,TRUESVILLE,38.47,-84.84,38.37,-84.84,2015,120.0,2.0,0,0,0,0,0,0,1.12,278.36,2015-04-08 11:13:44,2015-04-08 00:08:24,-37.57,80.69,Waning Gibbous,88.58,21,"Developed, Open Space",167.962,0,MAM,0.81,El Nino,0.40612248,0.41350007,0.39987504,0.42508337,50.13965,59.972603,47.36135,56.387604,77.0,59.5,65.4,10.4,0.47,4.0,94,2.0,1,100,Moderate or heavy rain shower
570937,2015-05-17 15:52:00,2015-05-17 17:00:00,TODD CO.,NORTH ZION,2.13,1.46,PEA RIDGE,36.7639,-87.1357,36.8599,-87.101,2015,68.0,1.13,0,0,20000,0,0,0,8.55,287.7,2015-05-17 10:39:23,2015-05-17 00:50:05,-7.98,291.15,New Moon,1.91,22,"Developed, Low Intensity",230.065,34,AMJ,1.02,El Nino,0.41570342,0.44495836,0.42449996,0.3757917,64.116684,71.553955,62.0852,68.60271,82.4,67.1,73.6,11.0,0.3,5.0,83,9.6,1,100,Moderate or heavy rain shower
570936,2015-05-17 15:55:00,2015-05-17 17:00:00,CHRISTIAN CO.,PEMBROKE,1.98,2.07,PEMBROKE,36.7571,-87.3715,36.7936,-87.3866,2015,65.0,1.08,0,0,3000,0,0,0,8.73,287.57,2015-05-17 10:40:20,2015-05-17 00:51:01,-7.8,291.0,New Moon,1.91,82,Cultivated Crops,175.783,0,AMJ,1.02,El Nino,0.4099779,0.4492917,0.4195417,0.3640833,63.734226,70.857956,61.7492,68.16545,82.6,67.8,73.5,13.6,0.32,5.0,82,9.4,1,100,Moderate or heavy rain shower
582701,2015-06-03 18:10:00,2015-06-03 20:00:00,PIKE CO.,ROBINSON CREEK,0.88,1.07,PENNY,37.39,-82.56,37.379,-82.564,2015,110.0,1.83,0,0,1000,0,0,0,7.48,292.43,2015-06-03 10:10:12,2015-06-03 00:46:11,-9.33,106.32,Full Moon,99.72,41,Deciduous Forest,421.877,0,MJJ,1.25,El Nino,0.28681126,0.32125002,0.28062505,0.29654172,64.517334,66.5528,64.09656,65.281555,77.8,54.7,66.0,5.1,0.01,4.0,81,10.4,1,100,Patchy rain possible
575804,2015-06-18 17:18:00,2015-06-18 17:18:00,JEFFERSON CO.,LOUISVILLE,1.76,1.66,LOUISVILLE,38.21,-85.76,38.2114,-85.7628,2015,0.0,0.0,0,0,0,0,0,0,11.33,291.0,2015-06-18 10:19:13,2015-06-18 01:08:50,21.09,275.85,New Moon,2.46,23,"Developed, Medium Intensity",140.215,79,MJJ,1.25,El Nino,0.317165,0.358,0.32175002,0.2878334,71.50307,78.645805,69.33456,76.55705,88.0,69.3,77.4,6.7,0.25,4.0,85,11.1,1,100,Moderate or heavy rain shower
575808,2015-06-18 17:36:00,2015-06-18 17:36:00,SCOTT CO.,GREAT CROSSING,2.14,1.88,GREAT CROSSING,38.25,-84.59,38.2509,-84.5883,2015,0.0,0.0,0,0,0,0,0,0,10.5,291.66,2015-06-18 10:14:25,2015-06-18 01:04:16,20.17,276.52,New Moon,2.46,21,"Developed, Open Space",265.508,11,MJJ,1.25,El Nino,0.26551208,0.32795832,0.26449993,0.24816667,70.02692,76.585556,67.9718,74.886795,88.7,68.9,76.9,7.8,0.44,5.0,81,10.5,1,100,Moderate or heavy rain shower
579525,2015-06-21 20:14:00,2015-06-21 22:15:00,DAVIESS CO.,OWENSBORO,2.07,0.74,OWENSBORO,37.7789,-87.0838,37.7859,-87.1381,2015,121.0,2.02,0,0,0,0,0,0,12.3,290.29,2015-06-21 10:26:20,2015-06-21 01:13:38,45.34,242.98,Waxing Crescent,19.43,11,Open Water,109.728,0,MJJ,1.25,El Nino,0.30603418,0.3711667,0.28087503,0.37058333,72.23154,78.28774,70.67149,75.56151,89.8,72.1,79.8,9.8,0.03,5.0,80,12.4,1,100,Moderate rain at times
576534,2015-06-26 00:24:00,2015-06-26 00:24:00,JEFFERSON CO.,MEADOW LAWN,0.0,0.27,MEADOW LAWN,38.05,-85.9,38.0558,-85.8938,2015,0.0,0.0,0,0,10000,0,0,0,11.68,290.7,2015-06-26 10:22:10,2015-06-26 01:10:33,42.99,163.48,Waxing Gibbous,64.61,22,"Developed, Low Intensity",134.319,32,MJJ,1.25,El Nino,0.3330992,0.40404165,0.3111249,0.3847917,71.70507,75.2135,70.44351,74.861,84.3,69.5,74.9,6.5,1.19,4.0,90,7.2,1,100,Patchy rain possible
576536,2015-06-26 02:06:00,2015-06-26 02:06:00,MADISON CO.,BUGGYTOWN,2.15,2.02,BUGGYTOWN,37.61,-84.4,37.6096,-84.3969,2015,0.0,0.0,0,0,0,0,0,0,10.43,291.61,2015-06-26 10:17:30,2015-06-26 01:03:13,43.74,165.39,Waxing Gibbous,64.61,21,"Developed, Open Space",256.274,8,MJJ,1.25,El Nino,0.28516254,0.37800002,0.26599994,0.31991667,71.17794,74.92475,69.903496,74.2985,83.8,70.0,74.8,5.4,0.36,5.0,86,8.2,1,100,Moderate or heavy rain shower
576537,2015-06-26 02:10:00,2015-06-26 02:10:00,MADISON CO.,MIDDLETOWN,0.55,1.29,ASBURY,37.58,-84.29,37.5737,-84.2976,2015,0.0,0.0,0,0,0,0,0,0,10.34,291.68,2015-06-26 10:17:09,2015-06-26 01:02:41,43.8,165.53,Waxing Gibbous,64.61,22,"Developed, Low Intensity",290.346,37,MJJ,1.25,El Nino,0.28075126,0.376875,0.26200005,0.313,70.68793,74.4884,69.39591,73.85091,83.8,70.0,74.8,5.4,0.36,5.0,86,8.2,1,100,Moderate or heavy rain shower
576538,2015-06-26 03:00:00,2015-06-26 03:00:00,GARRARD CO.,COY,2.07,1.88,COY,37.7,-84.53,37.7073,-84.527,2015,0.0,0.0,0,0,0,0,0,0,10.56,291.53,2015-06-26 10:17:45,2015-06-26 01:04:01,43.63,165.23,Waxing Gibbous,64.61,41,Deciduous Forest,267.291,0,MJJ,1.25,El Nino,0.29406834,0.3874583,0.26970834,0.34645844,70.7183,74.4299,69.47615,73.7399,83.7,70.9,74.8,5.7,0.28,5.0,87,7.7,1,100,Moderate or heavy rain shower
579552,2015-06-26 14:00:00,2015-06-26 15:00:00,CARLISLE CO.,CUNNINGHAM,0.55,1.73,MAGEE SPGS,36.92,-88.87,36.923,-88.9501,2015,60.0,1.0,0,0,0,0,0,0,13.5,289.3,2015-06-26 10:37:26,2015-06-26 01:19:03,43.31,159.18,Waxing Gibbous,64.61,82,Cultivated Crops,114.474,0,MJJ,1.25,El Nino,0.32776913,0.33241665,0.32608327,0.33200005,75.72417,82.141396,73.6289,80.768906,87.8,70.3,77.9,8.7,1.06,5.0,85,10.9,1,100,Moderate or heavy rain shower
579557,2015-06-26 14:30:00,2015-06-26 16:24:00,GRAVES CO.,WEST VIOLA,1.91,0.95,HICKORY,36.8324,-88.6765,36.7768,-88.6659,2015,114.0,1.9,0,0,0,0,0,0,13.33,289.43,2015-06-26 10:36:55,2015-06-26 01:18:01,43.45,159.41,Waxing Gibbous,64.61,41,Deciduous Forest,157.394,0,MJJ,1.25,El Nino,0.3151417,0.3067917,0.31625,0.31412497,75.111946,81.69679,72.99304,80.18181,89.1,71.1,79.0,7.6,0.68,5.0,84,11.2,1,100,Moderate or heavy rain shower
579554,2015-06-26 15:05:00,2015-06-26 16:15:00,HICKMAN CO.,SOUTH COLUMBUS,0.81,2.96,OAKTON,36.7526,-89.0857,36.7158,-89.0607,2015,70.0,1.17,0,0,0,0,0,0,13.61,289.23,2015-06-26 10:38:47,2015-06-26 01:19:25,43.41,158.84,Waxing Gibbous,64.61,82,Cultivated Crops,111.349,0,MJJ,1.25,El Nino,0.32492295,0.3182917,0.32537493,0.32558334,75.303955,81.94685,73.17559,80.386856,88.5,71.1,79.2,8.5,0.74,5.0,83,10.6,1,100,Heavy rain at times
574805,2015-06-29 17:50:00,2015-06-29 18:50:00,GREENUP CO.,GREENUP,0.64,1.73,LOAD,38.5711,-82.8333,38.5664,-82.9735,2015,60.0,1.0,0,0,15000,0,0,0,9.69,292.16,2015-06-29 10:09:26,2015-06-29 01:00:01,21.52,134.88,Waxing Gibbous,88.94,41,Deciduous Forest,230.022,0,MJJ,1.25,El Nino,0.27423957,0.3425834,0.25287494,0.32470834,68.45896,68.4998,68.33479,68.87105,78.3,59.1,67.3,10.5,0.34,5.0,81,8.3,1,100,Moderate or heavy rain shower
583509,2015-07-01 19:15:00,2015-07-01 22:00:00,PULASKI CO.,FAUBUSH,0.62,0.61,FAUBUSH,37.0713,-84.8088,37.0606,-84.8092,2015,165.0,2.75,0,0,1000,0,0,0,10.58,291.15,2015-07-01 10:22:42,2015-07-01 01:03:21,2.81,116.29,Full Moon,98.32,81,Pasture/Hay,322.37,0,JJA,1.57,El Nino,0.3870242,0.47566667,0.36487487,0.4334166,68.80077,71.0816,68.051605,70.6091,81.9,64.8,70.5,9.2,0.3,5.0,91,6.7,1,100,Moderate or heavy rain shower
583510,2015-07-01 20:15:00,2015-07-01 23:06:00,PULASKI CO.,BOURBON,0.59,0.68,SHEPOLA,37.0535,-84.6104,37.0595,-84.6717,2015,171.0,2.85,0,0,5000,0,0,0,10.43,291.26,2015-07-01 10:21:58,2015-07-01 01:02:31,2.95,116.42,Full Moon,98.32,82,Cultivated Crops,284.947,0,JJA,1.57,El Nino,0.38868502,0.47474995,0.368,0.43091664,69.32368,71.63015,68.577644,71.11265,81.9,64.8,70.5,9.2,0.3,5.0,91,6.8,1,100,Moderate or heavy rain shower
583512,2015-07-01 21:20:00,2015-07-01 23:00:00,JACKSON CO.,ANNVILLE,0.55,0.49,ANNVILLE,37.32,-83.96,37.3207,-83.9603,2015,100.0,1.67,0,0,1000,0,0,0,10.05,291.58,2015-07-01 10:18:35,2015-07-01 01:00:41,3.28,116.84,Full Moon,98.32,22,"Developed, Low Intensity",333.669,48,JJA,1.57,El Nino,0.29801878,0.38712505,0.28100002,0.32666662,68.767365,70.7009,68.11716,70.35216,82.4,63.5,70.3,9.6,0.4,5.0,89,6.4,1,100,Moderate or heavy rain shower
583635,2015-07-02 14:51:00,2015-07-02 14:51:00,BUTLER CO.,REGION,2.73,2.62,REGION,37.2462,-86.4329,37.2462,-86.4379,2015,0.0,0.0,0,0,0,0,0,0,11.85,290.14,2015-07-02 10:29:09,2015-07-02 01:10:18,-8.55,107.09,Full Moon,99.8,81,Pasture/Hay,134.471,0,JJA,1.57,El Nino,0.41470206,0.4652083,0.39208338,0.4754167,70.803276,72.033356,70.30086,72.11585,79.3,67.6,72.2,6.7,1.03,5.0,93,5.4,1,100,Moderate or heavy rain shower
583637,2015-07-02 15:14:00,2015-07-02 15:14:00,BARREN CO.,HAYWOOD,1.49,2.42,HAYWOOD,36.97,-85.96,36.9756,-85.9697,2015,0.0,0.0,0,0,0,0,0,0,11.4,290.45,2015-07-02 10:28:04,2015-07-02 01:07:36,-8.1,107.39,Full Moon,99.8,81,Pasture/Hay,220.848,0,JJA,1.57,El Nino,0.40388253,0.48999998,0.37508333,0.47391665,70.33358,71.73545,69.80046,71.69421,78.4,67.1,71.1,6.9,0.67,5.0,96,5.3,1,100,Moderate or heavy rain shower
583638,2015-07-02 16:08:00,2015-07-02 16:08:00,BARREN CO.,LECTA,1.81,1.77,LECTA,37.0101,-85.8804,37.0163,-85.8644,2015,0.0,0.0,0,0,0,0,0,0,11.35,290.49,2015-07-02 10:27:38,2015-07-02 01:07:24,-8.05,107.43,Full Moon,99.8,81,Pasture/Hay,230.858,0,JJA,1.57,El Nino,0.40616754,0.488875,0.37733328,0.47745836,70.277145,71.70725,69.738495,71.647255,78.4,67.1,71.1,6.9,0.67,5.0,96,5.3,1,100,Moderate or heavy rain shower
583639,2015-07-02 16:20:00,2015-07-02 16:20:00,BARREN CO.,GLASGOW,1.18,1.1,GLASGOW,36.9669,-85.9136,36.9673,-85.9111,2015,0.0,0.0,0,0,0,0,0,0,11.36,290.48,2015-07-02 10:27:53,2015-07-02 01:07:24,-8.07,107.42,Full Moon,99.8,81,Pasture/Hay,225.622,0,JJA,1.57,El Nino,0.40616754,0.488875,0.37733328,0.47745836,70.17185,71.60195,69.633194,71.54195,78.4,67.1,71.1,6.9,0.67,5.0,96,5.3,1,100,Moderate or heavy rain shower
583526,2015-07-02 17:15:00,2015-07-02 19:25:00,MONTGOMERY CO.,MT STERLING,0.88,0.59,REID VLG,38.06,-83.96,38.0535,-83.9718,2015,130.0,2.17,0,0,1000,0,0,0,10.31,291.37,2015-07-02 10:16:50,2015-07-02 01:02:49,-6.87,108.43,Full Moon,99.8,41,Deciduous Forest,311.627,0,JJA,1.57,El Nino,0.30446625,0.40862498,0.27350006,0.3759167,67.67255,69.16475,67.0835,69.194756,75.2,64.9,69.5,5.1,0.7,5.0,95,4.6,1,100,Moderate or heavy rain shower
583569,2015-07-02 23:23:00,2015-07-03 01:15:00,LAUREL CO.,LONDON,0.35,0.41,LONDON,37.1338,-84.0759,37.1332,-84.0756,2015,112.0,1.87,0,0,1000,0,0,0,10.06,291.46,2015-07-02 10:20:03,2015-07-02 01:00:32,-6.65,108.46,Full Moon,99.8,23,"Developed, Medium Intensity",357.648,41,JJA,1.57,El Nino,0.37680134,0.46237496,0.35204172,0.43316662,68.034195,68.99,67.583755,69.26,74.2,63.1,68.6,6.9,0.51,4.0,94,6.3,1,100,Moderate or heavy rain shower
583547,2015-07-03 04:12:00,2015-07-03 06:00:00,POWELL CO.,WALTERSVILLE,1.53,1.65,VIRDEN,37.8502,-83.9424,37.8736,-83.9555,2015,108.0,1.8,0,0,1000,0,0,0,10.21,291.33,2015-07-03 10:17:53,2015-07-03 01:02:01,-16.5,99.44,Full Moon,98.77,41,Deciduous Forest,207.609,0,JJA,1.57,El Nino,0.30694833,0.4115834,0.26883337,0.40275002,68.97114,71.4809,68.30466,70.41965,77.1,63.7,69.4,5.4,0.64,4.0,97,3.5,1,100,Moderate or heavy rain shower
583553,2015-07-03 10:25:00,2015-07-03 13:15:00,LAUREL CO.,LONDON,0.0,2.42,LONDON,37.13,-84.08,37.1406,-84.0834,2015,170.0,2.83,0,0,1000,0,0,0,10.06,291.37,2015-07-03 10:20:33,2015-07-03 01:00:27,-16.49,99.55,Full Moon,98.77,21,"Developed, Open Space",385.036,9,JJA,1.57,El Nino,0.3864467,0.47691664,0.3546667,0.46525,67.90666,70.1174,67.323654,69.16865,75.6,66.6,69.7,7.6,0.96,4.0,97,2.8,1,100,Moderate or heavy rain shower
583640,2015-07-03 10:50:00,2015-07-03 10:50:00,TAYLOR CO.,CAMPBELLSVILLE,0.67,0.77,CAMPBELLSVILLE ARPT,37.3382,-85.3434,37.3472,-85.3281,2015,0.0,0.0,0,0,0,0,0,0,11.06,290.64,2015-07-03 10:25:00,2015-07-03 01:06:07,-17.51,98.78,Full Moon,98.77,21,"Developed, Open Space",247.734,15,JJA,1.57,El Nino,0.4146671,0.4832084,0.3856667,0.49125,69.36695,72.3293,68.61304,70.9643,76.9,66.2,71.3,8.7,0.75,4.0,96,3.5,1,100,Moderate or heavy rain shower
583556,2015-07-03 12:04:00,2015-07-03 13:15:00,LAUREL CO.,PINE GROVE,0.97,0.79,PINE GROVE,37.083,-84.1066,37.0816,-84.1069,2015,71.0,1.18,0,0,1000,0,0,0,10.06,291.37,2015-07-03 10:20:48,2015-07-03 01:00:25,-16.5,99.55,Full Moon,98.77,21,"Developed, Open Space",350.395,10,JJA,1.57,El Nino,0.3864467,0.47691664,0.3546667,0.46525,68.08216,70.2929,67.49915,69.34415,75.6,66.6,69.7,7.6,0.96,4.0,97,2.8,1,100,Moderate or heavy rain shower
583559,2015-07-03 13:18:00,2015-07-03 15:45:00,POWELL CO.,WALTERSVILLE,0.85,0.88,VIRDEN,37.8821,-83.9275,37.8966,-83.925,2015,147.0,2.45,0,0,1000,0,0,0,10.22,291.33,2015-07-03 10:17:44,2015-07-03 01:02:03,-16.49,99.44,Full Moon,98.77,81,Pasture/Hay,210.622,0,JJA,1.57,El Nino,0.30694833,0.4115834,0.26883337,0.40275002,68.85413,71.3639,68.18765,70.30264,77.1,63.7,69.4,5.4,0.64,4.0,97,3.5,1,100,Moderate or heavy rain shower
583560,2015-07-03 13:25:00,2015-07-03 15:45:00,MONTGOMERY CO.,LUCKY STOP,0.54,0.78,LUCKY STOP,37.97,-83.83,37.9682,-83.8314,2015,140.0,2.33,0,0,1000,0,0,0,10.18,291.37,2015-07-03 10:17:05,2015-07-03 01:01:55,-16.43,99.47,Full Moon,98.77,81,Pasture/Hay,242.017,0,JJA,1.57,El Nino,0.30414623,0.41062498,0.26566663,0.4005833,68.372375,70.92365,67.67991,69.89615,76.1,64.3,69.0,4.7,0.65,4.0,96,3.7,1,100,Moderate or heavy rain shower
583641,2015-07-03 14:44:00,2015-07-03 14:44:00,BUTLER CO.,REGION,1.3,2.9,REGION,37.23,-86.45,37.248,-86.4454,2015,0.0,0.0,0,0,0,0,0,0,11.84,290.05,2015-07-03 10:29:45,2015-07-03 01:10:13,-18.36,98.18,Full Moon,98.77,81,Pasture/Hay,138.852,0,JJA,1.57,El Nino,0.4261808,0.47145844,0.405,0.4837083,70.398766,72.34355,69.82731,71.70981,78.8,66.8,72.4,9.2,0.69,3.0,93,5.8,1,100,Moderate or heavy rain shower
583642,2015-07-03 15:13:00,2015-07-03 15:13:00,EDMONSON CO.,BROWNSVILLE,0.88,1.65,BROWNSVILLE,37.19,-86.26,37.2074,-86.2574,2015,0.0,0.0,0,0,0,0,0,0,11.69,290.16,2015-07-03 10:29:06,2015-07-03 01:09:21,-18.2,98.3,Full Moon,98.77,41,Deciduous Forest,183.606,0,JJA,1.57,El Nino,0.42837796,0.48229167,0.4035833,0.49541664,70.26118,72.31071,69.6632,71.62819,79.3,67.5,72.6,9.2,0.84,3.0,93,5.0,1,100,Moderate or heavy rain shower
583643,2015-07-03 15:37:00,2015-07-03 15:37:00,FAYETTE CO.,LEXINGTON,1.8,1.59,LEXINGTON,38.0472,-84.4672,38.0647,-84.4873,2015,0.0,0.0,0,0,0,0,0,0,10.67,291.0,2015-07-03 10:19:24,2015-07-03 01:04:42,-16.94,99.08,Full Moon,98.77,21,"Developed, Open Space",302.585,10,JJA,1.57,El Nino,0.33383623,0.41775,0.30145833,0.416875,68.37065,71.43155,67.5653,70.11155,76.1,65.4,69.3,5.1,0.63,3.0,97,3.5,1,100,Moderate or heavy rain shower
588933,2015-07-03 15:45:00,2015-07-03 16:55:00,CHRISTIAN CO.,POD,3.41,0.82,ERA,37.0925,-87.5899,37.024,-87.5926,2015,70.0,1.17,0,0,0,0,0,0,12.65,289.46,2015-07-03 10:34:43,2015-07-03 01:14:23,-19.24,97.57,Full Moon,98.77,41,Deciduous Forest,141.947,0,JJA,1.57,El Nino,0.43535832,0.48545834,0.41616663,0.4844583,71.57652,73.750244,70.904,73.157745,79.7,66.9,72.8,9.4,0.69,5.0,89,6.8,1,100,Moderate or heavy rain shower
583644,2015-07-03 15:49:00,2015-07-03 15:49:00,FAYETTE CO.,SOUTH ELKHORN,0.85,1.63,SOUTH ELKHORN,37.9881,-84.5839,38.0021,-84.5851,2015,0.0,0.0,0,0,0,0,0,0,10.73,290.95,2015-07-03 10:20:03,2015-07-03 01:05:00,-17.02,99.03,Full Moon,98.77,41,Deciduous Forest,275.705,0,JJA,1.57,El Nino,0.33630583,0.41395834,0.30579168,0.41504166,68.19984,71.2127,67.39895,69.94145,76.4,64.4,69.6,4.7,0.63,3.0,97,3.7,1,100,Moderate or heavy rain shower
583645,2015-07-03 16:16:00,2015-07-03 16:16:00,MERCER CO.,HARRODSBURG,0.54,0.55,HARRODSBURG,37.7572,-84.8539,37.7594,-84.8538,2015,0.0,0.0,0,0,0,0,0,0,10.85,290.84,2015-07-03 10:21:49,2015-07-03 01:05:23,-17.19,98.94,Full Moon,98.77,23,"Developed, Medium Intensity",278.785,56,JJA,1.57,El Nino,0.35375917,0.4145417,0.32912496,0.41795835,69.04145,72.12395,68.253944,70.71395,77.0,66.3,70.4,5.6,0.45,4.0,96,3.5,1,100,Moderate or heavy rain shower
583646,2015-07-03 16:43:00,2015-07-03 16:43:00,LARUE CO.,HODGENVILLE,0.55,0.81,HODGENVILLE,37.57,-85.74,37.5813,-85.7493,2015,0.0,0.0,0,0,0,0,0,0,11.44,290.38,2015-07-03 10:25:55,2015-07-03 01:08:23,-17.85,98.48,Full Moon,98.77,21,"Developed, Open Space",216.518,11,JJA,1.57,El Nino,0.3376225,0.41487503,0.3083333,0.41229168,69.359566,72.075195,68.65894,70.856445,77.7,65.7,71.4,8.5,0.42,3.0,95,4.4,1,100,Moderate or heavy rain shower
583647,2015-07-03 17:40:00,2015-07-03 17:40:00,LARUE CO.,HODGENVILLE,0.24,0.55,HODGENVILLE,37.5733,-85.7515,37.5774,-85.751,2015,0.0,0.0,0,0,0,0,0,0,11.44,290.37,2015-07-03 10:25:57,2015-07-03 01:08:26,-17.86,98.47,Full Moon,98.77,82,Cultivated Crops,215.063,0,JJA,1.57,El Nino,0.41863498,0.46712503,0.39900008,0.46979165,69.87141,72.92285,69.10909,71.46785,77.7,65.7,71.4,8.5,0.42,3.0,95,4.4,1,100,Moderate or heavy rain shower
575665,2015-07-03 18:00:00,2015-07-03 20:00:00,CARTER CO.,UPPER TYGART,0.0,1.75,OLIVE HILL,38.3,-83.28,38.2878,-83.1535,2015,120.0,2.0,0,0,100000,0,0,0,9.9,291.63,2015-07-03 10:13:53,2015-07-03 01:00:43,-16.06,99.7,Full Moon,98.77,71,Grassland/Herbaceous,308.24,0,JJA,1.57,El Nino,0.28832087,0.40658334,0.25387505,0.36699998,68.25249,70.55345,67.55346,69.8822,75.7,63.7,68.6,4.7,0.98,4.0,96,2.8,1,100,Moderate or heavy rain shower
588935,2015-07-03 18:30:00,2015-07-03 21:30:00,DAVIESS CO.,MOSELEYVILLE,0.0,0.0,PANTHER,37.67,-87.2,37.6113,-87.1976,2015,180.0,3.0,1,0,20000,0,0,0,12.55,289.55,2015-07-03 10:31:27,2015-07-03 01:14:31,-19.01,97.61,Full Moon,98.77,81,Pasture/Hay,138.096,0,JJA,1.57,El Nino,0.34738085,0.41958335,0.32054165,0.41533336,71.41086,73.982605,70.68636,73.0376,78.6,66.4,72.6,7.4,0.56,4.0,89,9.5,1,100,Moderate or heavy rain shower
585376,2015-07-03 18:44:00,2015-07-03 18:44:00,BRECKINRIDGE CO.,HARDINSBURG ARPT,2.14,3.74,HARDINSBURG ARPT,37.81,-86.44,37.8106,-86.4504,2015,0.0,0.0,0,0,0,0,0,0,12.03,289.94,2015-07-03 10:28:00,2015-07-03 01:11:53,-18.43,98.0,Full Moon,98.77,81,Pasture/Hay,223.389,0,JJA,1.57,El Nino,0.43252838,0.47245833,0.4111667,0.49245837,69.19669,71.971405,68.4239,70.9214,75.7,64.8,71.1,6.7,0.52,2.0,94,5.9,1,100,Moderate or heavy rain shower
585379,2015-07-03 18:57:00,2015-07-03 18:57:00,OHIO CO.,HARTFORD,1.65,1.43,HARTFORD,37.45,-86.89,37.4465,-86.9116,2015,0.0,0.0,0,0,0,0,0,0,12.25,289.76,2015-07-03 10:30:52,2015-07-03 01:12:37,-18.73,97.86,Full Moon,98.77,23,"Developed, Medium Intensity",129.81,57,JJA,1.57,El Nino,0.41396293,0.44404164,0.39508334,0.46866664,70.70435,73.0772,70.0397,72.19219,78.6,65.7,72.3,8.9,0.55,3.0,92,8.8,1,100,Moderate or heavy rain shower
583564,2015-07-03 20:49:00,2015-07-03 23:15:00,LAUREL CO.,TUTTLE,2.19,0.81,TUTTLE,37.0313,-83.9555,37.0143,-83.9575,2015,146.0,2.43,0,0,5000,0,0,0,9.93,291.46,2015-07-03 10:20:21,2015-07-03 00:59:40,-16.37,99.65,Full Moon,98.77,81,Pasture/Hay,392.532,0,JJA,1.57,El Nino,0.40840468,0.49245837,0.37645826,0.48991668,67.837845,69.8867,67.2992,69.0017,75.6,66.6,69.7,7.6,0.96,4.0,97,2.9,1,100,Moderate or heavy rain shower
583834,2015-07-04 23:50:00,2015-07-05 01:30:00,PULASKI CO.,ACORN,0.69,1.26,ACORN,37.12,-84.37,37.1343,-84.3709,2015,100.0,1.67,0,0,1000,0,0,0,10.25,291.12,2015-07-04 10:22:15,2015-07-04 01:01:27,-26.11,89.34,Waning Gibbous,95.13,81,Pasture/Hay,328.04,0,JJA,1.57,El Nino,0.29553375,0.40037498,0.26145837,0.37741673,68.51615,71.458694,67.734955,70.2137,79.0,66.7,71.5,6.5,0.16,5.0,91,5.6,1,100,Moderate rain at times
583839,2015-07-05 02:20:00,2015-07-05 05:30:00,WHITLEY CO.,BARTON,0.69,1.82,BARTON,36.92,-84.13,36.9124,-84.1318,2015,190.0,3.17,0,0,1000,0,0,0,9.99,291.19,2015-07-05 10:22:23,2015-07-05 00:59:46,-34.54,77.77,Waning Gibbous,89.02,22,"Developed, Low Intensity",361.875,43,JJA,1.57,El Nino,0.40839997,0.4719999,0.3827916,0.475,67.848274,69.78079,67.15581,69.5783,74.3,63.6,67.4,4.0,0.91,4.0,96,3.1,1,100,Moderate or heavy rain shower
581228,2015-07-05 05:19:00,2015-07-05 05:19:00,SIMPSON CO.,FRANKLIN,0.69,0.78,FRANKLIN,36.73,-86.57,36.7351,-86.5565,2015,0.0,0.0,0,0,0,0,0,0,11.74,289.89,2015-07-05 10:32:41,2015-07-05 01:08:59,-36.47,76.13,Waning Gibbous,89.02,22,"Developed, Low Intensity",207.66,0,JJA,1.57,El Nino,0.44006082,0.47545838,0.42174998,0.49104166,71.56817,75.0668,70.69431,73.39805,81.3,67.1,73.1,3.8,0.34,4.0,88,10.7,1,100,Patchy rain possible
581230,2015-07-05 06:00:00,2015-07-05 06:00:00,SIMPSON CO.,BLACK JACK,2.15,2.3,GOLD CITY,36.74,-86.49,36.7417,-86.4855,2015,0.0,0.0,0,0,0,0,0,0,11.68,289.94,2015-07-05 10:32:20,2015-07-05 01:08:41,-36.41,76.18,Waning Gibbous,89.02,81,Pasture/Hay,188.728,0,JJA,1.57,El Nino,0.43748832,0.4777083,0.41766676,0.49204168,71.34571,74.6513,70.507545,73.117546,81.3,67.1,73.1,3.8,0.34,4.0,88,10.7,1,100,Patchy rain possible
581231,2015-07-05 06:23:00,2015-07-05 06:23:00,SIMPSON CO.,GOLD CITY,1.69,1.71,GOLD CITY,36.7444,-86.4797,36.7464,-86.4728,2015,0.0,0.0,0,0,0,0,0,0,11.67,289.94,2015-07-05 10:32:17,2015-07-05 01:08:39,-36.4,76.19,Waning Gibbous,89.02,82,Cultivated Crops,204.669,0,JJA,1.57,El Nino,0.43748832,0.4777083,0.41766676,0.49204168,71.40421,74.7098,70.56605,73.176056,81.3,67.1,73.1,3.8,0.34,4.0,88,10.7,1,100,Patchy rain possible
581232,2015-07-05 07:47:00,2015-07-05 07:47:00,SIMPSON CO.,FRANKLIN,1.66,1.18,FRANKLIN,36.72,-86.54,36.7192,-86.5395,2015,0.0,0.0,0,0,10000,0,0,0,11.71,289.91,2015-07-05 10:32:35,2015-07-05 01:08:50,-36.45,76.16,Waning Gibbous,89.02,41,Deciduous Forest,201.221,0,JJA,1.57,El Nino,0.43748832,0.4777083,0.41766676,0.49204168,71.32231,74.6279,70.484146,73.09415,81.3,67.1,73.1,3.8,0.34,4.0,88,10.7,1,100,Patchy rain possible
581233,2015-07-05 07:56:00,2015-07-05 07:56:00,ALLEN CO.,HOLLAND,1.11,0.9,MT ZION,36.7,-86.05,36.7019,-86.0377,2015,0.0,0.0,0,0,0,0,0,0,11.34,290.18,2015-07-05 10:30:41,2015-07-05 01:06:49,-36.08,76.53,Waning Gibbous,89.02,81,Pasture/Hay,194.934,0,JJA,1.57,El Nino,0.42954504,0.476625,0.41133335,0.47629175,70.132324,72.53375,69.458755,71.64125,79.3,66.4,71.7,3.8,0.34,4.0,91,7.2,1,100,Moderate rain at times
581235,2015-07-05 08:00:00,2015-07-05 08:00:00,ALLEN CO.,SCOTTSVILLE,0.55,0.94,SCOTTSVILLE,36.75,-86.19,36.7533,-86.1975,2015,0.0,0.0,0,0,0,0,0,0,11.46,290.1,2015-07-05 10:31:06,2015-07-05 01:07:31,-36.17,76.39,Waning Gibbous,89.02,22,"Developed, Low Intensity",214.659,21,JJA,1.57,El Nino,0.42922625,0.473375,0.4080833,0.487,70.05991,72.73775,69.3215,71.699,79.3,66.4,71.7,3.8,0.34,4.0,91,7.2,1,100,Moderate rain at times
581236,2015-07-05 08:00:00,2015-07-05 08:00:00,ALLEN CO.,SCOTTSVILLE,0.89,0.81,SCOTTSVILLE,36.76,-86.19,36.7599,-86.1865,2015,0.0,0.0,0,0,0,0,0,0,11.46,290.09,2015-07-05 10:31:05,2015-07-05 01:07:33,-36.17,76.39,Waning Gibbous,89.02,21,"Developed, Open Space",225.522,8,JJA,1.57,El Nino,0.42922625,0.473375,0.4080833,0.487,69.87272,72.55055,69.13429,71.511795,79.3,66.4,71.7,3.8,0.34,4.0,91,7.2,1,100,Moderate rain at times
581238,2015-07-05 08:21:00,2015-07-05 08:21:00,ALLEN CO.,SCOTTSVILLE,1.49,1.4,SCOTTSVILLE,36.77,-86.17,36.7744,-86.168,2015,0.0,0.0,0,0,5000,0,0,0,11.45,290.1,2015-07-05 10:30:58,2015-07-05 01:07:29,-36.15,76.39,Waning Gibbous,89.02,81,Pasture/Hay,191.765,0,JJA,1.57,El Nino,0.42922625,0.473375,0.4080833,0.487,70.20032,72.87815,69.4619,71.8394,79.3,66.4,71.7,3.8,0.34,4.0,91,7.2,1,100,Moderate rain at times
581239,2015-07-05 08:22:00,2015-07-05 08:22:00,ALLEN CO.,SCOTTSVILLE,1.75,1.81,SCOTTSVILLE,36.7253,-86.1875,36.7343,-86.1908,2015,0.0,0.0,0,0,0,0,0,0,11.45,290.1,2015-07-05 10:31:10,2015-07-05 01:07:26,-36.18,76.41,Waning Gibbous,89.02,81,Pasture/Hay,212.092,0,JJA,1.57,El Nino,0.42538,0.47212505,0.40316653,0.48595834,70.160866,72.6641,69.472855,71.68535,79.3,66.4,71.7,3.8,0.34,4.0,91,7.2,1,100,Moderate rain at times
583840,2015-07-05 14:25:00,2015-07-05 15:00:00,PIKE CO.,GREASY CREEK,1.77,2.29,GREASY CREEK,37.36,-82.5,37.3621,-82.5061,2015,35.0,0.58,0,0,1000,0,0,0,8.95,292.03,2015-07-05 10:14:35,2015-07-05 00:54:31,-33.19,78.65,Waning Gibbous,89.02,41,Deciduous Forest,405.312,0,JJA,1.57,El Nino,0.30074003,0.39987502,0.26700005,0.38337505,67.61731,69.91445,66.895706,69.3257,78.6,65.4,69.9,4.4,0.5,3.0,95,5.0,1,100,Moderate or heavy rain shower
583841,2015-07-05 18:40:00,2015-07-05 19:30:00,BELL CO.,OAKS,0.55,0.22,OAKS,36.72,-83.56,36.7178,-83.5594,2015,50.0,0.83,0,0,1000,0,0,0,9.49,291.54,2015-07-05 10:20:40,2015-07-05 00:56:55,-34.14,78.3,Waning Gibbous,89.02,41,Deciduous Forest,363.395,0,JJA,1.57,El Nino,0.35721418,0.4345417,0.32658333,0.43645832,68.83441,70.412445,68.27869,70.2137,74.8,62.4,67.1,3.7,0.91,4.0,97,3.1,1,100,Moderate or heavy rain shower
583842,2015-07-05 20:25:00,2015-07-05 23:00:00,JOHNSON CO.,LOWMANSVILLE,1.64,0.87,SITKA,37.8965,-82.7337,37.8704,-82.8288,2015,155.0,2.58,0,0,10000,0,0,0,9.32,291.82,2015-07-05 10:13:57,2015-07-05 00:57:01,-33.27,78.15,Waning Gibbous,89.02,41,Deciduous Forest,211.38,0,JJA,1.57,El Nino,0.2833246,0.39233336,0.24687505,0.37195835,68.73961,71.35445,67.88569,70.7957,75.3,65.1,69.2,4.3,0.43,5.0,94,7.4,1,100,Moderate or heavy rain shower
583849,2015-07-05 21:20:00,2015-07-05 23:00:00,FLOYD CO.,BAYS BRANCH,1.64,1.33,BONANZA,37.7169,-82.7998,37.6961,-82.8732,2015,100.0,1.67,0,0,5000,0,0,0,9.3,291.81,2015-07-05 10:14:45,2015-07-05 00:56:45,-33.35,78.21,Waning Gibbous,89.02,41,Deciduous Forest,386.949,0,JJA,1.57,El Nino,0.28907833,0.3985833,0.25295836,0.3764167,68.47539,70.79705,67.707054,70.3358,76.3,65.1,69.4,3.8,0.43,5.0,95,7.4,1,100,Moderate or heavy rain shower
588613,2015-07-07 04:50:00,2015-07-07 08:00:00,MCCRACKEN CO.,MELBER,0.0,0.0,GRAHAMVILLE,36.95,-88.73,37.1429,-88.7407,2015,190.0,3.17,0,0,1200000,0,0,0,13.38,288.47,2015-07-07 10:41:47,2015-07-07 01:17:51,-49.2,40.48,Waning Gibbous,70.82,82,Cultivated Crops,112.304,0,JJA,1.57,El Nino,0.34499463,0.37520835,0.33699992,0.36233333,72.89671,76.6604,71.66166,75.87665,80.1,72.6,76.3,10.7,0.7,5.0,89,5.9,1,100,Moderate or heavy rain shower
597503,2015-07-08 08:00:00,2015-07-08 09:00:00,WHITLEY CO.,SILER,1.16,2.3,SILER,36.6957,-83.9703,36.7012,-83.959,2015,60.0,1.0,0,0,1000,0,0,0,9.7,291.0,2015-07-08 10:24:02,2015-07-08 00:57:51,-48.86,27.06,Waning Gibbous,59.83,81,Pasture/Hay,294.522,0,JJA,1.57,El Nino,0.39105,0.44962502,0.37308335,0.43312502,68.79935,73.66159,67.3766,72.0566,84.9,68.2,76.0,8.9,0.4,5.0,85,10.9,1,100,Moderate rain at times
583853,2015-07-08 08:00:00,2015-07-08 09:00:00,WHITLEY CO.,NEVISDALE,0.0,0.45,NEVISDALE,36.68,-84.05,36.6778,-84.0429,2015,60.0,1.0,0,0,1000,0,0,0,9.76,290.96,2015-07-08 10:24:24,2015-07-08 00:58:08,-48.9,26.96,Waning Gibbous,59.83,22,"Developed, Low Intensity",299.598,21,JJA,1.57,El Nino,0.39628163,0.44904172,0.38120833,0.430375,69.433174,74.3042,68.0267,72.6317,84.9,68.2,76.0,8.9,0.4,5.0,85,10.9,1,100,Moderate rain at times
597505,2015-07-08 08:15:00,2015-07-08 09:00:00,WHITLEY CO.,LOT,1.1,1.18,LOT,36.6146,-84.0878,36.614,-84.0907,2015,45.0,0.75,0,0,1000,0,0,0,9.76,290.95,2015-07-08 10:24:44,2015-07-08 00:58:06,-48.97,26.94,Waning Gibbous,59.83,41,Deciduous Forest,292.716,0,JJA,1.57,El Nino,0.33725333,0.39983335,0.31758326,0.3838334,70.46315,75.211105,69.076096,73.6361,85.1,68.4,75.9,9.4,0.36,4.0,86,10.7,1,100,Patchy rain possible
587368,2015-07-09 01:34:00,2015-07-09 04:00:00,MCCRACKEN CO.,CAMMELIA,2.27,0.69,LAMONT,36.9963,-88.8083,37.0475,-88.8238,2015,146.0,2.43,0,0,0,0,0,0,13.39,288.19,2015-07-09 10:43:08,2015-07-09 01:17:46,-47.57,0.44,Third Quarter,48.42,82,Cultivated Crops,142.893,0,JJA,1.57,El Nino,0.35736594,0.40445828,0.33970836,0.40220842,72.79693,76.89395,71.542694,75.73145,85.6,71.8,77.4,10.1,0.42,4.0,86,8.3,1,100,Moderate or heavy rain shower
577453,2015-07-10 15:10:00,2015-07-10 18:00:00,GREENUP CO.,NAPLES,0.0,0.62,KENWOOD,38.43,-82.77,38.5073,-82.6955,2015,170.0,2.83,0,0,25000,0,0,0,9.36,291.17,2015-07-10 10:15:30,2015-07-10 00:57:25,-41.87,351.85,Waning Crescent,37.22,81,Pasture/Hay,255.62,0,JJA,1.57,El Nino,0.4248067,0.4755417,0.40104166,0.489375,69.36159,73.4234,68.0609,72.46715,81.7,68.2,73.7,7.6,0.74,5.0,90,3.6,1,100,Moderate or heavy rain shower
581785,2015-07-12 06:00:00,2015-07-12 06:00:00,TRIMBLE CO.,BEDFORD,0.69,0.79,BEDFORD,38.59,-85.32,38.5979,-85.3192,2015,0.0,0.0,0,0,0,0,0,0,11.17,289.44,2015-07-12 10:26:34,2015-07-12 01:07:19,-27.47,322.69,Waning Crescent,17.7,81,Pasture/Hay,273.173,0,JJA,1.57,El Nino,0.3647325,0.403625,0.34812498,0.4087083,68.43061,73.51235,67.10735,71.2736,84.3,67.1,75.9,7.2,0.66,5.0,88,10.3,1,100,Moderate or heavy rain shower
581787,2015-07-12 06:15:00,2015-07-12 06:15:00,JEFFERSON CO.,INDIAN HILLS,2.86,2.3,INDIAN HILLS,38.2703,-85.7013,38.2738,-85.703,2015,0.0,0.0,0,0,0,0,0,0,11.34,289.28,2015-07-12 10:29:01,2015-07-12 01:07:55,-27.54,322.24,Waning Crescent,17.7,22,"Developed, Low Intensity",134.928,40,JJA,1.57,El Nino,0.4137642,0.40429163,0.41358337,0.41754165,71.33297,77.05505,69.8438,74.5313,87.7,68.7,77.3,7.2,0.07,3.0,85,10.0,1,100,Patchy rain possible
581788,2015-07-12 06:52:00,2015-07-12 06:52:00,OLDHAM CO.,PEWEE VLY,0.88,2.16,CRESTWOOD,38.31,-85.49,38.3282,-85.474,2015,0.0,0.0,0,0,0,0,0,0,11.2,289.39,2015-07-12 10:28:03,2015-07-12 01:07:11,-27.61,322.44,Waning Crescent,17.7,21,"Developed, Open Space",242.235,13,JJA,1.57,El Nino,0.38106957,0.38495836,0.37675,0.39458334,70.24865,75.6077,68.8427,73.2827,86.6,70.2,77.3,7.2,0.08,4.0,85,11.4,1,100,Patchy rain possible
581789,2015-07-12 07:10:00,2015-07-12 07:10:00,SPENCER CO.,TAYLORSVILLE,0.54,0.92,TAYLORSVILLE,38.03,-85.34,38.0266,-85.3393,2015,0.0,0.0,0,0,25000,0,0,0,11.0,289.53,2015-07-12 10:28:15,2015-07-12 01:05:47,-27.9,322.5,Waning Crescent,17.7,41,Deciduous Forest,143.499,0,JJA,1.57,El Nino,0.36970833,0.38133335,0.36299995,0.38883337,71.0168,76.03475,69.68225,73.919754,86.1,70.9,77.9,7.2,0.12,4.0,86,11.7,1,100,Moderate rain at times
581791,2015-07-12 07:15:00,2015-07-12 07:15:00,JEFFERSON CO.,ST MATTHEWS,0.54,1.27,LAKELAND,38.25,-85.64,38.2719,-85.579,2015,0.0,0.0,0,0,0,0,0,0,11.29,289.32,2015-07-12 10:28:49,2015-07-12 01:07:37,-27.58,322.29,Waning Crescent,17.7,24,"Developed, High Intensity",170.177,29,JJA,1.57,El Nino,0.38122335,0.38433334,0.37699994,0.39466667,71.31823,76.741394,69.8939,74.393906,87.4,69.8,77.7,7.4,0.07,4.0,85,10.7,1,100,Patchy rain possible
581793,2015-07-12 07:16:00,2015-07-12 07:16:00,OLDHAM CO.,FLOYDSBURG,0.43,0.61,CRESTWOOD,38.3254,-85.4539,38.3314,-85.4558,2015,0.0,0.0,0,0,0,0,0,0,11.18,289.41,2015-07-12 10:27:52,2015-07-12 01:07:05,-27.61,322.48,Waning Crescent,17.7,82,Cultivated Crops,232.55,0,JJA,1.57,El Nino,0.38106957,0.38495836,0.37675,0.39458334,70.33055,75.689606,68.9246,73.36461,86.6,70.2,77.3,7.2,0.08,4.0,85,11.4,1,100,Patchy rain possible
581797,2015-07-12 07:23:00,2015-07-12 07:23:00,JEFFERSON CO.,INDIAN HILLS,0.65,0.94,INDIAN HILLS,38.2713,-85.6546,38.28,-85.6408,2015,0.0,0.0,0,0,100000,0,0,0,11.31,289.3,2015-07-12 10:28:49,2015-07-12 01:07:44,-27.56,322.28,Waning Crescent,17.7,21,"Developed, Open Space",176.995,15,JJA,1.57,El Nino,0.4137642,0.40429163,0.41358337,0.41754165,70.97026,76.692345,69.4811,74.1686,87.4,69.8,77.7,7.4,0.07,4.0,85,10.7,1,100,Patchy rain possible
581799,2015-07-12 07:43:00,2015-07-12 07:43:00,JEFFERSON CO.,ST REGIS PARK,1.08,0.78,RICHLAWN,38.2289,-85.5698,38.247,-85.5737,2015,0.0,0.0,0,0,0,0,0,0,11.23,289.36,2015-07-12 10:28:36,2015-07-12 01:07:16,-27.63,322.35,Waning Crescent,17.7,22,"Developed, Low Intensity",204.11,40,JJA,1.57,El Nino,0.3588388,0.380375,0.347875,0.38925004,70.64886,76.04524,69.224,73.73525,86.6,70.2,77.3,7.2,0.08,4.0,85,11.4,1,100,Patchy rain possible
581801,2015-07-12 07:49:00,2015-07-12 07:49:00,JEFFERSON CO.,WINDY HILLS,0.88,0.89,WINDY HILLS,38.26,-85.59,38.2786,-85.5983,2015,0.0,0.0,0,0,250000,0,0,0,11.26,289.34,2015-07-12 10:28:36,2015-07-12 01:07:27,-27.6,322.34,Waning Crescent,17.7,22,"Developed, Low Intensity",180.147,0,JJA,1.57,El Nino,0.38122335,0.38433334,0.37699994,0.39466667,71.03743,76.460594,69.6131,74.1131,86.6,70.2,77.3,7.2,0.08,4.0,85,11.3,1,100,Patchy rain possible
581802,2015-07-12 07:51:00,2015-07-12 07:51:00,JEFFERSON CO.,STRATHMOOR MANOR,0.54,0.93,STRATHMOOR VLG,38.2,-85.61,38.2037,-85.5938,2015,0.0,0.0,0,0,0,0,0,0,11.25,289.34,2015-07-12 10:28:51,2015-07-12 01:07:21,-27.63,322.3,Waning Crescent,17.7,22,"Developed, Low Intensity",191.674,0,JJA,1.57,El Nino,0.3588388,0.380375,0.347875,0.38925004,70.91795,76.314354,69.4931,74.00435,87.4,69.8,77.7,7.4,0.07,4.0,85,10.7,1,100,Patchy rain possible
581805,2015-07-12 07:53:00,2015-07-12 07:53:00,JEFFERSON CO.,ST MATTHEWS,0.54,1.14,RICHLAWN,38.25,-85.64,38.2553,-85.6044,2015,0.0,0.0,0,0,50000,0,0,0,11.29,289.32,2015-07-12 10:28:49,2015-07-12 01:07:37,-27.58,322.29,Waning Crescent,17.7,24,"Developed, High Intensity",162.177,86,JJA,1.57,El Nino,0.38122335,0.38433334,0.37699994,0.39466667,71.31823,76.741394,69.8939,74.393906,87.4,69.8,77.7,7.4,0.07,4.0,85,10.7,1,100,Patchy rain possible
581809,2015-07-12 08:10:00,2015-07-12 08:10:00,SHELBY CO.,SHELBYVILLE,0.0,1.3,SHELBYVILLE,38.22,-85.23,38.2323,-85.234,2015,0.0,0.0,0,0,0,0,0,0,10.98,289.55,2015-07-12 10:27:16,2015-07-12 01:05:53,-27.8,322.66,Waning Crescent,17.7,22,"Developed, Low Intensity",231.469,33,JJA,1.57,El Nino,0.37782168,0.39779165,0.37024996,0.3971251,69.8198,74.6987,68.5262,72.6287,84.6,68.9,76.4,7.2,0.24,5.0,87,11.1,1,100,Heavy rain at times
581811,2015-07-12 08:14:00,2015-07-12 08:14:00,BULLITT CO.,MT WASHINGTON,0.0,1.31,MT WASHINGTON,38.05,-85.55,38.0582,-85.5346,2015,0.0,0.0,0,0,0,0,0,0,11.16,289.4,2015-07-12 10:29:02,2015-07-12 01:06:41,-27.78,322.31,Waning Crescent,17.7,22,"Developed, Low Intensity",210.333,33,JJA,1.57,El Nino,0.36472583,0.38483334,0.35479164,0.39208332,70.78644,76.0898,69.3923,73.798546,86.1,70.9,77.9,7.2,0.12,4.0,86,11.7,1,100,Moderate rain at times
581812,2015-07-12 08:46:00,2015-07-12 08:46:00,JEFFERSON CO.,AUDUBON PARK,1.48,1.3,AUDUBON PARK,38.22,-85.74,38.2257,-85.7412,2015,0.0,0.0,0,0,0,0,0,0,11.35,289.27,2015-07-12 10:29:18,2015-07-12 01:07:56,-27.56,322.18,Waning Crescent,17.7,23,"Developed, Medium Intensity",144.194,62,JJA,1.57,El Nino,0.35893503,0.37899998,0.34816667,0.3891667,71.73193,77.20325,70.2845,74.87075,87.9,70.2,78.0,7.4,0.07,4.0,85,11.0,1,100,Patchy rain possible
581815,2015-07-12 08:59:00,2015-07-12 08:59:00,JEFFERSON CO.,ST MATTHEWS,1.48,0.92,ST MATTHEWS,38.23,-85.64,38.2333,-85.636,2015,0.0,0.0,0,0,0,0,0,0,11.28,289.32,2015-07-12 10:28:53,2015-07-12 01:07:33,-27.6,322.28,Waning Crescent,17.7,24,"Developed, High Intensity",156.692,86,JJA,1.57,El Nino,0.3588388,0.380375,0.347875,0.38925004,71.280655,76.677055,69.8558,74.36705,87.4,69.8,77.7,7.4,0.07,4.0,85,10.7,1,100,Patchy rain possible
581828,2015-07-12 09:30:00,2015-07-12 09:30:00,BOYLE CO.,CRAINTOWN,1.76,0.74,CRAINTOWN,37.64,-85.0,37.6458,-85.0019,2015,0.0,0.0,0,0,0,0,0,0,10.61,289.79,2015-07-12 10:27:59,2015-07-12 01:03:20,-28.37,322.69,Waning Crescent,17.7,81,Pasture/Hay,278.928,0,JJA,1.57,El Nino,0.34573337,0.37258336,0.335,0.37358332,70.26575,74.151505,69.15275,72.7865,84.6,67.1,75.5,8.5,0.45,4.0,88,12.1,1,100,Moderate or heavy rain shower
581848,2015-07-12 19:03:00,2015-07-12 19:03:00,GARRARD CO.,MARKSBURY,1.76,2.23,MARKSBURY,37.65,-84.65,37.6544,-84.6476,2015,0.0,0.0,0,0,0,0,0,0,10.36,289.98,2015-07-12 10:26:33,2015-07-12 01:01:57,-28.52,323.03,Waning Crescent,17.7,21,"Developed, Open Space",257.387,14,JJA,1.57,El Nino,0.35349044,0.37879166,0.3449999,0.37416664,70.075134,73.87865,68.962395,72.6224,84.9,66.6,75.5,8.9,0.4,4.0,85,11.7,1,100,Moderate or heavy rain shower
584088,2015-07-13 14:18:00,2015-07-13 16:00:00,FLEMING CO.,COWAN,2.38,1.89,COWAN,38.4178,-83.9375,38.4209,-83.9213,2015,102.0,1.7,0,0,15000,0,0,0,10.04,290.13,2015-07-13 10:22:13,2015-07-13 01:00:52,-20.18,313.56,Waning Crescent,10.25,41,Deciduous Forest,239.94,0,JJA,1.57,El Nino,0.35734463,0.3957083,0.34025002,0.40316668,69.65817,75.02826,68.2895,72.56075,86.7,68.2,76.3,7.0,0.0,3.0,89,6.6,1,100,Patchy rain possible
584252,2015-07-13 14:26:00,2015-07-13 14:26:00,JEFFERSON CO.,FERN CREEK,1.29,0.97,HIGHVIEW,38.16,-85.6,38.1602,-85.6033,2015,0.0,0.0,0,0,0,0,0,0,11.17,289.22,2015-07-13 10:29:36,2015-07-13 01:06:47,-19.41,312.16,Waning Crescent,10.25,23,"Developed, Medium Intensity",210.385,62,JJA,1.57,El Nino,0.35614213,0.37133336,0.34808335,0.37870833,71.51053,78.16716,69.6809,75.56465,87.9,70.2,79.3,9.0,0.0,4.0,85,11.7,0,0,Partly cloudy
584256,2015-07-13 14:40:00,2015-07-13 14:40:00,FAYETTE CO.,LEXINGTON,1.76,1.15,LEXINGTON,38.03,-84.48,38.0323,-84.4768,2015,0.0,0.0,0,0,5000,0,0,0,10.3,289.88,2015-07-13 10:25:29,2015-07-13 01:01:56,-20.14,313.03,Waning Crescent,10.25,21,"Developed, Open Space",319.344,10,JJA,1.57,El Nino,0.35697913,0.38691664,0.3451666,0.38749996,70.31105,76.381096,68.7161,73.756096,86.4,69.8,77.5,8.2,0.02,3.0,88,9.2,1,100,Patchy rain possible
584089,2015-07-13 15:30:00,2015-07-13 17:00:00,ROWAN CO.,HALDEMAN,1.86,1.28,HALDEMAN,38.2759,-83.3295,38.2597,-83.3191,2015,90.0,1.5,0,0,160000,0,0,0,9.54,290.5,2015-07-13 10:20:11,2015-07-13 00:58:02,-20.62,314.02,Waning Crescent,10.25,41,Deciduous Forest,331.071,0,JJA,1.57,El Nino,0.34399125,0.40274993,0.32037506,0.40537503,68.48573,73.4552,67.256454,71.04395,85.6,68.0,75.9,6.9,0.01,4.0,87,9.8,1,100,Patchy rain possible
584092,2015-07-13 15:50:00,2015-07-13 19:00:00,JOHNSON CO.,FLATGAP,0.49,0.71,KERZ,37.9371,-82.8799,37.8888,-82.8632,2015,190.0,3.17,4,15,3500000,0,0,0,9.1,290.81,2015-07-13 10:19:20,2015-07-13 00:55:16,-21.11,314.3,Waning Crescent,10.25,43,Mixed Forest,298.695,0,JJA,1.57,El Nino,0.31344375,0.39487502,0.28516677,0.38325,69.786545,74.38025,68.67275,72.074005,87.1,67.6,76.7,8.1,0.03,5.0,87,9.5,1,100,Patchy rain possible
584095,2015-07-13 16:00:00,2015-07-13 17:30:00,MORGAN CO.,MOON,1.75,1.55,MIMA,37.9547,-83.0474,37.9481,-83.0369,2015,90.0,1.5,0,0,1000,0,0,0,9.23,290.71,2015-07-13 10:19:58,2015-07-13 00:56:00,-21.01,314.17,Waning Crescent,10.25,41,Deciduous Forest,275.621,0,JJA,1.57,El Nino,0.32072544,0.39541665,0.29312506,0.39045835,69.46213,74.18555,68.331795,71.76305,86.2,69.3,76.6,7.4,0.03,4.0,87,8.4,1,100,Patchy rain possible
584091,2015-07-13 16:30:00,2015-07-13 18:00:00,JOHNSON CO.,STAFFORDSVILLE,1.49,1.64,WITTENSVILLE,37.85,-82.82,37.853,-82.8144,2015,90.0,1.5,0,0,1000,0,0,0,9.02,290.86,2015-07-13 10:19:21,2015-07-13 00:54:47,-21.21,314.33,Waning Crescent,10.25,41,Deciduous Forest,259.284,0,JJA,1.57,El Nino,0.30669415,0.39229164,0.2774166,0.37854168,69.91287,74.43785,68.82034,72.15035,87.1,67.6,76.7,8.1,0.03,5.0,87,9.5,1,100,Patchy rain possible
597534,2015-07-13 16:35:00,2015-07-13 17:30:00,JOHNSON CO.,PAINTSVILLE,0.69,0.82,PAINTSVILLE,37.81,-82.7997,37.8077,-82.797,2015,55.0,0.92,0,0,1000,0,0,0,9.0,290.87,2015-07-13 10:19:22,2015-07-13 00:54:36,-21.24,314.33,Waning Crescent,10.25,23,"Developed, Medium Intensity",187.767,73,JJA,1.57,El Nino,0.30565962,0.39120832,0.27862492,0.36983335,70.91705,75.3221,69.8471,73.1171,87.1,67.6,76.7,8.1,0.03,5.0,87,9.5,1,100,Patchy rain possible
584300,2015-07-14 00:29:00,2015-07-14 00:29:00,HENRY CO.,CAMPBELLSBURG,0.88,2.23,CAMPBELLSBURG,38.53,-85.21,38.5168,-85.2251,2015,0.0,0.0,0,0,0,0,0,0,10.94,289.24,2015-07-14 10:27:41,2015-07-14 01:05:49,-10.93,303.38,Waning Crescent,4.77,81,Pasture/Hay,274.492,0,JJA,1.57,El Nino,0.3911017,0.4035417,0.38325003,0.41387498,70.14174,76.09265,68.33389,74.3564,88.4,69.7,77.5,9.8,1.68,5.0,82,10.0,1,100,Moderate or heavy rain shower
584304,2015-07-14 00:30:00,2015-07-14 00:30:00,TRIMBLE CO.,TROUT,0.66,0.13,TROUT,38.6393,-85.4021,38.6508,-85.3924,2015,0.0,0.0,0,0,75000,0,0,0,11.12,289.11,2015-07-14 10:28:09,2015-07-14 01:06:54,-10.74,303.26,Waning Crescent,4.77,81,Pasture/Hay,243.028,0,JJA,1.57,El Nino,0.38552666,0.41254166,0.37429157,0.41504166,70.87835,76.985756,69.028244,75.18575,88.9,71.2,78.4,13.4,1.33,4.0,81,10.1,1,100,Moderate or heavy rain shower
584310,2015-07-14 00:35:00,2015-07-14 00:35:00,TRIMBLE CO.,HISLE,0.74,1.18,HISLE,38.6312,-85.3336,38.6377,-85.3054,2015,0.0,0.0,0,0,0,0,0,0,11.06,289.15,2015-07-14 10:27:54,2015-07-14 01:06:36,-10.79,303.31,Waning Crescent,4.77,81,Pasture/Hay,277.235,0,JJA,1.57,El Nino,0.37680247,0.408,0.36333334,0.41258335,70.091415,76.12851,68.261,74.35476,88.9,69.1,78.1,11.9,1.77,5.0,81,10.6,1,100,Moderate or heavy rain shower
584312,2015-07-14 00:35:00,2015-07-14 00:35:00,TRIMBLE CO.,HISLE,2.56,2.66,HISLE,38.61,-85.28,38.6062,-85.277,2015,0.0,0.0,0,0,25000,0,0,0,11.02,289.19,2015-07-14 10:27:44,2015-07-14 01:06:20,-10.84,303.34,Waning Crescent,4.77,41,Deciduous Forest,168.537,0,JJA,1.57,El Nino,0.37680247,0.408,0.36333334,0.41258335,71.039116,77.0762,69.208694,75.302444,88.9,69.1,78.1,11.9,1.77,5.0,81,10.6,1,100,Moderate or heavy rain shower
590159,2015-07-14 01:40:00,2015-07-14 02:40:00,CARROLL CO.,CARROLLTON,0.88,0.8,CARROLLTON,38.68,-85.16,38.6566,-85.166,2015,60.0,1.0,0,0,2000,0,0,0,10.95,289.25,2015-07-14 10:27:04,2015-07-14 01:06:03,-10.88,303.44,Waning Crescent,4.77,81,Pasture/Hay,212.206,0,JJA,1.57,El Nino,0.3873633,0.41495833,0.37600005,0.41712508,70.84685,76.849396,69.0419,75.03441,88.9,69.1,78.1,11.9,1.77,5.0,81,10.6,1,100,Moderate or heavy rain shower
584319,2015-07-14 02:19:00,2015-07-14 02:19:00,HENRY CO.,SULPHUR,2.04,1.94,SULPHUR,38.5086,-85.2797,38.5055,-85.2685,2015,0.0,0.0,0,0,0,0,0,0,10.98,289.21,2015-07-14 10:28:02,2015-07-14 01:06:02,-10.89,303.33,Waning Crescent,4.77,81,Pasture/Hay,261.407,0,JJA,1.57,El Nino,0.3851608,0.40370834,0.37554166,0.41195837,70.80057,76.8569,68.9594,75.094406,89.1,70.4,78.3,10.1,0.87,5.0,82,10.0,1,100,Moderate or heavy rain shower
584322,2015-07-14 02:47:00,2015-07-14 02:47:00,TRIMBLE CO.,MONITOR,2.82,3.11,MONITOR,38.61,-85.26,38.6105,-85.2675,2015,0.0,0.0,0,0,0,0,0,0,11.0,289.2,2015-07-14 10:27:40,2015-07-14 01:06:15,-10.85,303.35,Waning Crescent,4.77,81,Pasture/Hay,148.21,0,JJA,1.57,El Nino,0.37680247,0.408,0.36333334,0.41258335,71.28481,77.3219,69.4544,75.54816,88.9,69.1,78.1,11.9,1.77,5.0,81,10.6,1,100,Moderate or heavy rain shower
590165,2015-07-14 03:40:00,2015-07-14 04:10:00,CARROLL CO.,ENGLISH,3.68,3.74,ENGLISH,38.5963,-85.1827,38.5962,-85.1814,2015,30.0,0.5,0,0,25000,0,0,0,10.94,289.25,2015-07-14 10:27:23,2015-07-14 01:05:54,-10.91,303.41,Waning Crescent,4.77,41,Deciduous Forest,194.223,0,JJA,1.57,El Nino,0.3801767,0.40979168,0.36725,0.41462502,70.48543,76.42206,68.68205,74.68955,88.9,69.1,78.1,11.9,1.77,5.0,81,10.6,1,100,Moderate or heavy rain shower
584998,2015-07-14 04:15:00,2015-07-14 04:15:00,JEFFERSON CO.,WORTHINGTON,0.88,0.62,WORTHINGTON,38.33,-85.56,38.3301,-85.572,2015,0.0,0.0,0,0,15000,0,0,0,11.13,289.08,2015-07-14 10:29:39,2015-07-14 01:06:39,-10.81,303.1,Waning Crescent,4.77,23,"Developed, Medium Intensity",204.762,0,JJA,1.57,El Nino,0.3774763,0.38662502,0.37558332,0.3809166,72.245865,78.6407,70.315704,76.73195,90.5,70.7,79.3,11.9,0.26,5.0,81,10.0,1,100,Heavy rain at times
584999,2015-07-14 04:20:00,2015-07-14 04:20:00,SPENCER CO.,ELK CREEK,0.0,0.26,ELK CREEK,38.1,-85.37,38.1047,-85.3743,2015,0.0,0.0,0,0,0,0,0,0,10.92,289.23,2015-07-14 10:29:32,2015-07-14 01:05:15,-11.06,303.2,Waning Crescent,4.77,22,"Developed, Low Intensity",200.544,20,JJA,1.57,El Nino,0.36340377,0.37962496,0.3585416,0.3746667,71.60746,78.122444,69.669945,76.0787,89.0,70.6,78.7,9.6,0.91,5.0,82,10.6,1,100,Moderate or heavy rain shower
585000,2015-07-14 04:30:00,2015-07-14 04:30:00,JEFFERSON CO.,AUDUBON PARK,1.48,1.75,LOUISVILLE,38.22,-85.74,38.2522,-85.7411,2015,0.0,0.0,0,0,30000,0,0,0,11.23,289.0,2015-07-14 10:30:41,2015-07-14 01:07:04,-10.75,302.96,Waning Crescent,4.77,23,"Developed, Medium Intensity",141.093,65,JJA,1.57,El Nino,0.35326466,0.36358333,0.34770837,0.368875,73.096634,79.32575,71.18825,77.56325,91.9,71.0,79.8,12.1,0.09,5.0,80,10.4,1,100,Moderate rain at times
585004,2015-07-14 04:45:00,2015-07-14 04:45:00,JEFFERSON CO.,ST REGIS PARK,0.84,0.69,LYNDON,38.2373,-85.5624,38.2532,-85.5698,2015,0.0,0.0,0,0,0,0,0,0,11.1,289.1,2015-07-14 10:29:55,2015-07-14 01:06:24,-10.86,303.09,Waning Crescent,4.77,22,"Developed, Low Intensity",207.872,38,JJA,1.57,El Nino,0.3541292,0.3724167,0.34762505,0.3703333,72.002716,78.3089,70.085144,76.47515,90.3,70.6,79.1,11.0,0.26,5.0,81,11.1,1,100,Heavy rain at times
585007,2015-07-14 05:05:00,2015-07-14 05:05:00,SPENCER CO.,TAYLORSVILLE,1.09,1.02,TAYLORSVILLE,38.03,-85.37,38.0232,-85.3724,2015,0.0,0.0,0,0,0,0,0,0,10.89,289.24,2015-07-14 10:29:44,2015-07-14 01:05:03,-11.1,303.19,Waning Crescent,4.77,81,Pasture/Hay,172.817,0,JJA,1.57,El Nino,0.35510418,0.3694167,0.3497083,0.36883327,72.095825,78.64445,70.1507,76.581955,90.7,71.4,79.2,9.6,0.09,5.0,81,11.7,1,100,Moderate rain at times
585011,2015-07-14 06:00:00,2015-07-14 06:00:00,NELSON CO.,BLOOMFIELD,0.55,0.9,BLOOMFIELD,37.9,-85.31,37.9018,-85.3177,2015,0.0,0.0,0,0,0,0,0,0,10.81,289.3,2015-07-14 10:29:51,2015-07-14 01:04:27,-11.21,303.21,Waning Crescent,4.77,21,"Developed, Open Space",204.919,15,JJA,1.57,El Nino,0.35433206,0.37595832,0.34770837,0.36983332,71.84375,78.279205,69.9317,76.2542,90.0,71.7,79.5,9.4,0.05,5.0,84,11.9,1,100,Patchy rain possible
585012,2015-07-14 06:02:00,2015-07-14 06:02:00,JESSAMINE CO.,WILMORE,1.49,0.75,WILMORE,37.87,-84.66,37.8648,-84.6437,2015,0.0,0.0,0,0,0,0,0,0,10.32,289.67,2015-07-14 10:27:20,2015-07-14 01:01:46,-11.65,303.66,Waning Crescent,4.77,23,"Developed, Medium Intensity",271.105,8,JJA,1.57,El Nino,0.3748217,0.39829168,0.36374998,0.40495837,70.92103,76.840546,69.1418,75.04806,85.5,70.6,77.2,11.0,0.98,5.0,87,10.0,1,100,Moderate or heavy rain shower
586021,2015-07-14 06:25:00,2015-07-14 07:30:00,MORGAN CO.,INDEX,1.29,0.92,INDEX,37.89,-83.26,37.8842,-83.2772,2015,65.0,1.08,0,0,1000,0,0,0,9.29,290.46,2015-07-14 10:21:41,2015-07-14 00:56:13,-12.55,304.65,Waning Crescent,4.77,81,Pasture/Hay,237.753,0,JJA,1.57,El Nino,0.43552038,0.48016658,0.41508332,0.49070832,69.549164,74.93645,67.95396,73.2227,84.3,69.3,75.9,14.1,0.43,5.0,87,8.0,1,100,Moderate or heavy rain shower
585013,2015-07-14 07:00:00,2015-07-14 07:00:00,MERCER CO.,NEVADA,0.88,0.88,NEVADA,37.69,-84.91,37.6962,-84.9141,2015,0.0,0.0,0,0,0,0,0,0,10.44,289.56,2015-07-14 10:28:50,2015-07-14 01:02:16,-11.59,303.46,Waning Crescent,4.77,81,Pasture/Hay,270.639,0,JJA,1.57,El Nino,0.3661412,0.38712502,0.35716656,0.38991663,72.01806,77.88155,70.25405,76.11155,86.5,70.7,77.6,10.1,0.73,5.0,87,10.9,1,100,Moderate or heavy rain shower
585015,2015-07-14 07:10:00,2015-07-14 07:10:00,ANDERSON CO.,AVENSTOKE,0.56,0.68,AVENSTOKE,38.1253,-84.9922,38.1255,-84.9949,2015,0.0,0.0,0,0,0,0,0,0,10.65,289.44,2015-07-14 10:27:57,2015-07-14 01:03:48,-11.29,303.47,Waning Crescent,4.77,81,Pasture/Hay,224.77,0,JJA,1.57,El Nino,0.3696617,0.3944167,0.35775003,0.40224996,71.35479,77.3858,69.533295,75.58955,87.1,70.5,77.7,10.7,0.84,5.0,85,11.3,1,100,Moderate or heavy rain shower
586023,2015-07-14 07:26:00,2015-07-14 08:15:00,LAUREL CO.,EAST BERNSTADT,0.69,0.69,EAST BERNSTADT,37.19,-84.12,37.1872,-84.1213,2015,49.0,0.82,0,0,1000,0,0,0,9.69,290.09,2015-07-14 10:27:03,2015-07-14 00:57:44,-12.38,303.93,Waning Crescent,4.77,21,"Developed, Open Space",365.722,9,JJA,1.57,El Nino,0.37428704,0.4298333,0.35699996,0.41504166,70.32305,75.63215,68.76589,73.89215,82.9,69.8,76.0,10.1,0.09,4.0,91,10.3,1,100,Moderate rain at times
586024,2015-07-14 08:20:00,2015-07-14 10:00:00,KNOX CO.,BARBOURVILLE,0.0,0.47,BARBOURVILLE,36.87,-83.88,36.8635,-83.8767,2015,100.0,1.67,0,0,1000,0,0,0,9.4,290.27,2015-07-14 10:26:57,2015-07-14 00:55:54,-12.72,304.04,Waning Crescent,4.77,41,Deciduous Forest,376.512,0,JJA,1.57,El Nino,0.43067172,0.45354173,0.4209999,0.45620826,70.927666,76.49135,69.29886,74.6576,83.8,69.7,75.5,11.0,0.3,4.0,90,12.7,1,100,Moderate or heavy rain shower
597536,2015-07-14 08:20:00,2015-07-14 10:00:00,KNOX CO.,JARVIS,0.83,0.7,KNOXFORK,36.9333,-83.9144,36.9687,-83.9134,2015,100.0,1.67,0,0,0,0,0,0,9.45,290.24,2015-07-14 10:26:55,2015-07-14 00:56:13,-12.66,304.03,Waning Crescent,4.77,41,Deciduous Forest,349.72,0,JJA,1.57,El Nino,0.43067172,0.45354173,0.4209999,0.45620826,70.62346,76.18715,68.994644,74.3534,83.8,69.7,75.5,11.0,0.3,4.0,90,12.7,1,100,Moderate or heavy rain shower
586025,2015-07-14 09:00:00,2015-07-14 10:00:00,KNOX CO.,SPRULE,0.55,0.49,CRANE NEST,37.02,-83.82,36.9872,-83.849,2015,60.0,1.0,0,0,1000,0,0,0,9.41,290.28,2015-07-14 10:26:18,2015-07-14 00:56:04,-12.67,304.11,Waning Crescent,4.77,41,Deciduous Forest,380.069,0,JJA,1.57,El Nino,0.3203496,0.37220836,0.30320832,0.36183333,71.07924,75.86465,69.65465,74.3684,85.8,69.2,76.6,11.6,0.51,5.0,91,10.0,1,100,Moderate or heavy rain shower
586031,2015-07-14 11:30:00,2015-07-14 12:30:00,WAYNE CO.,OIL VLY,1.0,0.87,OIL VLY,36.77,-84.7619,36.7706,-84.7667,2015,60.0,1.0,0,0,1000,0,0,0,10.02,289.8,2015-07-14 10:30:45,2015-07-14 00:59:10,-12.19,303.41,Waning Crescent,4.77,41,Deciduous Forest,314.216,0,JJA,1.57,El Nino,0.42293704,0.44758332,0.41679168,0.43579158,71.419136,77.19679,69.6743,75.47555,85.1,73.1,77.9,11.0,0.15,5.0,86,11.0,1,100,Heavy rain at times
586026,2015-07-14 12:00:00,2015-07-14 15:00:00,BELL CO.,MIRACLE,0.69,0.55,MIRACLE,36.76,-83.58,36.7512,-83.5896,2015,180.0,3.0,0,0,1000,0,0,0,9.14,290.45,2015-07-14 10:26:03,2015-07-14 00:54:25,-12.98,304.23,Waning Crescent,4.77,81,Pasture/Hay,320.584,0,JJA,1.57,El Nino,0.33055958,0.37470832,0.31699994,0.3623334,71.0603,75.4982,69.69321,74.268196,85.5,69.4,76.2,11.6,0.09,4.0,89,11.8,1,100,Moderate rain at times
586027,2015-07-14 14:15:00,2015-07-14 15:00:00,BELL CO.,CUBAGE,1.49,1.23,CUBAGE,36.68,-83.51,36.6819,-83.5151,2015,45.0,0.75,0,0,1000,0,0,0,9.06,290.51,2015-07-14 10:25:59,2015-07-14 00:53:55,-13.07,304.26,Waning Crescent,4.77,41,Deciduous Forest,770.464,0,JJA,1.57,El Nino,0.38867834,0.42170835,0.3793334,0.40970835,65.48368,69.90965,64.09715,68.76215,85.5,69.4,76.2,11.6,0.09,4.0,89,11.9,1,100,Moderate rain at times
579090,2015-07-14 17:45:00,2015-07-14 19:30:00,LAWRENCE CO.,WEBBVILLE,0.0,0.94,BLAINE,38.18,-82.87,38.0189,-82.8603,2015,105.0,1.75,0,0,100000,0,0,0,9.11,290.64,2015-07-14 10:19:19,2015-07-14 00:55:28,-12.64,304.97,Waning Crescent,4.77,41,Deciduous Forest,223.103,0,JJA,1.57,El Nino,0.36771,0.43662503,0.34183332,0.43345833,69.96883,75.03786,68.46785,73.42535,85.1,69.1,75.8,13.2,0.72,5.0,88,8.4,1,100,Moderate rain at times
579074,2015-07-14 17:45:00,2015-07-14 20:00:00,CARTER CO.,SMITHS CREEK,0.0,0.0,LAWTON,38.47,-83.18,38.2824,-83.2304,2015,135.0,2.25,0,0,150000,0,0,0,9.44,290.42,2015-07-14 10:19:44,2015-07-14 00:57:32,-12.27,304.8,Waning Crescent,4.77,41,Deciduous Forest,323.718,0,JJA,1.57,El Nino,0.32936668,0.40216663,0.300375,0.4045,69.0524,74.0276,67.5551,72.5276,84.9,69.2,75.8,13.2,0.42,5.0,87,9.2,1,100,Patchy rain possible
586106,2015-07-14 18:00:00,2015-07-14 19:30:00,OWSLEY CO.,STURGEON,0.76,0.77,STURGEON,37.431,-83.7991,37.4307,-83.799,2015,90.0,1.5,0,0,1000,0,0,0,9.53,290.23,2015-07-14 10:25:06,2015-07-14 00:57:06,-12.46,304.19,Waning Crescent,4.77,21,"Developed, Open Space",282.682,6,JJA,1.57,El Nino,0.43143833,0.47420827,0.41558337,0.47154167,70.116585,75.5348,68.51479,73.8023,85.5,68.4,75.9,13.0,0.78,4.0,89,8.8,1,100,Moderate or heavy rain shower
586028,2015-07-14 18:30:00,2015-07-14 20:00:00,BREATHITT CO.,KECK,0.56,0.6,KECK,37.6078,-83.367,37.6062,-83.3656,2015,90.0,1.5,0,0,1000,0,0,0,9.28,290.45,2015-07-14 10:22:53,2015-07-14 00:55:52,-12.64,304.52,Waning Crescent,4.77,21,"Developed, Open Space",234.279,0,JJA,1.57,El Nino,0.31871462,0.39883336,0.2902916,0.38945833,71.20108,75.72605,69.8198,74.42854,85.0,67.8,75.2,14.3,0.77,5.0,87,7.5,1,100,Moderate or heavy rain shower
586029,2015-07-14 18:30:00,2015-07-14 20:00:00,BREATHITT CO.,SEWELL,1.49,1.57,MOCT,37.65,-83.39,37.6629,-83.3595,2015,90.0,1.5,0,0,1000,0,0,0,9.31,290.43,2015-07-14 10:22:52,2015-07-14 00:56:05,-12.6,304.51,Waning Crescent,4.77,41,Deciduous Forest,344.806,0,JJA,1.57,El Nino,0.41201794,0.47229168,0.3891249,0.47041667,69.601585,74.73845,68.070946,73.1372,85.0,67.8,75.2,14.3,0.77,5.0,87,7.5,1,100,Moderate or heavy rain shower
586032,2015-07-14 18:38:00,2015-07-14 19:30:00,MORGAN CO.,WEST LIBERTY,0.0,0.59,WEST LIBERTY,37.92,-83.27,37.9098,-83.2661,2015,52.0,0.87,0,0,1000,0,0,0,9.31,290.45,2015-07-14 10:21:38,2015-07-14 00:56:21,-12.53,304.64,Waning Crescent,4.77,41,Deciduous Forest,238.975,0,JJA,1.57,El Nino,0.43552038,0.48016658,0.41508332,0.49070832,69.64276,75.03005,68.04756,73.3163,84.3,69.3,75.9,14.1,0.43,5.0,87,8.0,1,100,Moderate or heavy rain shower
586033,2015-07-14 18:40:00,2015-07-14 19:30:00,WOLFE CO.,CAMPTON,0.23,0.36,CAMPTON,37.7331,-83.5487,37.7332,-83.5473,2015,50.0,0.83,0,0,1000,0,0,0,9.45,290.32,2015-07-14 10:23:16,2015-07-14 00:56:56,-12.45,304.42,Waning Crescent,4.77,21,"Developed, Open Space",291.782,19,JJA,1.57,El Nino,0.43206427,0.47841668,0.41187492,0.48583332,69.97251,75.33965,68.379654,73.64465,85.5,68.4,75.9,13.0,0.78,4.0,89,8.8,1,100,Moderate or heavy rain shower
586034,2015-07-14 18:45:00,2015-07-14 20:00:00,BREATHITT CO.,JACKSON,0.69,1.16,JACKSON,37.56,-83.38,37.5522,-83.3881,2015,75.0,1.25,0,0,1000,0,0,0,9.27,290.45,2015-07-14 10:23:04,2015-07-14 00:55:47,-12.66,304.51,Waning Crescent,4.77,22,"Developed, Low Intensity",223.753,28,JJA,1.57,El Nino,0.31871462,0.39883336,0.2902916,0.38945833,70.73308,75.25806,69.35181,73.96055,85.0,67.8,75.2,14.3,0.77,5.0,87,7.5,1,100,Moderate or heavy rain shower
586035,2015-07-14 19:00:00,2015-07-14 20:30:00,MAGOFFIN CO.,SALYERSVILLE,0.55,1.55,STRINGTOWN,37.75,-83.06,37.7607,-83.0542,2015,90.0,1.5,0,0,1000,0,0,0,9.1,290.6,2015-07-14 10:21:16,2015-07-14 00:55:02,-12.76,304.76,Waning Crescent,4.77,22,"Developed, Low Intensity",260.773,34,JJA,1.57,El Nino,0.32216418,0.40691662,0.29520836,0.38633338,70.2125,74.78496,68.81496,73.47995,85.1,68.8,75.5,15.2,0.53,5.0,86,7.1,1,100,Moderate or heavy rain shower
586036,2015-07-14 19:00:00,2015-07-14 20:00:00,WOLFE CO.,HAZEL GREEN,0.0,0.87,HAZEL GREEN,37.8,-83.42,37.8184,-83.421,2015,60.0,1.0,0,0,1000,0,0,0,9.38,290.39,2015-07-14 10:22:34,2015-07-14 00:56:37,-12.5,304.52,Waning Crescent,4.77,41,Deciduous Forest,318.165,0,JJA,1.57,El Nino,0.44667712,0.4878333,0.4292499,0.49270833,69.948235,75.361855,68.34935,73.6256,85.0,67.8,75.2,14.3,0.77,5.0,87,7.5,1,100,Moderate or heavy rain shower
586038,2015-07-14 19:19:00,2015-07-14 20:00:00,MORGAN CO.,WEST LIBERTY,0.69,0.98,WEST LIBERTY,37.91,-83.27,37.9273,-83.2716,2015,41.0,0.68,0,0,1000,0,0,0,9.31,290.46,2015-07-14 10:21:40,2015-07-14 00:56:19,-12.53,304.64,Waning Crescent,4.77,41,Deciduous Forest,288.319,0,JJA,1.57,El Nino,0.43552038,0.48016658,0.41508332,0.49070832,69.17476,74.56205,67.57955,72.848305,84.3,69.3,75.9,14.1,0.43,5.0,87,8.0,1,100,Moderate or heavy rain shower
586039,2015-07-14 19:24:00,2015-07-14 20:30:00,MAGOFFIN CO.,LOGVILLE,1.95,1.12,CISCO,37.8618,-83.1542,37.8487,-83.1419,2015,66.0,1.1,0,0,1000,0,0,0,9.21,290.53,2015-07-14 10:21:20,2015-07-14 00:55:43,-12.63,304.72,Waning Crescent,4.77,41,Deciduous Forest,286.543,0,JJA,1.57,El Nino,0.3985025,0.4555,0.3755833,0.45808348,69.674866,74.8016,68.1416,73.22285,85.1,68.8,75.5,15.2,0.53,5.0,86,7.1,1,100,Moderate or heavy rain shower
586144,2015-07-14 19:54:00,2015-07-14 22:30:00,PULASKI CO.,SOMERSET,0.0,0.76,FERGUSON,37.1,-84.6,37.0839,-84.591,2015,156.0,2.6,0,0,1000,0,0,0,10.01,289.84,2015-07-14 10:29:13,2015-07-14 00:59:24,-12.11,303.58,Waning Crescent,4.77,22,"Developed, Low Intensity",295.795,35,JJA,1.57,El Nino,0.4236063,0.4419999,0.41670835,0.441125,70.85832,77.231,69.029755,75.0035,86.2,72.7,78.0,11.6,0.02,5.0,86,11.9,1,100,Patchy rain possible
586040,2015-07-14 20:00:00,2015-07-14 22:30:00,KNOTT CO.,RITCHIE,1.77,1.11,RITCHIE,37.3,-83.06,37.2951,-83.0735,2015,150.0,2.5,0,0,1000,0,0,0,8.94,290.67,2015-07-14 10:22:30,2015-07-14 00:53:48,-13.01,304.69,Waning Crescent,4.77,41,Deciduous Forest,364.934,0,JJA,1.57,El Nino,0.31417668,0.38791668,0.29191664,0.36591673,70.339325,74.489006,69.07776,73.2815,85.5,68.3,75.4,13.9,0.67,4.0,88,7.9,1,100,Moderate or heavy rain shower
586041,2015-07-14 20:04:00,2015-07-14 20:30:00,MENIFEE CO.,MARIBA,1.09,0.29,MARIBA,37.92,-83.56,37.9339,-83.5606,2015,26.0,0.43,0,0,1000,0,0,0,9.53,290.29,2015-07-14 10:22:48,2015-07-14 00:57:30,-12.34,304.44,Waning Crescent,4.77,41,Deciduous Forest,362.706,0,JJA,1.57,El Nino,0.34742293,0.4055417,0.32658336,0.39949998,69.944336,75.05466,68.402145,73.5284,85.4,68.8,75.8,12.3,0.72,5.0,91,8.6,1,100,Moderate or heavy rain shower
586115,2015-07-14 20:04:00,2015-07-14 22:00:00,PERRY CO.,DWARF,0.69,0.84,DWARF,37.34,-83.13,37.3351,-83.1356,2015,116.0,1.93,0,0,1000,0,0,0,9.01,290.62,2015-07-14 10:22:40,2015-07-14 00:54:11,-12.95,304.64,Waning Crescent,4.77,41,Deciduous Forest,415.194,0,JJA,1.57,El Nino,0.31417668,0.38791668,0.29191664,0.36591673,69.777725,73.9274,68.51614,72.7199,85.5,68.3,75.4,13.9,0.67,4.0,88,7.9,1,100,Moderate or heavy rain shower
586131,2015-07-14 20:25:00,2015-07-14 21:00:00,MENIFEE CO.,FRENCHBURG,1.76,1.43,TABOR,37.93,-83.65,37.921,-83.6657,2015,35.0,0.58,0,0,1000,0,0,0,9.59,290.24,2015-07-14 10:23:08,2015-07-14 00:57:54,-12.27,304.38,Waning Crescent,4.77,41,Deciduous Forest,408.42,0,JJA,1.57,El Nino,0.34742293,0.4055417,0.32658336,0.39949998,69.56995,74.68025,68.027756,73.15401,85.4,68.8,75.8,12.3,0.72,5.0,91,8.6,1,100,Moderate or heavy rain shower
586110,2015-07-14 20:38:00,2015-07-14 22:30:00,ROCKCASTLE CO.,CONWAY,0.69,1.26,CONWAY,37.48,-84.33,37.474,-84.3301,2015,112.0,1.87,0,0,1000,0,0,0,9.94,289.92,2015-07-14 10:27:06,2015-07-14 00:59:22,-12.08,303.83,Waning Crescent,4.77,41,Deciduous Forest,296.117,0,JJA,1.57,El Nino,0.32603294,0.37579164,0.31145826,0.3594167,71.46965,76.97585,69.83585,75.23585,85.1,70.2,76.4,10.8,0.27,5.0,89,9.9,1,100,Moderate or heavy rain shower
586116,2015-07-14 20:40:00,2015-07-14 23:00:00,LETCHER CO.,LETCHER,0.55,1.14,LETCHER,37.15,-82.98,37.1456,-82.982,2015,140.0,2.33,0,0,1000,0,0,0,8.83,290.73,2015-07-14 10:22:35,2015-07-14 00:53:04,-13.15,304.72,Waning Crescent,4.77,41,Deciduous Forest,521.629,0,JJA,1.57,El Nino,0.32735294,0.39104167,0.30891666,0.3693333,69.374565,73.3925,68.15,72.23375,84.1,67.8,74.3,13.6,0.68,5.0,89,7.7,1,100,Moderate or heavy rain shower
586111,2015-07-14 20:45:00,2015-07-14 21:30:00,BREATHITT CO.,QUICKSAND,1.69,1.86,QUICKSAND,37.53,-83.3192,37.5271,-83.3167,2015,45.0,0.75,0,0,1000,0,0,0,9.21,290.49,2015-07-14 10:22:55,2015-07-14 00:55:28,-12.72,304.54,Waning Crescent,4.77,41,Deciduous Forest,294.914,0,JJA,1.57,El Nino,0.3052729,0.3964167,0.27504167,0.3785417,71.480644,75.807495,70.16,74.56625,85.0,67.8,75.2,14.3,0.77,5.0,87,7.5,1,100,Moderate or heavy rain shower
586113,2015-07-14 20:55:00,2015-07-14 23:15:00,LESLIE CO.,THOUSANDSTICKS,0.88,1.34,THOUSANDSTICKS,37.19,-83.43,37.1872,-83.4298,2015,140.0,2.33,0,0,1000,0,0,0,9.18,290.47,2015-07-14 10:24:17,2015-07-14 00:54:58,-12.83,304.41,Waning Crescent,4.77,41,Deciduous Forest,455.345,0,JJA,1.57,El Nino,0.31325337,0.38483337,0.2906666,0.3668333,69.2822,73.64674,67.96551,72.34175,85.5,68.3,75.4,13.9,0.67,4.0,88,7.9,1,100,Moderate or heavy rain shower
586139,2015-07-14 21:00:00,2015-07-14 23:15:00,BELL CO.,CALVIN,0.89,0.77,PAGE,36.71,-83.61,36.7001,-83.5997,2015,135.0,2.25,0,0,1000,0,0,0,9.14,290.45,2015-07-14 10:26:18,2015-07-14 00:54:24,-12.99,304.2,Waning Crescent,4.77,41,Deciduous Forest,359.329,0,JJA,1.57,El Nino,0.35548878,0.39612496,0.34399998,0.38133338,70.64743,75.02165,69.27666,73.889145,85.5,69.4,76.2,11.6,0.09,4.0,89,11.8,1,100,Moderate rain at times
586130,2015-07-14 21:00:00,2015-07-14 23:30:00,FLOYD CO.,MANTON,1.13,0.39,MANTON,37.5658,-82.7947,37.5496,-82.8002,2015,150.0,2.5,0,0,1000,0,0,0,8.84,290.78,2015-07-14 10:20:43,2015-07-14 00:53:28,-13.04,304.92,Waning Crescent,4.77,41,Deciduous Forest,343.292,0,JJA,1.57,El Nino,0.30234125,0.39487502,0.27458337,0.36666667,69.52667,73.65755,68.2538,72.5138,85.9,68.4,75.6,14.5,0.46,5.0,86,6.8,1,100,Moderate rain at times
586129,2015-07-14 21:00:00,2015-07-14 23:30:00,FLOYD CO.,WARCO,0.69,0.64,ALPHORETTA,37.56,-82.78,37.5677,-82.7676,2015,150.0,2.5,0,0,1000,0,0,0,8.83,290.79,2015-07-14 10:20:40,2015-07-14 00:53:23,-13.05,304.93,Waning Crescent,4.77,41,Deciduous Forest,269.576,0,JJA,1.57,El Nino,0.30234125,0.39487502,0.27458337,0.36666667,71.141266,75.27215,69.8684,74.1284,85.9,68.4,75.6,14.5,0.46,5.0,86,6.8,1,100,Moderate rain at times
586138,2015-07-14 21:00:00,2015-07-14 23:15:00,BELL CO.,MIRACLE,0.69,0.7,MIRACLE,36.76,-83.58,36.7518,-83.5857,2015,135.0,2.25,0,0,1000,0,0,0,9.14,290.45,2015-07-14 10:26:03,2015-07-14 00:54:25,-12.98,304.23,Waning Crescent,4.77,21,"Developed, Open Space",325.453,12,JJA,1.57,El Nino,0.33055958,0.37470832,0.31699994,0.3623334,71.0603,75.4982,69.69321,74.268196,85.5,69.4,76.2,11.6,0.09,4.0,89,11.8,1,100,Moderate rain at times
586133,2015-07-14 21:30:00,2015-07-14 23:30:00,KNOTT CO.,HINDMAN,0.0,0.87,HINDMAN,37.33,-82.98,37.3241,-82.9754,2015,120.0,2.0,0,0,1000,0,0,0,8.89,290.71,2015-07-14 10:22:06,2015-07-14 00:53:33,-13.05,304.75,Waning Crescent,4.77,41,Deciduous Forest,403.967,0,JJA,1.57,El Nino,0.31420913,0.39329168,0.2920833,0.36370826,69.24081,73.37585,67.9871,72.16085,85.5,68.3,75.4,13.9,0.67,4.0,88,7.9,1,100,Moderate or heavy rain shower
586136,2015-07-14 21:30:00,2015-07-14 23:15:00,KNOTT CO.,HINDMAN,0.55,0.71,HINDMAN,37.33,-82.97,37.3309,-82.9689,2015,105.0,1.75,0,0,1000,0,0,0,8.89,290.71,2015-07-14 10:22:04,2015-07-14 00:53:31,-13.06,304.75,Waning Crescent,4.77,22,"Developed, Low Intensity",320.451,0,JJA,1.57,El Nino,0.31420913,0.39329168,0.2920833,0.36370826,70.78521,74.92024,69.5315,73.705246,85.5,68.3,75.4,13.9,0.67,4.0,88,7.9,1,100,Moderate or heavy rain shower
586141,2015-07-14 22:00:00,2015-07-14 23:45:00,MCCREARY CO.,GILREATH,2.06,2.13,PINE KNOT,36.6519,-84.3879,36.6449,-84.3896,2015,105.0,1.75,0,0,1000,0,0,0,9.7,290.03,2015-07-14 10:29:34,2015-07-14 00:57:21,-12.5,303.65,Waning Crescent,4.77,81,Pasture/Hay,325.302,0,JJA,1.57,El Nino,0.44934794,0.46016666,0.44845828,0.4487916,70.90201,76.3271,69.23959,74.79335,85.0,71.4,76.8,11.2,0.15,5.0,86,12.1,1,100,Heavy rain at times
586135,2015-07-14 22:02:00,2015-07-14 23:15:00,LESLIE CO.,BEAR BRANCH,1.3,0.83,BEAR BRANCH,37.16,-83.55,37.1658,-83.5539,2015,73.0,1.22,0,0,1000,0,0,0,9.26,290.41,2015-07-14 10:24:51,2015-07-14 00:55:22,-12.77,304.32,Waning Crescent,4.77,21,"Developed, Open Space",260.644,13,JJA,1.57,El Nino,0.31378415,0.38341665,0.29154158,0.36683333,70.63884,75.15066,69.28565,73.7744,85.8,69.2,76.6,11.6,0.51,5.0,91,10.0,1,100,Moderate or heavy rain shower
586346,2015-07-18 18:16:00,2015-07-18 22:00:00,ROWAN CO.,HAMM,3.0,2.17,HAMM,38.16,-83.36,38.1378,-83.3622,2015,224.0,3.73,0,0,1000,0,0,0,9.15,289.79,2015-07-18 10:24:14,2015-07-18 00:55:17,19.68,269.53,Waxing Crescent,3.87,41,Deciduous Forest,331.765,0,JJA,1.57,El Nino,0.35493913,0.39291668,0.3446666,0.37749997,70.054245,76.8137,68.17369,74.248695,90.3,68.9,79.0,7.8,0.23,5.0,77,11.2,1,100,Patchy rain possible
586347,2015-07-18 18:36:00,2015-07-18 22:00:00,FLEMING CO.,CARBENTER CORNERS,0.75,0.99,CARBENTER CORNERS,38.456,-83.5915,38.4547,-83.5818,2015,204.0,3.4,0,0,1000,0,0,0,9.42,289.61,2015-07-18 10:24:22,2015-07-18 00:57:01,19.86,269.28,Waxing Crescent,3.87,81,Pasture/Hay,255.166,0,JJA,1.57,El Nino,0.3220183,0.35320833,0.3127083,0.34354165,70.85476,77.63525,68.953995,75.11149,90.3,69.8,79.5,7.4,0.17,5.0,78,11.3,1,100,Moderate rain at times
586349,2015-07-18 19:51:00,2015-07-18 22:00:00,ROWAN CO.,MOREHEAD,0.69,0.74,MOREHEAD,38.1806,-83.4426,38.179,-83.4354,2015,129.0,2.15,0,0,1000,0,0,0,9.21,289.74,2015-07-18 10:24:31,2015-07-18 00:55:40,19.74,269.47,Waxing Crescent,3.87,23,"Developed, Medium Intensity",225.191,27,JJA,1.57,El Nino,0.35493913,0.39291668,0.3446666,0.37749997,71.39975,78.159195,69.519196,75.5942,90.3,68.9,79.0,7.8,0.23,5.0,77,11.2,1,100,Patchy rain possible
594151,2015-07-18 20:00:00,2015-07-18 21:00:00,MASON CO.,ORANGEBURG,0.69,0.52,ORANGEBURG,38.5693,-83.6927,38.5662,-83.6905,2015,60.0,1.0,0,0,8000,0,0,0,9.53,289.54,2015-07-18 10:24:27,2015-07-18 00:57:44,19.94,269.17,Waxing Crescent,3.87,41,Deciduous Forest,244.299,0,JJA,1.57,El Nino,0.32372835,0.34758338,0.31508335,0.34541667,70.93806,77.78796,69.0092,75.26795,90.9,68.5,79.3,7.4,0.1,5.0,78,11.4,1,100,Moderate rain at times
586352,2015-07-18 20:18:00,2015-07-18 22:00:00,ROWAN CO.,BRADY,2.8,2.52,HAMM,38.16,-83.38,38.1475,-83.3732,2015,102.0,1.7,0,0,1000,0,0,0,9.16,289.78,2015-07-18 10:24:19,2015-07-18 00:55:22,19.69,269.52,Waxing Crescent,3.87,41,Deciduous Forest,306.193,0,JJA,1.57,El Nino,0.35493913,0.39291668,0.3446666,0.37749997,70.27655,77.036,68.395996,74.471,90.3,68.9,79.0,7.8,0.23,5.0,77,11.2,1,100,Patchy rain possible
586353,2015-07-18 20:41:00,2015-07-18 22:00:00,FLEMING CO.,RYAN,1.29,1.08,MUSES MILLS,38.36,-83.5,38.3585,-83.4997,2015,79.0,1.32,0,0,1000,0,0,0,9.32,289.68,2015-07-18 10:24:15,2015-07-18 00:56:23,19.79,269.37,Waxing Crescent,3.87,41,Deciduous Forest,262.509,0,JJA,1.57,El Nino,0.32927838,0.36195835,0.32133338,0.345625,71.32962,77.98355,69.47479,75.47105,90.3,68.9,79.0,7.8,0.23,5.0,77,11.1,1,100,Patchy rain possible
579915,2015-07-18 23:50:00,2015-07-19 03:30:00,LAWRENCE CO.,GLENWOOD,0.0,0.0,ULYSSES,38.22,-82.78,37.95,-82.7351,2015,220.0,3.67,0,0,450000,0,0,0,8.74,290.12,2015-07-18 10:21:45,2015-07-18 00:53:08,19.22,269.87,Waxing Crescent,3.87,41,Deciduous Forest,245.402,0,JJA,1.57,El Nino,0.39740917,0.44566667,0.37866673,0.44558334,70.76135,77.34485,68.9186,74.88486,90.8,69.9,79.4,7.2,0.62,5.0,77,10.6,1,100,Patchy rain possible
597537,2015-07-19 00:00:00,2015-07-19 02:00:00,ELLIOTT CO.,EDSEL,0.0,0.85,EDSEL,38.12,-82.92,38.106,-82.9091,2015,120.0,2.0,0,0,1000,0,0,0,8.72,289.9,2015-07-19 10:23:20,2015-07-19 00:52:49,26.03,259.96,Waxing Crescent,8.42,41,Deciduous Forest,315.813,0,JJA,1.57,El Nino,0.31719542,0.36954165,0.29716665,0.36841658,71.05681,77.411156,69.16865,75.4124,91.8,71.3,80.0,6.5,0.14,5.0,80,12.1,1,100,Moderate or heavy rain shower
589644,2015-07-19 19:00:00,2015-07-19 19:00:00,MARION CO.,NEW MARKET,2.0,1.32,BELLTOWN,37.5205,-85.2942,37.5222,-85.2874,2015,0.0,0.0,0,0,0,0,0,0,10.28,288.64,2015-07-19 10:34:26,2015-07-19 01:00:43,28.0,258.63,Waxing Crescent,8.42,82,Cultivated Crops,198.198,0,JJA,1.57,El Nino,0.3142579,0.31904167,0.31304163,0.31683338,74.28373,80.9075,72.2525,79.04,91.9,72.6,80.6,6.9,0.35,4.0,80,10.8,1,100,Moderate or heavy rain shower
586365,2015-07-20 02:00:00,2015-07-20 04:00:00,ROCKCASTLE CO.,WITHERS,0.0,0.76,MULLINS,37.35,-84.23,37.3475,-84.208,2015,120.0,2.0,0,0,1000,0,0,0,9.34,289.11,2015-07-20 10:31:22,2015-07-20 00:55:25,33.1,248.5,Waxing Crescent,14.47,41,Deciduous Forest,332.299,0,JJA,1.57,El Nino,0.31844962,0.38533333,0.3000834,0.35912505,72.89128,76.97749,71.509995,76.265,87.3,71.1,77.3,7.4,0.5,5.0,83,10.6,1,100,Moderate or heavy rain shower
587358,2015-07-28 18:20:00,2015-07-28 21:30:00,TRIGG CO.,WALLONIA,5.64,4.81,TRIGG FURNACE,36.9561,-87.8718,36.9329,-87.8906,2015,190.0,3.17,0,0,0,0,0,0,11.04,285.75,2015-07-28 10:53:07,2015-07-28 01:03:13,21.7,137.1,Waxing Gibbous,85.13,41,Deciduous Forest,178.868,0,JJA,1.57,El Nino,0.3989433,0.34620833,0.4151249,0.36104167,76.196754,83.616356,74.15136,80.73635,94.3,75.0,84.2,5.6,0.01,5.0,76,11.9,1,100,Patchy rain possible
587357,2015-07-28 18:20:00,2015-07-28 21:30:00,CALDWELL CO.,BLACK HAWK,0.77,1.32,BLACK HAWK,36.9603,-87.8771,37.0031,-87.862,2015,190.0,3.17,1,0,80000,0,0,0,11.04,285.74,2015-07-28 10:53:07,2015-07-28 01:03:15,21.69,137.1,Waxing Gibbous,85.13,82,Cultivated Crops,169.72,0,JJA,1.57,El Nino,0.3989433,0.34620833,0.4151249,0.36104167,76.30205,83.72165,74.25665,80.841644,94.3,75.0,84.2,5.6,0.01,5.0,76,11.9,1,100,Patchy rain possible
585312,2015-07-29 16:43:00,2015-07-29 16:43:00,HARRISON CO.,CYNTHIANA,0.48,0.55,CYNTHIANA,38.3868,-84.3019,38.3838,-84.3064,2015,0.0,0.0,0,0,0,0,0,0,8.62,287.37,2015-07-29 10:36:18,2015-07-29 00:51:27,14.92,129.83,Waxing Gibbous,91.99,21,"Developed, Open Space",224.01,11,JJA,1.57,El Nino,0.31994167,0.29916665,0.32816672,0.2986667,73.67522,79.52644,71.94771,77.6477,92.7,70.1,80.6,5.1,0.43,5.0,75,11.2,1,100,Moderate or heavy rain shower
585307,2015-07-29 16:46:00,2015-07-29 16:46:00,HARRISON CO.,CYNTHIANA,0.69,0.64,CYNTHIANA,38.39,-84.3,38.3954,-84.3031,2015,0.0,0.0,0,0,0,0,0,0,8.62,287.37,2015-07-29 10:36:17,2015-07-29 00:51:27,14.91,129.83,Waxing Gibbous,91.99,22,"Developed, Low Intensity",216.617,43,JJA,1.57,El Nino,0.31994167,0.29916665,0.32816672,0.2986667,73.72202,79.57325,71.99451,77.6945,92.7,70.1,80.6,5.1,0.43,5.0,75,11.2,1,100,Moderate or heavy rain shower
586776,2015-08-03 20:32:00,2015-08-03 21:30:00,ROWAN CO.,MOREHEAD,0.88,1.81,BRADY,38.19,-83.44,38.1589,-83.4546,2015,58.0,0.97,0,0,1000,0,0,0,7.13,286.96,2015-08-03 10:37:34,2015-08-03 00:42:46,-25.71,75.03,Waning Gibbous,90.84,41,Deciduous Forest,317.47,0,JAS,1.91,El Nino,0.30459756,0.25449994,0.3169583,0.27891666,72.77581,77.29054,71.4893,75.68179,92.7,64.2,76.8,11.6,0.02,6.0,58,11.2,1,100,Moderate rain at times
586777,2015-08-03 20:40:00,2015-08-03 23:30:00,MONTGOMERY CO.,MT STERLING,0.69,2.81,HOWARD MILLS,38.06,-83.95,38.0523,-83.8059,2015,170.0,2.83,0,0,50000,0,0,0,7.47,286.67,2015-08-03 10:39:54,2015-08-03 00:44:31,-26.12,74.73,Waning Gibbous,90.84,81,Pasture/Hay,273.095,0,JAS,1.91,El Nino,0.29903874,0.26062495,0.30604157,0.28783333,72.57916,76.070145,71.581406,74.836395,91.9,63.3,76.8,11.2,0.03,6.0,57,11.3,1,100,Moderate rain at times
586778,2015-08-03 21:20:00,2015-08-03 23:45:00,BATH CO.,SHARPSBURG,1.2,2.56,SHARPSBURG,38.2044,-83.9087,38.2094,-83.9121,2015,145.0,2.42,0,0,1000,0,0,0,7.48,286.68,2015-08-03 10:39:25,2015-08-03 00:44:40,-26.06,74.69,Waning Gibbous,90.84,81,Pasture/Hay,308.046,0,JAS,1.91,El Nino,0.30512124,0.26300004,0.3141251,0.28829163,72.86945,76.419044,71.8478,75.18905,92.1,63.4,76.8,11.4,0.03,6.0,57,11.3,1,100,Moderate rain at times
586779,2015-08-03 21:30:00,2015-08-03 23:45:00,BATH CO.,KENDALL SPGS,1.77,2.7,OWINGSVILLE,38.1255,-83.7837,38.1399,-83.8048,2015,135.0,2.25,0,0,1000,0,0,0,7.36,286.76,2015-08-03 10:39:05,2015-08-03 00:44:00,-25.98,74.81,Waning Gibbous,90.84,41,Deciduous Forest,214.589,0,JAS,1.91,El Nino,0.29076332,0.25283334,0.29812497,0.2781667,73.66805,77.26444,72.636955,76.00445,92.1,63.4,76.8,11.4,0.03,6.0,57,11.3,1,100,Moderate rain at times
586780,2015-08-03 21:30:00,2015-08-03 23:45:00,BATH CO.,REYNOLDSVILLE,3.21,4.35,REYNOLDSVILLE,38.14,-83.85,38.1461,-83.8549,2015,135.0,2.25,0,0,1000,0,0,0,7.42,286.72,2015-08-03 10:39:19,2015-08-03 00:44:18,-26.03,74.76,Waning Gibbous,90.84,81,Pasture/Hay,287.683,0,JAS,1.91,El Nino,0.29076332,0.25283334,0.29812497,0.2781667,72.849045,76.44546,71.81795,75.185455,91.9,63.3,76.8,11.2,0.03,6.0,57,11.3,1,100,Moderate rain at times
587078,2015-08-03 21:45:00,2015-08-03 21:45:00,BOURBON CO.,LITTLE ROCK,0.69,0.53,LITTLE ROCK,38.19,-84.05,38.1931,-84.0485,2015,0.0,0.0,0,0,0,0,0,0,7.58,286.6,2015-08-03 10:40:01,2015-08-03 00:45:12,-26.17,74.59,Waning Gibbous,90.84,21,"Developed, Open Space",263.894,0,JAS,1.91,El Nino,0.3090625,0.26800004,0.31766662,0.29325,73.13825,76.66715,72.13339,75.40715,92.1,63.7,76.7,11.2,0.05,6.0,57,11.3,1,100,Heavy rain at times
586806,2015-08-05 16:40:00,2015-08-05 18:00:00,BELL CO.,PINEVILLE,1.38,0.27,WASIOTO,36.7682,-83.7048,36.7539,-83.7069,2015,80.0,1.33,0,0,1000,0,0,0,6.58,286.57,2015-08-05 10:43:19,2015-08-05 00:38:47,-37.7,46.2,Waning Gibbous,73.12,21,"Developed, Open Space",345.737,6,JAS,1.91,El Nino,0.2722992,0.26529166,0.28258336,0.23937498,74.0513,76.89035,73.065346,76.48535,87.8,67.5,76.1,4.3,0.35,6.0,79,11.6,1,100,Moderate or heavy rain shower
593426,2015-08-19 11:45:00,2015-08-19 13:30:00,CALDWELL CO.,PRINCETON,0.73,0.7,CRIDER,37.1149,-87.8817,37.1472,-87.9895,2015,105.0,1.75,0,0,3000,0,0,0,6.97,281.07,2015-08-19 11:11:02,2015-08-19 00:39:58,29.53,236.53,Waxing Crescent,16.5,41,Deciduous Forest,167.346,0,JAS,1.91,El Nino,0.38171253,0.43224993,0.37900004,0.37416664,74.76167,76.355896,73.963394,76.967155,84.7,65.2,75.4,11.9,0.87,5.0,80,7.4,1,100,Moderate or heavy rain shower
609266,2015-12-23 16:17:00,2015-12-23 18:00:00,MARSHALL CO.,HARVY,0.0,0.0,AURORA,36.82,-88.42,36.78,-88.13,2015,103.0,1.72,0,0,50000,0,0,0,-15.24,251.89,2015-12-23 13:03:13,2015-12-23 22:42:13,36.69,98.83,Waxing Gibbous,92.16,43,Mixed Forest,126.999,0,NDJ,2.75,El Nino,0.3857021,0.4005833,0.3823333,0.39229164,54.92964,58.555847,54.18335,56.2796,64.9,58.0,63.6,14.7,0.71,4.0,94,0.2,1,100,Moderate or heavy rain shower
609268,2015-12-23 16:22:00,2015-12-23 18:00:00,CALLOWAY CO.,ALMO,0.0,5.0,KIRKSEY,36.7,-88.27,36.7,-88.38,2015,98.0,1.63,0,0,25000,0,0,0,-15.32,251.93,2015-12-23 13:02:17,2015-12-23 22:41:57,36.82,98.84,Waxing Gibbous,92.16,82,Cultivated Crops,138.072,0,NDJ,2.75,El Nino,0.38522708,0.40258333,0.38075006,0.39479163,55.396286,59.0774,54.611153,56.86115,65.7,58.8,63.8,14.8,0.69,3.0,94,0.2,1,100,Moderate or heavy rain shower
609270,2015-12-23 16:34:00,2015-12-23 18:00:00,MCCRACKEN CO.,LONE OAK,0.69,2.29,LONE OAK,37.04,-88.67,37.0366,-88.6477,2015,86.0,1.43,0,0,0,0,0,0,-15.12,251.81,2015-12-23 13:04:50,2015-12-23 22:42:37,36.45,98.82,Waxing Gibbous,92.16,22,"Developed, Low Intensity",144.589,27,NDJ,2.75,El Nino,0.38761124,0.40587506,0.38358322,0.39533338,54.507538,58.091904,53.84315,55.59065,64.6,55.5,63.1,17.2,0.81,4.0,94,0.1,1,100,Moderate or heavy rain shower
609271,2015-12-23 17:05:00,2015-12-23 18:00:00,HOPKINS CO.,MADISONVILLE,0.88,1.33,MADISONVILLE,37.34,-87.51,37.3318,-87.4925,2015,55.0,0.92,0,0,0,0,0,0,-16.09,252.51,2015-12-23 13:01:02,2015-12-23 22:37:08,37.32,99.86,Waxing Gibbous,92.16,22,"Developed, Low Intensity",153.06,33,NDJ,2.75,El Nino,0.39439583,0.4072083,0.38987496,0.405625,54.711613,59.19395,53.77895,56.4152,66.0,60.1,64.3,17.8,0.73,5.0,90,0.1,1,100,Moderate or heavy rain shower
606262,2015-12-23 18:53:00,2015-12-23 18:53:00,BUTLER CO.,ELFIE,0.88,0.67,ELFIE,37.37,-86.61,37.3692,-86.6116,2015,0.0,0.0,0,0,75000,0,0,0,-16.78,253.0,2015-12-23 12:57:31,2015-12-23 22:33:26,38.03,100.53,Waxing Gibbous,92.16,41,Deciduous Forest,158.412,0,NDJ,2.75,El Nino,0.48480916,0.46866667,0.4868333,0.48324993,54.541405,59.2529,53.6279,56.1029,65.3,62.3,63.8,15.0,0.49,4.0,94,0.1,1,100,Moderate or heavy rain shower
607256,2015-12-25 12:00:00,2015-12-25 16:00:00,CARTER CO.,NORTON BRANCH,0.97,3.09,LEON,38.3364,-82.7842,38.295,-82.9766,2015,240.0,4.0,0,0,15000,0,0,0,-19.75,255.28,2015-12-25 12:45:49,2015-12-25 22:16:32,20.99,83.33,Full Moon,99.54,41,Deciduous Forest,230.548,0,NDJ,2.75,El Nino,0.48929587,0.46845832,0.48979172,0.49454167,54.767525,56.353996,53.968998,56.976498,60.6,52.9,56.2,5.1,0.86,2.0,98,0.1,1,100,Moderate or heavy rain shower
607257,2015-12-25 12:00:00,2015-12-25 16:00:00,BOYD CO.,RUSH,0.0,0.0,GARNER,38.33,-82.78,38.2795,-82.7561,2015,240.0,4.0,0,0,10000,0,0,0,-19.75,255.28,2015-12-25 12:45:47,2015-12-25 22:16:32,20.99,83.33,Full Moon,99.54,41,Deciduous Forest,278.02,0,NDJ,2.75,El Nino,0.48929587,0.46845832,0.48979172,0.49454167,54.58033,56.1668,53.781803,56.7893,60.6,52.9,56.2,5.1,0.86,2.0,98,0.1,1,100,Moderate or heavy rain shower
607258,2015-12-25 12:00:00,2015-12-25 16:00:00,LAWRENCE CO.,WEBBVILLE,0.0,1.0,LOUISA,38.18,-82.87,38.1051,-82.6141,2015,240.0,4.0,0,0,10000,0,0,0,-19.64,255.17,2015-12-25 12:45:43,2015-12-25 22:17:19,20.9,83.21,Full Moon,99.54,41,Deciduous Forest,251.301,0,NDJ,2.75,El Nino,0.42434046,0.43416667,0.41754177,0.44437492,54.5726,56.07785,53.8166,56.662853,60.6,52.9,56.2,5.1,0.86,2.0,98,0.1,1,100,Moderate or heavy rain shower
612489,2015-12-25 12:11:00,2015-12-25 14:00:00,BELL CO.,BEVERLY,0.0,0.52,BEVERLY,36.93,-83.53,36.934,-83.5308,2015,109.0,1.82,0,0,1000,0,0,0,-18.81,254.4,2015-12-25 12:44:49,2015-12-25 22:23:30,20.23,82.35,Full Moon,99.54,41,Deciduous Forest,511.401,0,NDJ,2.75,El Nino,0.42501256,0.41949996,0.42504165,0.42674994,54.89296,60.280697,53.30195,58.55195,62.8,54.7,58.6,6.5,1.44,2.0,98,0.1,1,100,Moderate or heavy rain shower
612490,2015-12-25 13:18:00,2015-12-25 14:30:00,KNOX CO.,FLAT LICK,1.16,1.51,FLAT LICK,36.8382,-83.7518,36.8363,-83.7505,2015,72.0,1.2,0,0,1000,0,0,0,-18.61,254.25,2015-12-25 12:45:27,2015-12-25 22:24:38,20.04,82.19,Full Moon,99.54,21,"Developed, Open Space",320.331,6,NDJ,2.75,El Nino,0.47142792,0.45829168,0.47475004,0.4644167,55.50579,60.939198,53.8817,59.26295,63.5,57.0,60.4,7.4,1.51,2.0,99,0.1,1,100,Moderate or heavy rain shower
609541,2015-12-28 12:08:00,2015-12-28 15:00:00,GRAVES CO.,SYMSONIA,0.0,2.31,SYMSONIA,36.92,-88.52,36.9313,-88.5103,2015,172.0,2.87,0,0,0,0,0,0,-14.65,251.64,2015-12-28 13:05:49,2015-12-28 22:45:25,-15.15,58.61,Waning Gibbous,92.61,82,Cultivated Crops,115.586,0,NDJ,2.75,El Nino,0.42785457,0.4230833,0.42904165,0.42537498,56.6522,56.365105,56.807594,56.2151,59.2,45.9,51.3,15.5,1.44,5.0,81,0.3,1,100,Moderate or heavy rain shower
609543,2015-12-28 12:46:00,2015-12-28 15:00:00,MCCRACKEN CO.,KREBS,2.08,2.26,MASSAC,37.0093,-88.6284,37.0172,-88.7128,2015,134.0,2.23,0,0,0,0,0,0,-14.6,251.6,2015-12-28 13:06:29,2015-12-28 22:45:37,-15.18,58.51,Waning Gibbous,92.61,21,"Developed, Open Space",139.042,3,NDJ,2.75,El Nino,0.43142882,0.4215,0.43479165,0.42320833,55.99966,55.36415,56.25665,55.3304,59.2,45.9,51.3,15.5,1.44,5.0,81,0.2,1,100,Moderate or heavy rain shower
609539,2015-12-28 13:40:00,2015-12-28 15:00:00,CALLOWAY CO.,NEW CONCORD,0.0,0.0,HAZEL,36.55,-88.15,36.5,-88.32,2015,80.0,1.33,0,0,0,0,0,0,-14.82,251.74,2015-12-28 13:03:19,2015-12-28 22:44:57,-15.09,58.95,Waning Gibbous,92.61,82,Cultivated Crops,166.962,0,NDJ,2.75,El Nino,0.35937288,0.35154167,0.35883334,0.36383334,57.502445,58.7099,57.254898,57.948647,60.7,46.8,54.1,15.4,1.14,5.0,80,0.3,1,100,Moderate or heavy rain shower
610037,2016-02-03 01:05:00,2016-02-03 01:05:00,NELSON CO.,HIGHGROVE,2.34,2.69,HIGHGROVE,37.95,-85.46,37.9512,-85.4627,2016,0.0,0.0,0,0,0,0,0,0,-11.07,257.3,2016-02-03 12:44:30,2016-02-03 23:07:09,-64.43,322.79,Waning Crescent,32.58,41,Deciduous Forest,182.007,0,JFM,2.28,El Nino,0.40570125,0.40337503,0.40258336,0.41716668,44.948524,52.386803,42.7493,50.0093,62.8,36.6,49.9,15.5,0.49,5.0,86,1.0,1,100,Heavy rain at times
614625,2016-02-03 06:05:00,2016-02-03 07:30:00,MAGOFFIN CO.,SALYERSVILLE,0.99,1.3,SALYERSVILLE,37.7561,-83.0865,37.755,-83.0807,2016,85.0,1.42,0,0,0,0,0,0,-12.86,258.64,2016-02-03 12:34:38,2016-02-03 22:58:00,-65.64,327.26,Waning Crescent,32.58,41,Deciduous Forest,320.157,0,JFM,2.28,El Nino,0.42467785,0.41279164,0.42625,0.42325,43.71635,53.1857,41.1932,49.2107,60.8,41.8,55.6,17.2,1.26,5.0,91,0.5,1,100,Moderate or heavy rain shower
610050,2016-02-03 06:40:00,2016-02-03 09:30:00,BOYD CO.,RUSH,0.45,0.56,RUSH,38.3365,-82.7811,38.3359,-82.782,2016,170.0,2.83,0,0,15000,0,0,0,-13.21,258.95,2016-02-03 12:34:31,2016-02-03 22:55:41,-65.29,328.55,Waning Crescent,32.58,21,"Developed, Open Space",191.887,8,JFM,2.28,El Nino,0.5039651,0.47924995,0.5110001,0.48808336,43.355637,53.023552,41.09105,47.8973,61.6,41.0,55.5,15.7,1.08,5.0,90,0.5,1,100,Moderate or heavy rain shower
610051,2016-02-03 06:45:00,2016-02-03 09:45:00,LAWRENCE CO.,LOUISA,0.67,1.58,LOUISA,38.119,-82.6123,38.1094,-82.6014,2016,180.0,3.0,0,0,5000,0,0,0,-13.3,258.99,2016-02-03 12:33:26,2016-02-03 22:55:25,-65.54,328.65,Waning Crescent,32.58,23,"Developed, Medium Intensity",175.602,56,JFM,2.28,El Nino,0.42112294,0.41141668,0.42174998,0.42220834,44.631126,54.0638,42.17255,49.9163,63.1,44.7,55.5,16.1,1.13,5.0,91,0.5,1,100,Moderate or heavy rain shower
620472,2016-03-09 19:30:00,2016-03-10 04:00:00,GRAVES CO.,WATER VLY,2.41,0.93,BALTIMORE,36.5781,-88.8423,36.6712,-88.8403,2016,510.0,8.5,0,0,0,0,0,0,-0.7,265.58,2016-03-09 12:13:52,2016-03-09 23:58:07,-2.11,266.21,New Moon,0.01,82,Cultivated Crops,127.251,0,FMA,1.71,El Nino,0.39456543,0.40041664,0.3973333,0.38312498,51.934513,58.749645,49.72715,57.2309,64.4,59.2,61.8,15.7,1.44,4.0,94,0.6,1,100,Moderate or heavy rain shower
620474,2016-03-09 20:17:00,2016-03-10 04:00:00,FULTON CO.,SASSAFRAS RIDGE,1.99,0.94,DODD,36.5748,-89.3484,36.5748,-89.1094,2016,463.0,7.72,0,0,0,0,0,0,-0.39,265.28,2016-03-09 12:15:53,2016-03-10 00:00:09,-1.83,265.9,New Moon,0.01,31,Barren Land,86.144,0,FMA,1.71,El Nino,0.3947438,0.4165,0.39108327,0.40004167,52.33265,58.82525,50.245247,57.32525,63.1,60.1,61.7,15.1,1.99,3.0,94,0.6,1,100,Moderate or heavy rain shower
620964,2016-03-09 22:15:00,2016-03-10 00:15:00,CARLISLE CO.,CUNNINGHAM,4.61,4.2,MAGEE SPGS,36.9491,-88.8049,36.9433,-88.9247,2016,120.0,2.0,0,0,0,0,0,0,-0.75,265.61,2016-03-09 12:13:52,2016-03-09 23:57:50,-2.15,266.24,New Moon,0.01,90,Woody Wetlands,102.08,0,FMA,1.71,El Nino,0.39844835,0.4068333,0.40058336,0.38833335,51.895588,58.716347,49.675102,57.2351,61.7,59.4,60.3,12.8,1.4,3.0,96,0.7,1,100,Moderate or heavy rain shower
625665,2016-04-27 16:51:00,2016-04-27 19:00:00,WEBSTER CO.,SEBREE,0.0,0.0,CLAY,37.6,-87.53,37.48,-87.83,2016,129.0,2.15,0,0,0,0,0,0,6.19,282.9,2016-04-27 10:58:33,2016-04-27 00:36:25,-52.39,70.35,Waning Gibbous,80.15,81,Pasture/Hay,158.71,0,MAM,1.05,El Nino,0.35596296,0.41741666,0.33970836,0.3912084,61.246098,66.656006,59.396,65.786,77.4,64.2,69.1,12.2,1.18,4.0,85,4.0,1,100,Moderate or heavy rain shower
625670,2016-04-27 17:01:00,2016-04-27 19:00:00,HENDERSON CO.,HENDERSON,0.69,0.94,ANTHOSTON,37.84,-87.58,37.7861,-87.5557,2016,119.0,1.98,0,0,0,0,0,0,6.28,282.84,2016-04-27 10:58:21,2016-04-27 00:37:01,-52.34,70.02,Waning Gibbous,80.15,81,Pasture/Hay,114.636,0,MAM,1.05,El Nino,0.34605587,0.40645838,0.3298333,0.38154164,60.876537,66.5525,58.99625,65.43126,77.3,63.5,68.7,13.9,1.24,5.0,85,4.0,1,100,Moderate or heavy rain shower
625677,2016-04-27 17:49:00,2016-04-27 19:30:00,DAVIESS CO.,OWENSBORO,0.74,1.13,OWENSBORO,37.7718,-87.1334,37.7726,-87.1015,2016,101.0,1.68,0,0,0,0,0,0,5.93,283.12,2016-04-27 10:56:41,2016-04-27 00:35:07,-52.04,70.53,Waning Gibbous,80.15,23,"Developed, Medium Intensity",119.62,79,MAM,1.05,El Nino,0.34916294,0.3946667,0.34154168,0.36012495,60.772026,66.7757,58.806942,65.5082,76.9,62.8,68.8,11.4,1.24,4.0,86,4.8,1,100,Moderate or heavy rain shower
629182,2016-05-01 04:00:00,2016-05-01 06:30:00,PERRY CO.,CHAVIES,0.57,0.86,CHAVIES,37.3429,-83.3648,37.3453,-83.3641,2016,150.0,2.5,0,0,1000,0,0,0,3.65,286.45,2016-05-01 10:37:40,2016-05-01 00:22:55,-64.18,343.77,Waning Crescent,40.91,21,"Developed, Open Space",251.301,6,AMJ,0.49,Neutral,0.33160293,0.41941667,0.3020833,0.4035416,60.929337,65.585144,59.6339,63.818897,74.7,59.1,65.8,8.1,0.65,4.0,91,6.6,1,100,Moderate or heavy rain shower
623516,2016-05-01 04:40:00,2016-05-01 06:30:00,BREATHITT CO.,WOLF COAL,1.64,1.29,ALTRO,37.4008,-83.4099,37.3846,-83.375,2016,110.0,1.83,0,0,10000,0,0,0,3.7,286.42,2016-05-01 10:37:45,2016-05-01 00:23:13,-64.11,343.7,Waning Crescent,40.91,41,Deciduous Forest,348.755,0,AMJ,0.49,Neutral,0.33306295,0.4141667,0.30449995,0.40395835,58.889225,63.5789,57.6014,61.741405,74.7,59.1,65.8,8.1,0.65,4.0,91,6.6,1,100,Moderate or heavy rain shower
622483,2016-05-01 15:40:00,2016-05-01 16:40:00,OWEN CO.,TERESITA,0.65,0.53,TERESITA,38.3815,-84.7582,38.4081,-84.7659,2016,60.0,1.0,1,0,50000,0,0,0,4.95,285.55,2016-05-01 10:41:18,2016-05-01 00:30:25,-62.88,341.46,Waning Crescent,40.91,81,Pasture/Hay,232.882,0,AMJ,0.49,Neutral,0.39131498,0.413125,0.38079166,0.42012498,58.387028,63.6149,57.161156,60.8474,75.2,58.3,65.4,6.7,0.26,5.0,87,8.2,1,100,Moderate rain at times
622238,2016-05-01 16:45:00,2016-05-01 18:00:00,BOYD CO.,ROCKDALE,0.82,1.6,MEADS,38.4128,-82.668,38.4219,-82.7066,2016,75.0,1.25,0,0,25000,0,0,0,3.44,286.81,2016-05-01 10:32:53,2016-05-01 00:22:07,-63.3,345.81,Waning Crescent,40.91,41,Deciduous Forest,232.657,0,AMJ,0.49,Neutral,0.39669457,0.43608332,0.3798333,0.44137502,58.989723,64.20905,57.7103,61.63655,77.2,60.3,66.3,7.2,0.64,5.0,88,7.0,1,100,Moderate or heavy rain shower
623717,2016-05-02 14:05:00,2016-05-02 16:05:00,OWSLEY CO.,PEBWORTH,0.0,0.61,TURIN,37.5,-83.73,37.4923,-83.7117,2016,120.0,2.0,0,0,1000,0,0,0,4.11,286.48,2016-05-02 10:37:43,2016-05-02 00:25:35,-56.07,322.92,Waning Crescent,30.23,81,Pasture/Hay,307.449,0,AMJ,0.49,Neutral,0.44207668,0.47654164,0.4262916,0.4847084,59.979317,63.501804,58.7243,63.10805,74.5,56.1,64.1,8.1,0.83,3.0,92,2.5,1,100,Moderate or heavy rain shower
623718,2016-05-02 14:53:00,2016-05-02 16:23:00,MAGOFFIN CO.,SUBLETT,1.08,1.11,SUBLETT,37.6728,-83.0475,37.6736,-83.0431,2016,90.0,1.5,0,0,0,0,0,0,3.66,286.87,2016-05-02 10:34:40,2016-05-02 00:23:10,-56.25,324.12,Waning Crescent,30.23,81,Pasture/Hay,268.22,0,AMJ,0.49,Neutral,0.35386047,0.4134167,0.33025,0.41495833,60.364628,64.19076,59.049507,63.598255,73.8,54.7,63.6,8.3,0.94,2.0,90,3.2,1,100,Moderate or heavy rain shower
623719,2016-05-02 15:00:00,2016-05-02 16:45:00,FLOYD CO.,WEST PRESTONSBURG,2.06,0.81,BONANZA,37.6833,-82.8338,37.6912,-82.8324,2016,105.0,1.75,0,0,0,0,0,0,3.51,287.0,2016-05-02 10:33:47,2016-05-02 00:22:20,-56.34,324.46,Waning Crescent,30.23,41,Deciduous Forest,204.043,0,AMJ,0.49,Neutral,0.35038087,0.4153333,0.32587495,0.41274998,60.073097,63.900352,58.75535,63.315346,74.0,56.2,64.4,7.4,0.96,3.0,91,5.1,1,100,Moderate or heavy rain shower
630331,2016-05-10 12:30:00,2016-05-10 16:00:00,DAVIESS CO.,OWENSBORO,1.9,1.12,OWENSBORO,37.7843,-87.1497,37.7805,-87.0873,2016,210.0,3.5,0,0,100000,0,0,0,7.97,286.31,2016-05-10 10:42:30,2016-05-10 00:47:05,44.19,258.05,Waxing Crescent,14.32,11,Open Water,109.728,0,AMJ,0.49,Neutral,0.36539042,0.4006667,0.3590001,0.3755417,61.092613,65.6132,59.67695,64.43945,74.1,61.9,67.3,15.7,0.87,4.0,91,3.7,1,100,Moderate or heavy rain shower
626571,2016-05-10 15:50:00,2016-05-10 15:50:00,HARDIN CO.,ELIZABETH TOWN,0.0,0.29,ELIZABETH TOWN,37.7,-85.87,37.7014,-85.8659,2016,0.0,0.0,0,0,0,0,0,0,6.99,287.06,2016-05-10 10:37:35,2016-05-10 00:41:46,43.21,259.11,Waxing Crescent,14.32,24,"Developed, High Intensity",222.79,90,AMJ,0.49,Neutral,0.4425108,0.4637083,0.43808332,0.45062497,59.620365,64.3349,58.177395,62.996147,74.1,61.3,66.2,12.8,0.94,5.0,87,5.1,1,100,Moderate or heavy rain shower
627331,2016-05-10 19:25:00,2016-05-10 20:25:00,WOLFE CO.,CAMPTON,0.0,1.63,CAMPTON,37.73,-83.55,37.7394,-83.5546,2016,60.0,1.0,0,0,1000,1000,0,0,5.28,288.42,2016-05-10 10:28:14,2016-05-10 00:32:33,41.37,260.8,Waxing Crescent,14.32,22,"Developed, Low Intensity",310.39,40,AMJ,0.49,Neutral,0.44510052,0.4354166,0.44754156,0.43995842,58.479874,64.64915,56.905396,61.82165,76.8,60.0,67.8,12.7,0.06,6.0,77,8.7,1,100,Heavy rain at times
626615,2016-05-11 06:36:00,2016-05-11 06:36:00,LOGAN CO.,OLMSTEAD,0.0,0.83,OLMSTEAD,36.75,-87.02,36.7586,-87.011,2016,0.0,0.0,0,0,0,0,0,0,7.73,286.73,2016-05-11 10:43:19,2016-05-11 00:45:12,54.49,246.26,Waxing Crescent,23.05,21,"Developed, Open Space",179.566,0,AMJ,0.49,Neutral,0.45673168,0.46541664,0.44562507,0.49191666,62.43856,69.07281,60.747795,66.024055,83.7,63.9,72.0,8.1,0.77,5.0,87,5.4,1,100,Moderate or heavy rain shower
632950,2016-05-11 07:00:00,2016-05-11 10:00:00,TODD CO.,ALLENSVILLE,0.8,0.0,ANDERSON,36.7093,-87.0645,36.6888,-87.1642,2016,180.0,3.0,0,0,40000,0,0,0,7.75,286.71,2016-05-11 10:43:35,2016-05-11 00:45:17,54.54,246.27,Waxing Crescent,23.05,82,Cultivated Crops,175.063,0,AMJ,0.49,Neutral,0.4499358,0.46295834,0.43775013,0.48737502,62.47235,69.2831,60.729347,66.1781,83.7,63.9,72.0,8.1,0.77,5.0,87,5.4,1,100,Moderate or heavy rain shower
626616,2016-05-11 07:30:00,2016-05-11 07:30:00,LOGAN CO.,OLMSTEAD,2.61,3.14,OLMSTEAD,36.73,-87.06,36.7326,-87.067,2016,0.0,0.0,0,0,5000,0,0,0,7.75,286.71,2016-05-11 10:43:32,2016-05-11 00:45:19,54.52,246.25,Waxing Crescent,23.05,82,Cultivated Crops,176.602,0,AMJ,0.49,Neutral,0.4499358,0.46295834,0.43775013,0.48737502,62.65955,69.47031,60.916546,66.36531,83.7,63.9,72.0,8.1,0.77,5.0,87,5.4,1,100,Moderate or heavy rain shower
626617,2016-05-11 07:41:00,2016-05-11 07:41:00,LOGAN CO.,OLMSTEAD,2.32,0.96,WHIPPOORWILL,36.74,-87.06,36.8055,-86.9884,2016,0.0,0.0,0,0,0,0,0,0,7.75,286.71,2016-05-11 10:43:30,2016-05-11 00:45:20,54.52,246.23,Waxing Crescent,23.05,81,Pasture/Hay,182.136,0,AMJ,0.49,Neutral,0.4499358,0.46295834,0.43775013,0.48737502,62.624447,69.4352,60.881447,66.33021,83.7,63.9,72.0,8.1,0.77,5.0,87,5.4,1,100,Moderate or heavy rain shower
626618,2016-05-11 07:41:00,2016-05-11 07:41:00,SIMPSON CO.,FLAT ROCK,0.96,0.65,FLAT ROCK,36.6901,-86.5381,36.6918,-86.5393,2016,0.0,0.0,0,0,0,0,0,0,7.34,287.01,2016-05-11 10:41:32,2016-05-11 00:43:08,54.15,246.85,Waxing Crescent,23.05,21,"Developed, Open Space",203.904,0,AMJ,0.49,Neutral,0.4830033,0.46383333,0.481125,0.4958333,62.51667,69.156204,60.789944,66.2237,83.5,63.5,71.6,7.2,2.0,4.0,88,6.5,1,100,Moderate or heavy rain shower
626619,2016-05-11 11:15:00,2016-05-11 11:15:00,LOGAN CO.,RUSSELLVILLE,0.88,1.73,RUSSELLVILLE,36.84,-86.89,36.8428,-86.9166,2016,0.0,0.0,0,0,0,0,0,0,7.65,286.79,2016-05-11 10:42:36,2016-05-11 00:44:52,54.35,246.28,Waxing Crescent,23.05,21,"Developed, Open Space",185.784,19,AMJ,0.49,Neutral,0.45433092,0.47383332,0.44166657,0.49125,62.1101,68.34215,60.4784,65.62715,84.2,63.3,71.6,7.6,1.17,5.0,88,5.7,1,100,Moderate or heavy rain shower
626620,2016-05-11 11:15:00,2016-05-11 11:15:00,SIMPSON CO.,FLAT ROCK,0.69,2.46,FRANKLIN,36.69,-86.55,36.7298,-86.5482,2016,0.0,0.0,0,0,0,0,0,0,7.35,287.0,2016-05-11 10:41:34,2016-05-11 00:43:11,54.16,246.83,Waxing Crescent,23.05,82,Cultivated Crops,197.695,0,AMJ,0.49,Neutral,0.48213336,0.45820835,0.48108324,0.49370834,62.943874,69.70535,61.200344,66.66785,83.5,63.5,71.6,7.2,2.0,4.0,88,6.5,1,100,Moderate or heavy rain shower
624496,2016-05-12 18:30:00,2016-05-12 20:00:00,JACKSON CO.,BRADSHAW,0.68,0.84,BRADSHAW,37.4263,-83.9586,37.4328,-83.9326,2016,90.0,1.5,0,0,0,0,0,0,5.78,288.62,2016-05-12 10:28:42,2016-05-12 00:35:17,59.81,230.62,Waxing Crescent,32.76,41,Deciduous Forest,363.225,0,AMJ,0.49,Neutral,0.35695717,0.4065833,0.34654176,0.3761249,59.85013,66.766396,57.871395,64.328896,77.7,61.0,67.2,7.5,0.67,3.0,88,5.4,1,100,Moderate or heavy rain shower
626622,2016-05-26 13:20:00,2016-05-26 13:20:00,LOGAN CO.,AUBURN,3.03,3.48,COSTELOW,36.9,-86.74,36.9093,-86.7493,2016,0.0,0.0,0,0,0,0,0,0,9.56,289.41,2016-05-26 10:31:13,2016-05-26 00:56:32,-47.51,75.38,Waning Gibbous,84.02,41,Deciduous Forest,223.687,0,AMJ,0.49,Neutral,0.4627796,0.4455833,0.4710835,0.4400417,62.695473,70.429405,60.551907,67.4669,79.1,63.2,70.4,7.2,0.13,5.0,94,10.6,1,100,Heavy rain at times
626623,2016-05-26 13:30:00,2016-05-26 13:30:00,WARREN CO.,COHRON,1.3,1.72,COHRON,37.02,-86.61,37.0233,-86.6143,2016,0.0,0.0,0,0,0,0,0,0,9.51,289.46,2016-05-26 10:30:23,2016-05-26 00:56:19,-47.38,75.36,Waning Gibbous,84.02,21,"Developed, Open Space",142.07,6,AMJ,0.49,Neutral,0.46362033,0.43879163,0.4743332,0.4351666,62.8088,70.60505,60.656303,67.59006,78.5,63.5,70.5,7.9,0.15,2.0,94,10.3,1,100,Heavy rain at times
630213,2016-05-26 13:40:00,2016-05-26 15:00:00,MCCRACKEN CO.,MAXON,0.0,1.14,MAXON,37.08,-88.73,37.0708,-88.7323,2016,80.0,1.33,0,0,0,0,0,0,11.11,288.27,2016-05-26 10:38:42,2016-05-26 01:04:58,-48.97,73.52,Waning Gibbous,84.02,82,Cultivated Crops,102.826,0,AMJ,0.49,Neutral,0.39080128,0.404875,0.38616666,0.40199986,64.421005,71.9621,62.328346,69.0821,80.4,66.9,72.3,9.8,0.08,5.0,92,4.1,1,100,Heavy rain at times
630215,2016-05-26 13:50:00,2016-05-26 16:00:00,GRAVES CO.,HOLIFIELD,2.66,1.05,MAYFIELD GRAVES ARPT,36.64,-88.81,36.7736,-88.626,2016,130.0,2.17,0,0,0,0,0,0,11.04,288.31,2016-05-26 10:40:10,2016-05-26 01:04:08,-49.16,73.93,Waning Gibbous,84.02,41,Deciduous Forest,149.07,0,AMJ,0.49,Neutral,0.35340753,0.37887502,0.350625,0.35445833,64.47537,72.17195,62.324455,69.28445,80.0,65.1,73.0,8.7,0.04,5.0,93,4.7,1,100,Moderate rain at times
626624,2016-05-26 13:52:00,2016-05-26 13:52:00,WARREN CO.,BOWLING GREEN,0.69,0.6,BOWLING GREEN,36.99,-86.43,36.9924,-86.4292,2016,0.0,0.0,0,0,0,0,0,0,9.36,289.57,2016-05-26 10:29:44,2016-05-26 00:55:31,-47.25,75.54,Waning Gibbous,84.02,23,"Developed, Medium Intensity",152.601,74,AMJ,0.49,Neutral,0.4670492,0.43916664,0.47966662,0.4330834,62.51277,70.25165,60.389153,67.21415,78.2,63.6,70.1,6.3,0.17,2.0,95,9.3,1,100,Moderate or heavy rain shower
626625,2016-05-26 14:10:00,2016-05-26 14:10:00,HART CO.,UNO,1.79,1.98,UNO,37.17,-85.86,37.1756,-85.8591,2016,0.0,0.0,0,0,0,0,0,0,9.0,289.86,2016-05-26 10:26:59,2016-05-26 00:53:43,-46.77,75.82,Waning Gibbous,84.02,21,"Developed, Open Space",202.681,12,AMJ,0.49,Neutral,0.46677423,0.45129168,0.4781668,0.43287507,61.706867,69.883255,59.52575,66.4595,77.6,64.0,70.1,6.9,0.14,5.0,94,10.8,1,100,Patchy rain possible
626626,2016-05-26 14:11:00,2016-05-26 14:11:00,HART CO.,HORSE CAVE,0.55,0.53,HORSE CAVE,37.18,-85.91,37.1815,-85.9,2016,0.0,0.0,0,0,0,0,0,0,9.04,289.83,2016-05-26 10:27:09,2016-05-26 00:53:57,-46.81,75.77,Waning Gibbous,84.02,23,"Developed, Medium Intensity",189.803,59,AMJ,0.49,Neutral,0.46677423,0.45129168,0.4781668,0.43287507,61.847263,70.02365,59.666153,66.5999,77.6,64.0,70.1,6.9,0.14,5.0,94,10.8,1,100,Patchy rain possible
630217,2016-05-26 14:15:00,2016-05-26 16:15:00,HICKMAN CO.,BEULAH,0.0,0.0,FULHAM,36.77,-88.85,36.6355,-88.87,2016,120.0,2.0,0,0,0,0,0,0,11.11,288.26,2016-05-26 10:39:59,2016-05-26 01:04:38,-49.15,73.76,Waning Gibbous,84.02,82,Cultivated Crops,120.883,0,AMJ,0.49,Neutral,0.38554713,0.39608333,0.38362503,0.388625,64.5947,72.12635,62.4926,69.29135,79.0,66.3,72.5,9.4,0.08,6.0,92,6.2,1,100,Heavy rain at times
626627,2016-05-26 15:15:00,2016-05-26 15:15:00,SIMPSON CO.,NEOSHEO,1.38,0.53,TURNERTOWN,36.74,-86.67,36.7463,-86.6543,2016,0.0,0.0,0,0,0,0,0,0,9.46,289.47,2016-05-26 10:31:21,2016-05-26 00:55:50,-47.49,75.6,Waning Gibbous,84.02,82,Cultivated Crops,201.814,0,AMJ,0.49,Neutral,0.47374713,0.46683335,0.47958335,0.45604166,63.715816,71.52275,61.577747,68.444,77.9,63.7,70.1,6.3,0.2,2.0,94,10.0,1,100,Moderate or heavy rain shower
626628,2016-05-26 15:55:00,2016-05-26 15:55:00,SIMPSON CO.,STOWERS,2.32,0.79,STOWERS,36.83,-86.67,36.8561,-86.6327,2016,0.0,0.0,0,0,0,0,0,0,9.49,289.46,2016-05-26 10:31:07,2016-05-26 00:56:04,-47.47,75.51,Waning Gibbous,84.02,81,Pasture/Hay,195.237,0,AMJ,0.49,Neutral,0.47640336,0.46658328,0.48333338,0.45591664,63.431072,71.252304,61.28855,68.1698,79.1,63.2,70.4,7.2,0.13,5.0,94,10.6,1,100,Heavy rain at times
627128,2016-05-26 16:35:00,2016-05-26 19:05:00,WAYNE CO.,MONTICELLO WAYNE ARP,0.87,2.45,MONTICELLO,36.8436,-84.8636,36.8392,-84.8368,2016,150.0,2.5,0,0,100,100,0,0,8.15,290.46,2016-05-26 10:23:52,2016-05-26 00:48:52,-46.08,76.93,Waning Gibbous,84.02,22,"Developed, Low Intensity",297.368,22,AMJ,0.49,Neutral,0.4174963,0.42925003,0.4136667,0.42670837,61.8227,70.0289,59.637653,66.5789,79.1,62.4,70.1,4.5,0.14,6.0,87,11.3,1,100,Moderate rain at times
626629,2016-05-26 16:35:00,2016-05-26 16:35:00,SIMPSON CO.,NEOSHEO,1.31,1.4,NEOSHEO,36.71,-86.65,36.7113,-86.6746,2016,0.0,0.0,0,0,0,0,0,0,9.43,289.49,2016-05-26 10:31:21,2016-05-26 00:55:40,-47.49,75.65,Waning Gibbous,84.02,82,Cultivated Crops,203.351,0,AMJ,0.49,Neutral,0.47655132,0.46825,0.48329172,0.45620826,63.749107,71.46335,61.638344,68.4146,77.9,63.7,70.1,6.3,0.2,2.0,94,10.0,1,100,Moderate or heavy rain shower
627685,2016-06-01 16:25:00,2016-06-01 16:25:00,SIMPSON CO.,FRANKLIN,2.16,2.63,SALMON,36.74,-86.54,36.7509,-86.5335,2016,0.0,0.0,0,0,0,0,0,0,10.04,290.19,2016-06-01 10:28:19,2016-06-01 00:59:29,-41.83,318.46,Waning Crescent,23.09,82,Cultivated Crops,210.775,0,MJJ,0.0,Neutral,0.45235708,0.41008332,0.46591666,0.41995835,67.43607,75.696045,65.1098,72.658554,86.5,68.4,75.7,6.3,0.19,5.0,78,11.4,1,100,Moderate or heavy rain shower
627686,2016-06-01 20:05:00,2016-06-01 20:05:00,LINCOLN CO.,BONEYVILLE,1.78,1.95,BONEYVILLE,37.49,-84.67,37.4911,-84.6685,2016,0.0,0.0,0,0,0,0,0,0,8.92,291.12,2016-06-01 10:18:46,2016-06-01 00:54:05,-42.22,321.01,Waning Crescent,23.09,41,Deciduous Forest,305.124,0,MJJ,0.0,Neutral,0.35983205,0.31208333,0.37275007,0.33145836,65.269325,73.05905,63.0953,70.12656,86.0,67.1,75.0,6.2,0.05,5.0,74,11.1,1,100,Moderate rain at times
627687,2016-06-01 21:12:00,2016-06-01 21:12:00,ANDERSON CO.,MC BRAYER,1.77,0.92,MC BRAYER,37.96,-84.91,37.968,-84.9173,2016,0.0,0.0,0,0,0,0,0,0,9.27,290.91,2016-06-01 10:18:24,2016-06-01 00:56:22,-41.74,320.99,Waning Crescent,23.09,43,Mixed Forest,231.649,0,MJJ,0.0,Neutral,0.35518792,0.30304167,0.36979166,0.3225,65.36772,73.3433,63.11705,70.4258,86.9,67.0,75.0,6.7,0.02,5.0,70,10.6,1,100,Patchy rain possible
627690,2016-06-03 17:22:00,2016-06-03 17:22:00,SIMPSON CO.,FRANKLIN,1.4,1.34,FRANKLIN,36.7121,-86.5933,36.7105,-86.5895,2016,0.0,0.0,0,0,0,0,0,0,10.28,290.33,2016-06-03 10:28:01,2016-06-03 01:00:53,-18.91,300.71,Waning Crescent,6.72,82,Cultivated Crops,228.277,0,MJJ,0.0,Neutral,0.4585246,0.46083328,0.46308324,0.442125,67.82034,74.304955,65.9537,72.0587,84.2,64.6,74.0,3.6,0.01,4.0,82,10.0,1,100,Patchy rain possible
627689,2016-06-03 17:47:00,2016-06-03 17:47:00,SIMPSON CO.,HICKORY FLAT,1.36,1.61,HICKORY FLAT,36.7068,-86.4682,36.7077,-86.4685,2016,0.0,0.0,0,0,0,0,0,0,10.19,290.4,2016-06-03 10:27:31,2016-06-03 01:00:22,-19.0,300.8,Waning Crescent,6.72,21,"Developed, Open Space",211.782,18,MJJ,0.0,Neutral,0.45607302,0.46041676,0.46124995,0.436875,67.67266,74.169205,65.799194,71.93045,84.2,64.6,74.0,3.6,0.01,4.0,82,10.0,1,100,Patchy rain possible
627688,2016-06-03 18:08:00,2016-06-03 18:08:00,SIMPSON CO.,FRANKLIN,0.9,0.87,FRANKLIN,36.7189,-86.5538,36.7203,-86.561,2016,0.0,0.0,0,0,0,0,0,0,10.25,290.35,2016-06-03 10:27:50,2016-06-03 01:00:45,-18.93,300.74,Waning Crescent,6.72,82,Cultivated Crops,205.303,0,MJJ,0.0,Neutral,0.4585246,0.46083328,0.46308324,0.442125,68.08944,74.57405,66.2228,72.32779,84.2,64.6,74.0,3.6,0.01,4.0,82,10.0,1,100,Patchy rain possible
632683,2016-06-14 17:15:00,2016-06-14 17:15:00,BULLITT CO.,BROOKS,1.9,1.99,BROOKS,38.0719,-85.6651,38.072,-85.668,2016,0.0,0.0,0,0,0,0,0,0,11.01,291.08,2016-06-14 10:19:00,2016-06-14 01:06:51,46.54,158.48,Waxing Gibbous,65.75,23,"Developed, Medium Intensity",157.997,32,MJJ,0.0,Neutral,0.36948752,0.29450002,0.38549995,0.3395833,70.10886,78.5576,67.64135,75.7526,91.3,66.6,78.6,5.5,0.06,5.0,74,11.5,1,100,Heavy rain at times
632140,2016-06-21 16:49:00,2016-06-21 16:49:00,SIMPSON CO.,HICKORY FLAT,0.89,1.12,HICKORY FLAT,36.71,-86.46,36.7106,-86.4644,2016,0.0,0.0,0,0,0,0,0,0,11.49,290.83,2016-06-21 10:27:11,2016-06-21 01:08:06,-14.62,103.13,Full Moon,99.53,21,"Developed, Open Space",217.246,15,MJJ,0.0,Neutral,0.40414885,0.35,0.4182917,0.37370837,73.24745,79.597855,71.38159,77.52785,86.5,72.1,79.1,9.8,0.09,5.0,84,12.2,1,100,Heavy rain at times
632110,2016-06-21 21:00:00,2016-06-21 23:00:00,BELL CO.,BEVERLY,2.66,0.48,BEVERLY,36.9252,-83.5778,36.9386,-83.5215,2016,120.0,2.0,0,0,1000,100,0,0,9.44,292.36,2016-06-21 10:15:02,2016-06-21 00:57:13,-12.45,104.69,Full Moon,99.53,41,Deciduous Forest,536.9,0,MJJ,0.0,Neutral,0.28797916,0.27666667,0.29658332,0.26225,67.91397,72.7769,66.43189,71.3744,83.8,67.5,74.0,9.2,0.37,4.0,86,8.3,1,100,Moderate or heavy rain shower
632112,2016-06-21 21:30:00,2016-06-21 23:00:00,HARLAN CO.,BLEDSOE,0.33,3.62,GATUN,36.9239,-83.3665,36.862,-83.3071,2016,90.0,1.5,0,0,500000,5000,0,0,9.29,292.48,2016-06-21 10:14:11,2016-06-21 00:56:22,-12.28,104.8,Full Moon,99.53,41,Deciduous Forest,822.342,0,MJJ,0.0,Neutral,0.30397627,0.289875,0.31083328,0.28516665,68.85635,73.53545,67.43045,72.18545,83.1,64.8,73.1,10.5,0.19,5.0,83,12.1,1,100,Moderate or heavy rain shower
632105,2016-06-21 22:00:00,2016-06-21 23:00:00,LESLIE CO.,HELTON,0.69,0.26,HELTON,36.9433,-83.3708,36.9371,-83.3725,2016,60.0,1.0,0,0,50000,1000,0,0,9.3,292.47,2016-06-21 10:14:09,2016-06-21 00:56:26,-12.29,104.8,Full Moon,99.53,41,Deciduous Forest,463.136,0,MJJ,0.0,Neutral,0.30397627,0.289875,0.31083328,0.28516665,67.20665,71.88575,65.78075,70.53575,83.1,64.8,73.1,10.5,0.19,5.0,83,12.1,1,100,Moderate or heavy rain shower
632116,2016-06-22 11:00:00,2016-06-22 13:00:00,ESTILL CO.,WEST IRVINE,0.32,0.3,WEST IRVINE,37.7015,-84.0056,37.7018,-84.0043,2016,120.0,2.0,0,0,0,0,0,0,10.08,291.97,2016-06-22 10:14:39,2016-06-22 01:01:27,-22.2,96.64,Full Moon,97.41,81,Pasture/Hay,194.46,0,MJJ,0.0,Neutral,0.285035,0.27775002,0.29958323,0.2375833,71.090225,75.96665,69.47165,75.014145,82.9,67.6,75.6,7.6,0.04,5.0,84,9.5,1,100,Patchy rain possible
633825,2016-06-23 16:45:00,2016-06-23 19:00:00,OWEN CO.,NEW,0.45,0.49,NEW,38.4308,-84.8083,38.4317,-84.807,2016,135.0,2.25,0,0,0,0,0,0,10.96,291.35,2016-06-23 10:15:54,2016-06-23 01:07:04,-31.68,86.75,Waning Gibbous,93.2,43,Mixed Forest,197.531,0,MJJ,0.0,Neutral,0.28643918,0.26816666,0.303,0.23575,71.42598,78.54125,69.395,76.0175,85.4,67.8,78.4,13.2,0.75,4.0,89,5.4,1,100,Moderate or heavy rain shower
638248,2016-06-23 16:55:00,2016-06-23 20:00:00,BOYD CO.,KILGORE,0.12,0.39,CANNONSBURG,38.3483,-82.7803,38.3664,-82.6556,2016,185.0,3.08,0,0,40000,0,0,0,9.47,292.52,2016-06-23 10:08:02,2016-06-23 00:58:42,-30.11,88.1,Waning Gibbous,93.2,41,Deciduous Forest,218.337,0,MJJ,0.0,Neutral,0.40360793,0.46416664,0.39183328,0.42379165,69.775955,74.70965,68.199646,73.5359,88.2,70.4,75.6,11.9,1.83,3.0,91,6.9,1,100,Moderate or heavy rain shower
633826,2016-06-23 17:00:00,2016-06-23 19:30:00,OWEN CO.,HARMONY,0.0,0.03,HARMONY,38.37,-84.73,38.3702,-84.7297,2016,150.0,2.5,0,0,0,0,0,0,10.88,291.41,2016-06-23 10:15:46,2016-06-23 01:06:34,-31.62,86.84,Waning Gibbous,93.2,41,Deciduous Forest,230.269,0,MJJ,0.0,Neutral,0.2834521,0.26008338,0.3005001,0.23279166,70.95174,78.0929,68.9129,75.561646,85.4,67.8,78.4,13.2,0.75,4.0,89,5.4,1,100,Moderate or heavy rain shower
633828,2016-06-23 17:00:00,2016-06-23 19:45:00,OWEN CO.,NATLEE,1.6,1.66,NATLEE,38.4668,-84.6904,38.4711,-84.6953,2016,165.0,2.75,0,0,0,0,0,0,10.89,291.41,2016-06-23 10:15:19,2016-06-23 01:06:42,-31.59,86.81,Waning Gibbous,93.2,41,Deciduous Forest,211.652,0,MJJ,0.0,Neutral,0.28340292,0.26766664,0.30008328,0.23145837,71.03855,78.14495,69.00995,75.624954,85.4,67.8,78.4,13.2,0.75,4.0,89,5.4,1,100,Moderate or heavy rain shower
633827,2016-06-23 17:00:00,2016-06-23 19:30:00,OWEN CO.,TERESITA,0.97,0.93,TERESITA,38.3923,-84.7784,38.3917,-84.7788,2016,150.0,2.5,0,0,0,0,0,0,10.93,291.38,2016-06-23 10:15:54,2016-06-23 01:06:50,-31.66,86.79,Waning Gibbous,93.2,41,Deciduous Forest,212.121,0,MJJ,0.0,Neutral,0.28643918,0.26816666,0.303,0.23575,71.332375,78.44765,69.30139,75.923904,85.4,67.8,78.4,13.2,0.75,4.0,89,5.4,1,100,Moderate or heavy rain shower
638279,2016-06-23 17:15:00,2016-06-23 20:00:00,LAWRENCE CO.,WEBBVILLE,0.76,0.0,SACREDWIND,38.1876,-82.8801,38.0892,-82.874,2016,165.0,2.75,0,0,50000,0,0,0,9.48,292.49,2016-06-23 10:08:56,2016-06-23 00:58:36,-30.19,88.13,Waning Gibbous,93.2,41,Deciduous Forest,290.934,0,MJJ,0.0,Neutral,0.3339429,0.40929165,0.32545832,0.3379167,70.35433,75.53629,68.752556,74.1188,88.2,70.4,75.6,11.9,1.83,3.0,91,6.9,1,100,Moderate or heavy rain shower
634135,2016-06-27 16:55:00,2016-06-27 19:55:00,PIKE CO.,MAJESTIC,1.0,0.14,STOPOVER,37.53,-82.0818,37.5179,-82.0856,2016,180.0,3.0,0,0,1000,0,0,0,8.74,292.83,2016-06-27 10:09:04,2016-06-27 00:53:48,-52.29,27.88,Waning Gibbous,58.73,71,Grassland/Herbaceous,492.838,0,MJJ,0.0,Neutral,0.30136916,0.3260417,0.29145828,0.32712492,69.68742,75.263145,67.9019,73.950645,84.6,67.5,74.2,5.4,0.25,5.0,89,11.9,1,100,Moderate or heavy rain shower
642486,2016-07-03 20:30:00,2016-07-04 00:30:00,CARLISLE CO.,ARLINGTON,0.0,1.42,ARLINGTON,36.78,-89.02,36.7928,-89.0274,2016,240.0,4.0,0,0,10000,0,0,0,13.61,288.68,2016-07-03 10:41:42,2016-07-03 01:19:06,-5.58,297.0,Waning Crescent,3.07,81,Pasture/Hay,105.157,0,JJA,-0.31,Neutral,0.27250087,0.21283333,0.29354176,0.22024997,74.76905,77.6702,74.1527,75.91521,89.1,66.4,78.2,11.9,0.09,5.0,78,13.2,1,100,Heavy rain at times
642488,2016-07-03 21:35:00,2016-07-04 01:00:00,CALLOWAY CO.,MURRAY,0.98,1.4,MURRAY,36.6285,-88.3342,36.623,-88.3064,2016,205.0,3.42,0,0,30000,0,0,0,13.05,289.09,2016-07-03 10:39:23,2016-07-03 01:15:55,-6.24,297.42,Waning Crescent,3.07,23,"Developed, Medium Intensity",155.35,0,JJA,-0.31,Neutral,0.26065084,0.21320832,0.2788333,0.21412496,75.21354,78.77225,74.336006,77.035995,89.1,67.9,77.8,8.7,0.07,5.0,79,13.0,1,100,Moderate rain at times
642490,2016-07-03 23:00:00,2016-07-04 01:00:00,GRAVES CO.,SEDALIA,1.52,1.12,SEDALIA,36.6324,-88.6164,36.6456,-88.6147,2016,120.0,2.0,0,0,0,0,0,0,13.26,288.93,2016-07-03 10:40:30,2016-07-03 01:17:03,-6.01,297.24,Waning Crescent,3.07,81,Pasture/Hay,158.591,0,JJA,-0.31,Neutral,0.25471416,0.20729168,0.27337492,0.20654166,74.809364,78.17299,74.014244,76.41425,88.3,66.0,77.7,9.6,0.09,6.0,77,13.2,1,100,Moderate or heavy rain shower
642493,2016-07-03 23:30:00,2016-07-04 01:30:00,MARSHALL CO.,SCALE,1.87,1.88,BENTON,36.8901,-88.3816,36.8802,-88.3376,2016,120.0,2.0,0,0,400000,0,0,0,13.17,289.0,2016-07-03 10:38:50,2016-07-03 01:16:51,-6.06,297.41,Waning Crescent,3.07,90,Woody Wetlands,107.608,0,JJA,-0.31,Neutral,0.26737335,0.2079583,0.28858337,0.21445835,74.63395,77.42495,73.993706,75.8987,88.7,66.6,77.2,8.9,0.04,5.0,78,13.1,1,100,Patchy rain possible
642495,2016-07-04 12:00:00,2016-07-04 13:45:00,CRITTENDEN CO.,MARION,0.0,1.04,CRAYNE,37.33,-88.08,37.2648,-88.0939,2016,105.0,1.75,0,0,0,0,0,0,13.07,288.97,2016-07-04 10:36:52,2016-07-04 01:16:46,4.52,289.36,New Moon,0.45,82,Cultivated Crops,188.614,0,JJA,-0.31,Neutral,0.3591863,0.41212502,0.367,0.31474996,72.82696,75.45574,71.99826,74.792,81.4,71.1,75.7,10.5,0.52,5.0,91,8.5,1,100,Moderate or heavy rain shower
642180,2016-07-05 19:18:00,2016-07-05 19:18:00,ALLEN CO.,NEW ROE,1.77,0.41,NEW ROE,36.69,-86.36,36.6808,-86.367,2016,0.0,0.0,0,0,0,0,0,0,11.55,289.94,2016-07-05 10:32:21,2016-07-05 01:07:53,13.13,281.96,New Moon,0.51,81,Pasture/Hay,212.607,0,JJA,-0.31,Neutral,0.40502837,0.47545835,0.393,0.42279172,73.1129,76.92261,71.9201,75.932594,84.9,71.1,76.8,6.5,0.22,5.0,89,7.9,1,100,Moderate or heavy rain shower
645195,2016-07-06 19:17:00,2016-07-07 01:15:00,HOPKINS CO.,HANSON,1.54,1.07,COILTOWN,37.4423,-87.4786,37.331,-87.6448,2016,358.0,5.97,0,0,50000,0,0,0,12.61,289.07,2016-07-06 10:35:14,2016-07-06 01:14:18,23.64,271.87,Waxing Crescent,3.08,41,Deciduous Forest,141.679,0,JJA,-0.31,Neutral,0.35198334,0.4092083,0.34154168,0.36870834,74.730835,79.522995,73.26425,78.16175,86.4,73.6,78.2,12.5,0.45,3.0,91,4.4,1,100,Moderate or heavy rain shower
645330,2016-07-06 20:40:00,2016-07-07 01:30:00,CRITTENDEN CO.,LEVIAS,1.23,0.39,CRAYNE,37.2939,-88.201,37.2266,-88.08,2016,290.0,4.83,0,0,0,0,0,0,13.1,288.71,2016-07-06 10:38:33,2016-07-06 01:16:46,24.22,271.51,Waxing Crescent,3.08,82,Cultivated Crops,130.087,0,JJA,-0.31,Neutral,0.36481833,0.42620835,0.36641678,0.33887497,73.39603,78.39079,71.8583,77.003296,87.6,73.6,78.1,11.0,0.83,3.0,90,5.5,1,100,Moderate or heavy rain shower
642181,2016-07-06 20:45:00,2016-07-06 20:45:00,BUTLER CO.,MORGANTOWN,0.0,0.79,MORGANTOWN,37.22,-86.7,37.2194,-86.6892,2016,0.0,0.0,0,0,0,0,0,0,11.95,289.55,2016-07-06 10:32:46,2016-07-06 01:10:33,23.01,272.43,Waxing Crescent,3.08,21,"Developed, Open Space",152.398,4,JJA,-0.31,Neutral,0.40007082,0.44733334,0.38399994,0.43941674,72.73947,77.42915,71.3204,76.04165,85.3,72.9,78.0,9.8,0.2,3.0,89,4.7,1,100,Moderate rain at times
645432,2016-07-06 21:14:00,2016-07-07 02:00:00,MUHLENBERG CO.,BANCROFT,0.0,0.0,BREMEN,37.17,-87.25,37.37,-87.22,2016,286.0,4.77,0,0,40000,0,0,0,12.35,289.25,2016-07-06 10:35:06,2016-07-06 01:12:36,23.45,272.13,Waxing Crescent,3.08,41,Deciduous Forest,147.717,0,JJA,-0.31,Neutral,0.38194546,0.44554162,0.37300006,0.39141664,73.682076,78.3866,72.2441,77.0441,85.6,73.4,78.0,10.5,0.29,3.0,91,5.0,1,100,Moderate or heavy rain shower
645435,2016-07-06 21:16:00,2016-07-07 02:00:00,WEBSTER CO.,LISMAN,1.38,0.0,CLAY,37.49,-87.73,37.4897,-87.7967,2016,284.0,4.73,0,0,0,0,0,0,12.81,288.92,2016-07-06 10:36:06,2016-07-06 01:15:27,23.85,271.7,Waxing Crescent,3.08,82,Cultivated Crops,111.728,0,JJA,-0.31,Neutral,0.38191,0.434625,0.37749994,0.37945834,73.5108,78.68795,71.97545,77.0492,87.3,73.4,78.3,12.5,0.54,5.0,90,7.0,1,100,Moderate or heavy rain shower
642182,2016-07-06 23:02:00,2016-07-06 23:02:00,BUTLER CO.,BROOKLYN,0.88,0.46,BROOKLYN,37.29,-86.57,37.2943,-86.574,2016,0.0,0.0,0,0,0,0,0,0,11.88,289.6,2016-07-06 10:32:02,2016-07-06 01:10:14,22.91,272.48,Waxing Crescent,3.08,81,Pasture/Hay,129.313,0,JJA,-0.31,Neutral,0.40374172,0.45791674,0.38495848,0.45008323,73.057175,77.92685,71.611855,76.38935,85.3,72.9,78.0,9.8,0.2,3.0,89,4.6,1,100,Moderate rain at times
642183,2016-07-06 23:02:00,2016-07-06 23:02:00,BUTLER CO.,DEXTERVILLE,1.49,1.43,DEXTERVILLE,37.3,-86.66,37.307,-86.6585,2016,0.0,0.0,0,0,0,0,0,0,11.95,289.55,2016-07-06 10:32:22,2016-07-06 01:10:37,22.99,272.42,Waxing Crescent,3.08,82,Cultivated Crops,133.473,0,JJA,-0.31,Neutral,0.4049454,0.45854166,0.38695836,0.44875002,73.41237,78.294205,71.9492,76.801704,85.3,72.9,78.0,9.8,0.2,3.0,89,4.6,1,100,Moderate rain at times
642184,2016-07-06 23:12:00,2016-07-06 23:12:00,WARREN CO.,BOWLING GREEN,1.66,1.75,BOWLING GREEN,36.98,-86.46,36.9864,-86.4621,2016,0.0,0.0,0,0,0,0,0,0,11.7,289.72,2016-07-06 10:32:29,2016-07-06 01:08:54,22.81,272.68,Waxing Crescent,3.08,22,"Developed, Low Intensity",148.587,15,JJA,-0.31,Neutral,0.4116809,0.46370837,0.39108327,0.46495843,73.43143,77.85784,72.075356,76.60535,85.4,72.5,77.6,9.4,0.19,3.0,89,4.6,1,100,Moderate rain at times
642185,2016-07-06 23:20:00,2016-07-06 23:20:00,SIMPSON CO.,FRANKLIN,0.89,0.62,FRANKLIN,36.73,-86.58,36.7306,-86.5761,2016,0.0,0.0,0,0,0,0,0,0,11.7,289.71,2016-07-06 10:33:40,2016-07-06 01:08:41,22.9,272.72,Waxing Crescent,3.08,23,"Developed, Medium Intensity",207.721,76,JJA,-0.31,Neutral,0.41443297,0.46279165,0.39699998,0.45808327,74.495155,78.3251,73.2551,77.4701,85.8,72.3,77.4,8.7,0.38,3.0,90,5.2,1,100,Moderate or heavy rain shower
646563,2016-07-06 23:22:00,2016-07-07 01:45:00,CALDWELL CO.,PRINCETON,2.0,2.0,BLACK HAWK,37.0995,-87.8443,36.9532,-87.8618,2016,143.0,2.38,0,0,30000,0,0,0,12.77,288.94,2016-07-06 10:37:41,2016-07-06 01:14:47,23.93,271.81,Waxing Crescent,3.08,41,Deciduous Forest,142.059,0,JJA,-0.31,Neutral,0.36753333,0.43270838,0.3715,0.33220834,73.79656,78.552956,72.32421,77.25921,86.7,73.6,78.2,10.3,0.74,3.0,91,4.9,1,100,Moderate or heavy rain shower
646564,2016-07-06 23:27:00,2016-07-07 01:45:00,CHRISTIAN CO.,GRACEY,0.0,0.0,CROFTON,36.87,-87.65,37.05,-87.48,2016,138.0,2.3,0,0,10000,0,0,0,12.55,289.1,2016-07-06 10:37:33,2016-07-06 01:13:21,23.76,272.03,Waxing Crescent,3.08,41,Deciduous Forest,169.215,0,JJA,-0.31,Neutral,0.3705913,0.4173751,0.37345842,0.34516668,74.69326,79.28584,73.267105,78.0521,85.8,73.2,78.2,9.6,0.66,2.0,91,3.5,1,100,Moderate or heavy rain shower
645394,2016-07-06 23:45:00,2016-07-07 03:30:00,LIVINGSTON CO.,PINCKNEYVILLE,1.49,2.73,SMITHLAND,37.16,-88.22,37.159,-88.4,2016,225.0,3.75,0,0,40000,0,0,0,13.07,288.73,2016-07-06 10:39:01,2016-07-06 01:16:27,24.23,271.56,Waxing Crescent,3.08,81,Pasture/Hay,113.992,0,JJA,-0.31,Neutral,0.37117335,0.4333333,0.37558332,0.33533332,74.14865,79.1279,72.610405,77.7629,87.4,74.5,78.4,10.1,0.55,3.0,91,6.5,1,100,Moderate or heavy rain shower
646565,2016-07-07 00:09:00,2016-07-07 01:45:00,TODD CO.,ELKTON,3.0,3.0,ELKTON,36.7893,-87.1884,36.8507,-87.1884,2016,96.0,1.6,0,0,600000,0,0,0,12.15,289.26,2016-07-07 10:36:30,2016-07-07 01:11:03,32.05,262.0,Waxing Crescent,7.84,81,Pasture/Hay,204.718,0,JJA,-0.31,Neutral,0.40012756,0.4631251,0.3742917,0.46770835,74.26967,77.96045,73.14171,76.9067,90.3,72.1,79.3,9.6,1.37,4.0,85,10.2,1,100,Moderate rain at times
646566,2016-07-07 00:21:00,2016-07-07 04:45:00,TRIGG CO.,CADIZ,3.0,3.0,TRIGG FURNACE,36.9134,-87.82,36.9428,-87.9105,2016,264.0,4.4,0,0,150000,0,0,0,12.66,288.89,2016-07-07 10:38:41,2016-07-07 01:13:55,32.53,261.49,Waxing Crescent,7.84,41,Deciduous Forest,135.652,0,JJA,-0.31,Neutral,0.39342833,0.4565833,0.37300006,0.44241667,74.603226,78.4226,73.435104,77.3351,91.3,73.0,80.5,11.9,1.63,5.0,83,10.4,1,100,Moderate rain at times
646568,2016-07-07 00:48:00,2016-07-07 06:00:00,MARSHALL CO.,SHARPE,0.0,1.0,CALVERT CITY,36.97,-88.45,37.0607,-88.3885,2016,312.0,5.2,0,0,2000000,0,0,0,13.16,288.53,2016-07-07 10:41:03,2016-07-07 01:16:36,33.03,261.02,Waxing Crescent,7.84,81,Pasture/Hay,102.383,0,JJA,-0.31,Neutral,0.28808334,0.38283336,0.27262494,0.3095,74.818405,78.7415,73.633995,77.571495,90.3,73.0,80.6,12.3,1.18,5.0,83,10.1,1,100,Patchy rain possible
642186,2016-07-07 01:14:00,2016-07-07 01:14:00,LOGAN CO.,RUSSELLVILLE,1.8,1.7,RUSSELLVILLE,36.84,-86.91,36.8445,-86.9001,2016,0.0,0.0,0,0,0,0,0,0,11.96,289.4,2016-07-07 10:35:15,2016-07-07 01:10:04,31.82,262.15,Waxing Crescent,7.84,22,"Developed, Low Intensity",193.219,26,JJA,-0.31,Neutral,0.40460965,0.45183334,0.38358322,0.46095836,73.69025,77.28125,72.634995,76.11125,89.2,71.6,78.9,8.1,0.91,3.0,86,9.2,1,100,Patchy rain possible
647420,2016-07-07 02:00:00,2016-07-07 06:00:00,MCCRACKEN CO.,PADUCAH,0.0,4.0,WOODLAWN,37.08,-88.63,37.0678,-88.569,2016,240.0,4.0,0,0,0,0,0,0,13.33,288.41,2016-07-07 10:41:27,2016-07-07 01:17:38,33.15,260.83,Waxing Crescent,7.84,23,"Developed, Medium Intensity",102.823,59,JJA,-0.31,Neutral,0.31569836,0.39370826,0.29799995,0.35037503,75.599106,79.56349,74.39975,78.389755,89.6,71.6,79.7,12.5,0.4,5.0,85,10.7,1,100,Cloudy
642187,2016-07-07 02:06:00,2016-07-07 02:06:00,SIMPSON CO.,HICKORY FLAT,1.7,1.58,HICKORY FLAT,36.7064,-86.4755,36.7073,-86.4885,2016,0.0,0.0,0,0,0,0,0,0,11.59,289.66,2016-07-07 10:33:53,2016-07-07 01:07:58,31.49,262.52,Waxing Crescent,7.84,82,Cultivated Crops,212.186,0,JJA,-0.31,Neutral,0.42521337,0.4697083,0.40270838,0.48754165,73.8821,77.487495,72.83,76.2875,88.2,72.0,78.5,8.4,0.77,4.0,88,10.2,1,100,Patchy rain possible
646583,2016-07-07 04:21:00,2016-07-07 05:45:00,CALLOWAY CO.,ALMO,0.0,4.2,FAXON,36.7,-88.27,36.751,-88.1261,2016,84.0,1.4,0,0,10000,0,0,0,12.94,288.69,2016-07-07 10:41:05,2016-07-07 01:15:07,32.92,261.32,Waxing Crescent,7.84,41,Deciduous Forest,141.033,0,JJA,-0.31,Neutral,0.29044548,0.37116668,0.27099994,0.33020833,75.39088,79.4249,74.20489,78.11241,90.4,73.8,81.0,11.9,0.78,5.0,82,11.5,1,100,Patchy rain possible
642188,2016-07-07 13:52:00,2016-07-07 13:52:00,SIMPSON CO.,FRANKLIN,1.31,1.26,FRANKLIN,36.73,-86.59,36.7404,-86.597,2016,0.0,0.0,0,0,0,0,0,0,11.68,289.59,2016-07-07 10:34:17,2016-07-07 01:08:29,31.58,262.43,Waxing Crescent,7.84,21,"Developed, Open Space",213.663,19,JJA,-0.31,Neutral,0.42731583,0.43445835,0.41099998,0.48087502,74.19572,77.8406,73.13809,76.60684,88.2,72.0,78.5,8.4,0.77,4.0,88,10.2,1,100,Patchy rain possible
642189,2016-07-07 14:08:00,2016-07-07 14:08:00,EDMONSON CO.,BROWNSVILLE,1.77,2.69,BROWNSVILLE,37.2,-86.25,37.2077,-86.2509,2016,0.0,0.0,0,0,0,0,0,0,11.58,289.69,2016-07-07 10:31:36,2016-07-07 01:08:27,31.24,262.37,Waxing Crescent,7.84,41,Deciduous Forest,183.257,0,JJA,-0.31,Neutral,0.42401376,0.437875,0.40616667,0.48058334,72.228645,76.1513,71.013794,75.08629,87.6,70.5,78.0,8.7,0.7,3.0,88,7.5,1,100,Patchy rain possible
646591,2016-07-07 14:25:00,2016-07-07 17:00:00,CHRISTIAN CO.,HOPKINSVILLE,2.0,2.0,HOPKINSVILLE,36.8705,-87.5056,36.8295,-87.5056,2016,155.0,2.58,0,0,0,0,0,0,12.41,289.07,2016-07-07 10:37:33,2016-07-07 01:12:33,32.29,261.73,Waxing Crescent,7.84,41,Deciduous Forest,163.882,0,JJA,-0.31,Neutral,0.39604416,0.4589167,0.37341666,0.45266664,74.216034,77.93855,73.08229,76.8623,91.3,72.1,80.0,11.4,1.52,5.0,83,9.7,1,100,Heavy rain at times
642190,2016-07-07 15:30:00,2016-07-07 15:30:00,SIMPSON CO.,HICKORY FLAT,2.32,1.32,HICKORY FLAT,36.71,-86.49,36.7071,-86.4908,2016,0.0,0.0,0,0,0,0,0,0,11.6,289.65,2016-07-07 10:33:56,2016-07-07 01:08:02,31.5,262.51,Waxing Crescent,7.84,82,Cultivated Crops,216.621,0,JJA,-0.31,Neutral,0.42521337,0.4697083,0.40270838,0.48754165,73.8587,77.464096,72.806595,76.2641,88.2,72.0,78.5,8.4,0.77,4.0,88,10.2,1,100,Patchy rain possible
642191,2016-07-07 15:30:00,2016-07-07 15:30:00,SIMPSON CO.,GOLD CITY,1.75,1.68,BLACK JACK,36.7388,-86.4784,36.737,-86.4907,2016,0.0,0.0,0,0,0,0,0,0,11.6,289.65,2016-07-07 10:33:48,2016-07-07 01:08:04,31.49,262.5,Waxing Crescent,7.84,81,Pasture/Hay,188.106,0,JJA,-0.31,Neutral,0.42521337,0.4697083,0.40270838,0.48754165,74.139496,77.7449,73.087395,76.5449,88.2,72.0,78.5,8.4,0.77,4.0,88,10.2,1,100,Patchy rain possible
637123,2016-07-08 13:28:00,2016-07-08 13:28:00,MADISON CO.,RICHMOND,0.55,1.27,RICHMOND,37.75,-84.29,37.7535,-84.3065,2016,0.0,0.0,0,0,0,0,0,0,10.28,290.56,2016-07-08 10:22:46,2016-07-08 01:01:55,36.88,251.55,Waxing Crescent,14.36,22,"Developed, Low Intensity",297.262,25,JJA,-0.31,Neutral,0.35562086,0.41383335,0.33383334,0.4109167,70.839836,73.52689,69.85939,73.30565,81.1,72.0,75.3,11.6,0.69,5.0,93,5.7,1,100,Moderate or heavy rain shower
637124,2016-07-08 14:55:00,2016-07-08 14:55:00,LINCOLN CO.,BROUGHTENTOWN,2.07,0.48,BROUGHTENTOWN,37.41,-84.55,37.4157,-84.5364,2016,0.0,0.0,0,0,0,0,0,0,10.36,290.48,2016-07-08 10:24:47,2016-07-08 01:01:59,37.19,251.59,Waxing Crescent,14.36,41,Deciduous Forest,352.618,0,JJA,-0.31,Neutral,0.35009503,0.41425002,0.32645836,0.40974995,70.902466,73.956955,69.87321,73.4132,83.7,71.6,76.0,11.4,0.63,5.0,91,6.9,1,100,Moderate or heavy rain shower
637125,2016-07-08 14:57:00,2016-07-08 14:57:00,GARRARD CO.,LANCASTER,1.72,1.66,LANCASTER,37.6098,-84.5514,37.6105,-84.5624,2016,0.0,0.0,0,0,0,0,0,0,10.43,290.44,2016-07-08 10:24:13,2016-07-08 01:02:33,37.12,251.45,Waxing Crescent,14.36,81,Pasture/Hay,304.042,0,JJA,-0.31,Neutral,0.3627675,0.41474998,0.34379163,0.41049996,70.97694,73.900696,69.948204,73.52945,81.4,72.3,75.8,13.2,0.54,4.0,90,4.6,1,100,Moderate or heavy rain shower
634805,2016-07-08 15:30:00,2016-07-08 17:00:00,BREATHITT CO.,JACKSON,2.0,0.82,QUICKSAND,37.5295,-83.3542,37.5465,-83.3581,2016,90.0,1.5,0,0,5000,0,0,0,9.52,291.13,2016-07-08 10:19:40,2016-07-08 00:57:32,36.24,252.46,Waxing Crescent,14.36,41,Deciduous Forest,329.614,0,JJA,-0.31,Neutral,0.3281342,0.4189167,0.2962083,0.40733325,71.96315,74.6141,71.08534,74.0891,81.8,71.1,74.9,11.4,0.29,4.0,95,5.3,1,100,Moderate or heavy rain shower
634806,2016-07-08 15:36:00,2016-07-08 16:36:00,PULASKI CO.,SHOPVILLE,0.56,0.66,SHOPVILLE,37.1577,-84.4732,37.1574,-84.4731,2016,60.0,1.0,0,0,100,0,0,0,10.21,290.56,2016-07-08 10:25:12,2016-07-08 01:00:58,37.21,251.84,Waxing Crescent,14.36,21,"Developed, Open Space",283.932,16,JJA,-0.31,Neutral,0.40795913,0.45854166,0.38554168,0.46795833,72.100365,75.63455,70.980804,74.7608,84.0,71.1,77.0,11.9,0.41,5.0,91,6.8,1,100,Moderate or heavy rain shower
634811,2016-07-08 16:59:00,2016-07-08 17:59:00,BELL CO.,BEVERLY,0.0,0.39,BEVERLY,36.93,-83.53,36.9266,-83.5352,2016,60.0,1.0,0,0,100,0,0,0,9.43,291.12,2016-07-08 10:22:03,2016-07-08 00:56:33,36.55,252.75,Waxing Crescent,14.36,41,Deciduous Forest,488.993,0,JJA,-0.31,Neutral,0.3323929,0.4219167,0.2984167,0.41904163,70.532196,73.95321,69.4982,72.93694,83.1,66.4,73.9,10.3,0.57,4.0,93,5.7,1,100,Moderate or heavy rain shower
634810,2016-07-08 17:39:00,2016-07-08 19:09:00,LESLIE CO.,BEAR BRANCH,0.0,0.31,BEAR BRANCH,37.17,-83.53,37.1662,-83.5656,2016,90.0,1.5,0,0,20000,0,0,0,9.52,291.08,2016-07-08 10:21:23,2016-07-08 00:57:13,36.48,252.58,Waxing Crescent,14.36,41,Deciduous Forest,316.989,0,JJA,-0.31,Neutral,0.3098721,0.4094583,0.2725417,0.4046667,70.914505,74.10185,69.92436,73.24686,84.5,69.4,75.3,9.4,0.49,5.0,95,6.7,1,100,Moderate or heavy rain shower
646745,2016-07-08 18:20:00,2016-07-08 19:30:00,MCCRACKEN CO.,MAXON,0.76,0.96,MAXON,37.0872,-88.7197,37.0852,-88.7029,2016,70.0,1.17,0,0,0,0,0,0,13.36,288.24,2016-07-08 10:42:23,2016-07-08 01:17:45,40.45,248.38,Waxing Crescent,14.36,41,Deciduous Forest,114.78,0,JJA,-0.31,Neutral,0.30593792,0.3526667,0.29166663,0.3392917,75.817024,80.932846,74.385345,79.02035,90.9,75.4,81.0,11.2,0.06,5.0,85,11.9,1,100,Moderate rain at times
646749,2016-07-08 18:40:00,2016-07-08 19:30:00,BALLARD CO.,BARLOW,0.0,0.0,BANDANA,37.05,-89.05,37.15,-88.95,2016,50.0,0.83,0,0,0,0,0,0,13.6,288.07,2016-07-08 10:43:49,2016-07-08 01:18:58,40.71,248.13,Waxing Crescent,14.36,82,Cultivated Crops,102.295,0,JJA,-0.31,Neutral,0.29650998,0.336375,0.29466674,0.28954163,75.90088,80.956856,74.4356,79.23935,90.3,75.6,81.1,10.1,0.16,5.0,86,9.6,1,100,Heavy rain at times
634809,2016-07-08 19:10:00,2016-07-08 20:20:00,CLAY CO.,BOTTO,2.1,2.09,HECTOR,37.1086,-83.6569,37.1167,-83.6473,2016,70.0,1.17,0,0,20000,0,0,0,9.59,291.02,2016-07-08 10:22:04,2016-07-08 00:57:33,36.6,252.52,Waxing Crescent,14.36,22,"Developed, Low Intensity",337.811,38,JJA,-0.31,Neutral,0.3138438,0.41375002,0.276875,0.40729165,71.150604,74.5184,70.11215,73.5884,84.5,69.4,75.3,9.4,0.49,5.0,95,6.7,1,100,Moderate or heavy rain shower
646761,2016-07-12 09:23:00,2016-07-12 12:30:00,WEBSTER CO.,SEBREE,1.0,1.0,SEBREE,37.6145,-87.53,37.6,-87.5483,2016,187.0,3.12,0,0,40000,0,0,0,12.44,288.28,2016-07-12 10:38:41,2016-07-12 01:13:04,46.72,185.12,First Quarter,49.78,41,Deciduous Forest,130.191,0,JJA,-0.31,Neutral,0.30222714,0.33445835,0.289,0.33683336,75.45204,79.4837,74.263695,78.18245,88.0,70.3,78.4,13.6,0.11,4.0,85,11.7,1,100,Heavy rain at times
646758,2016-07-12 09:30:00,2016-07-12 13:00:00,DAVIESS CO.,OWENSBORO,0.0,0.0,OWENSBORO,37.77,-87.12,37.77,-87.0834,2016,210.0,3.5,0,0,0,0,0,0,12.19,288.48,2016-07-12 10:36:37,2016-07-12 01:11:52,46.53,185.71,First Quarter,49.78,24,"Developed, High Intensity",122.427,62,JJA,-0.31,Neutral,0.31271294,0.32966667,0.30258337,0.34179166,74.61724,78.5183,73.4108,77.4533,86.8,70.5,78.4,12.3,0.02,4.0,84,12.3,1,100,Patchy rain possible
646763,2016-07-12 09:30:00,2016-07-12 12:30:00,MCLEAN CO.,CLEOPATRA,0.58,1.21,BUEL,37.6151,-87.3085,37.5607,-87.1923,2016,180.0,3.0,0,0,8000,0,0,0,12.28,288.4,2016-07-12 10:37:48,2016-07-12 01:12:11,46.7,185.45,First Quarter,49.78,82,Cultivated Crops,116.61,0,JJA,-0.31,Neutral,0.30191082,0.33383334,0.28908333,0.33525,75.09778,78.88385,73.9601,77.73635,86.8,70.5,78.4,12.3,0.02,4.0,84,12.3,1,100,Patchy rain possible
642090,2016-07-22 15:28:00,2016-07-22 15:28:00,BARREN CO.,GLASGOW,1.38,1.26,GLASGOW,37.0,-85.9,37.0042,-85.9045,2016,0.0,0.0,0,0,0,0,0,0,10.19,287.78,2016-07-22 10:40:59,2016-07-22 00:59:23,-25.79,85.87,Waning Gibbous,95.14,22,"Developed, Low Intensity",231.285,29,JJA,-0.31,Neutral,0.4013001,0.3515,0.41045836,0.38650003,75.79516,82.15805,73.96054,79.9643,90.1,72.1,81.1,6.5,0.02,5.0,80,7.6,1,100,Patchy rain possible
642092,2016-07-22 15:28:00,2016-07-22 15:28:00,BARREN CO.,GLASGOW MUNI ARPT,0.55,0.75,GLASGOW MUNI ARPT,37.03,-85.94,37.0303,-85.9385,2016,0.0,0.0,0,0,0,0,0,0,10.23,287.75,2016-07-22 10:41:05,2016-07-22 00:59:37,-25.82,85.83,Waning Gibbous,95.14,41,Deciduous Forest,225.835,0,JJA,-0.31,Neutral,0.4013001,0.3515,0.41045836,0.38650003,75.76006,82.122955,73.925446,79.9292,90.1,72.1,81.1,6.5,0.02,5.0,80,7.6,1,100,Patchy rain possible
646788,2016-07-22 18:50:00,2016-07-22 20:00:00,DAVIESS CO.,ANDERSONVILLE,3.61,3.03,ANDERSONVILLE,37.5679,-87.0756,37.5664,-87.0886,2016,70.0,1.17,0,0,0,0,0,0,11.25,287.02,2016-07-22 10:44:17,2016-07-22 01:05:30,-26.67,84.86,Waning Gibbous,95.14,81,Pasture/Hay,130.919,0,JJA,-0.31,Neutral,0.26855168,0.23929167,0.2725416,0.264625,77.609566,82.94915,75.93666,81.56541,87.2,73.3,80.4,6.9,0.15,5.0,77,6.0,1,100,Moderate or heavy rain shower
642097,2016-07-22 19:16:00,2016-07-22 19:16:00,OHIO CO.,BEAVER DAM,0.69,0.27,BEAVER DAM,37.41,-86.88,37.412,-86.8736,2016,0.0,0.0,0,0,0,0,0,0,11.05,287.16,2016-07-22 10:43:54,2016-07-22 01:04:20,-26.53,85.06,Waning Gibbous,95.14,22,"Developed, Low Intensity",136.369,46,JJA,-0.31,Neutral,0.35517082,0.32695836,0.35945845,0.349875,76.7282,82.88646,74.85394,81.101456,87.5,73.4,80.6,6.7,0.08,5.0,77,6.4,1,100,Heavy rain at times
642095,2016-07-22 19:25:00,2016-07-22 19:25:00,HARDIN CO.,ELIZABETH TOWN ARPT,1.64,1.58,ELIZABETH TOWN ARPT,37.75,-85.91,37.7518,-85.9047,2016,0.0,0.0,0,0,0,0,0,0,10.42,287.65,2016-07-22 10:39:09,2016-07-22 01:01:18,-25.74,85.52,Waning Gibbous,95.14,22,"Developed, Low Intensity",264.604,41,JJA,-0.31,Neutral,0.29592833,0.2552084,0.304375,0.28054163,74.81675,79.711395,73.3289,78.28639,87.1,71.8,78.8,6.3,0.02,5.0,78,6.5,1,100,Patchy rain possible
642098,2016-07-22 19:45:00,2016-07-22 19:45:00,OHIO CO.,HARTFORD,1.65,1.43,HARTFORD,37.45,-86.89,37.4599,-86.9034,2016,0.0,0.0,0,0,0,0,0,0,11.07,287.15,2016-07-22 10:43:50,2016-07-22 01:04:28,-26.53,85.03,Waning Gibbous,95.14,22,"Developed, Low Intensity",140.819,21,JJA,-0.31,Neutral,0.35123882,0.3285,0.35462502,0.3472083,76.683655,82.55345,74.87346,80.93346,87.5,73.4,80.6,6.7,0.08,5.0,77,6.4,1,100,Heavy rain at times
642450,2016-07-27 17:00:00,2016-07-27 18:00:00,PIKE CO.,ROCKHOUSE,1.0,0.0,LOOKOUT,37.33,-82.4518,37.325,-82.4522,2016,60.0,1.0,0,0,100,10,0,0,7.09,288.81,2016-07-27 10:30:20,2016-07-27 00:42:36,-43.36,11.57,Third Quarter,49.65,41,Deciduous Forest,303.9,0,JJA,-0.31,Neutral,0.26676875,0.22399998,0.2783333,0.24137497,75.257706,80.291306,73.695045,78.93755,88.2,70.9,79.2,6.2,0.43,5.0,76,8.9,1,100,Moderate or heavy rain shower
642451,2016-07-27 17:30:00,2016-07-27 18:15:00,WHITLEY CO.,VERNE,0.0,1.26,VERNE,36.72,-84.07,36.7165,-84.0704,2016,45.0,0.75,0,0,100,10,0,0,8.11,287.97,2016-07-27 10:38:13,2016-07-27 00:47:39,-44.19,9.52,Third Quarter,49.65,22,"Developed, Low Intensity",292.908,27,JJA,-0.31,Neutral,0.31552586,0.4198333,0.30570826,0.31441674,76.2502,80.776855,74.799355,79.71561,90.8,71.2,79.4,6.0,0.46,5.0,78,7.6,1,100,Moderate or heavy rain shower
642453,2016-07-27 23:00:00,2016-07-27 23:45:00,WHITLEY CO.,ROCKHOLDS,0.0,0.33,ROCKHOLDS,36.83,-84.12,36.8337,-84.1196,2016,45.0,0.75,0,0,100,10,0,0,8.19,287.92,2016-07-27 10:38:10,2016-07-27 00:48:06,-44.09,9.43,Third Quarter,49.65,41,Deciduous Forest,315.379,0,JJA,-0.31,Neutral,0.35824835,0.4523333,0.3497083,0.3561666,75.409744,80.331505,73.8665,79.06026,90.8,71.2,79.4,6.0,0.46,5.0,78,7.5,1,100,Moderate or heavy rain shower
642105,2016-07-28 04:17:00,2016-07-28 04:17:00,FRANKLIN CO.,FLAG FORK,2.07,1.88,FLAG FORK,38.29,-84.95,38.29,-84.9428,2016,0.0,0.0,0,0,0,0,0,0,9.1,287.05,2016-07-28 10:38:53,2016-07-28 00:54:00,-39.11,351.42,Waning Crescent,38.23,41,Deciduous Forest,223.286,0,JJA,-0.31,Neutral,0.31298003,0.397125,0.29245836,0.35529163,74.64305,75.4598,73.97104,76.674805,78.3,71.3,74.0,4.1,2.22,4.0,95,4.4,1,100,Moderate or heavy rain shower
642210,2016-07-28 04:17:00,2016-07-28 04:17:00,FRANKLIN CO.,BENSON,2.57,1.46,BENSON,38.22,-84.99,38.2212,-84.9865,2016,0.0,0.0,0,0,0,0,0,0,9.11,287.04,2016-07-28 10:39:13,2016-07-28 00:54:00,-39.18,351.36,Waning Crescent,38.23,81,Pasture/Hay,241.748,0,JJA,-0.31,Neutral,0.32382292,0.4069167,0.30216667,0.370375,74.97309,75.65315,74.344406,76.9019,78.3,71.3,74.0,4.1,2.22,4.0,95,4.4,1,100,Moderate or heavy rain shower
642106,2016-07-28 04:26:00,2016-07-28 04:26:00,SCOTT CO.,ROGERS GAP,1.63,1.2,ROGERS GAP,38.3,-84.56,38.3033,-84.5628,2016,0.0,0.0,0,0,0,0,0,0,8.81,287.28,2016-07-28 10:37:18,2016-07-28 00:52:28,-39.15,351.9,Waning Crescent,38.23,41,Deciduous Forest,279.697,0,JJA,-0.31,Neutral,0.32462206,0.40233338,0.30654162,0.36070833,74.29209,75.001854,73.65185,76.2506,76.6,70.5,73.3,4.3,2.82,4.0,96,4.8,1,100,Moderate or heavy rain shower
642661,2016-07-28 05:00:00,2016-07-28 07:00:00,CAMPBELL CO.,NEWPORT,1.38,1.59,DAYTON,39.1,-84.48,39.1152,-84.4576,2016,120.0,2.0,0,0,50000,0,0,0,8.99,287.21,2016-07-28 10:35:03,2016-07-28 00:54:05,-38.37,352.09,Waning Crescent,38.23,21,"Developed, Open Space",236.375,17,JJA,-0.31,Neutral,0.29975125,0.37849998,0.28100002,0.33779168,76.02826,77.98295,75.129196,78.4592,81.5,70.8,75.2,4.7,0.82,4.0,89,6.2,1,100,Moderate or heavy rain shower
642107,2016-07-28 10:24:00,2016-07-28 10:24:00,CLARK CO.,WINCHESTER,2.81,2.03,PILOT VIEW,37.97,-84.13,37.9705,-84.1237,2016,0.0,0.0,0,0,0,0,0,0,8.4,287.58,2016-07-28 10:36:21,2016-07-28 00:49:58,-39.52,352.4,Waning Crescent,38.23,71,Grassland/Herbaceous,290.292,0,JJA,-0.31,Neutral,0.347085,0.4132501,0.329375,0.38575003,74.221664,74.642296,73.6523,76.03355,75.0,70.0,72.6,4.9,2.66,4.0,97,4.4,1,100,Moderate or heavy rain shower
642458,2016-07-28 10:30:00,2016-07-28 10:55:00,MONTGOMERY CO.,MT STERLING,0.72,0.82,MT STERLING,38.0565,-83.9395,38.0571,-83.9398,2016,25.0,0.42,0,0,300,0,0,0,8.28,287.68,2016-07-28 10:35:23,2016-07-28 00:49:25,-39.45,352.65,Waning Crescent,38.23,24,"Developed, High Intensity",292.339,85,JJA,-0.31,Neutral,0.34268546,0.41429165,0.32216665,0.38916668,74.06634,74.57855,73.47229,75.9323,75.7,69.5,72.5,5.1,2.28,5.0,97,4.6,1,100,Moderate or heavy rain shower
642454,2016-07-28 11:00:00,2016-07-28 12:00:00,ROWAN CO.,SMILE,2.12,2.0,HILDA,38.2596,-83.5171,38.2524,-83.516,2016,60.0,1.0,0,0,500,100,0,0,8.03,287.9,2016-07-28 10:33:13,2016-07-28 00:48:12,-39.29,353.19,Waning Crescent,38.23,41,Deciduous Forest,321.91,0,JJA,-0.31,Neutral,0.32338667,0.4130417,0.29975,0.37454167,73.69003,74.31801,73.08049,75.570496,76.4,67.9,72.1,5.4,2.23,4.0,97,5.4,1,100,Moderate or heavy rain shower
646931,2016-07-29 07:30:00,2016-07-29 09:30:00,TODD CO.,ALLEGRE,0.0,4.0,CLIFTY,36.93,-87.22,36.98,-87.15,2016,120.0,2.0,0,0,10000,0,0,0,10.29,285.79,2016-07-29 10:51:57,2016-07-29 00:59:02,-33.96,333.89,Waning Crescent,27.43,81,Pasture/Hay,182.869,0,JJA,-0.31,Neutral,0.36938417,0.44841662,0.36079168,0.37250003,77.1125,78.797295,76.457306,78.7973,85.3,71.6,77.2,7.6,0.11,4.0,88,11.0,1,100,Heavy rain at times
642464,2016-07-29 16:48:00,2016-07-29 18:12:00,MONTGOMERY CO.,MT STERLING,3.0,2.1,PREWITT,38.0066,-83.95,38.0073,-83.9478,2016,84.0,1.4,0,0,25000,10,0,0,8.13,287.49,2016-07-29 10:36:23,2016-07-29 00:48:27,-34.04,337.72,Waning Crescent,27.43,81,Pasture/Hay,317.796,0,JJA,-0.31,Neutral,0.35640457,0.41758332,0.33408332,0.41254172,73.10904,73.50425,72.945496,73.538,83.3,68.0,73.8,6.3,0.3,5.0,90,7.4,1,100,Moderate or heavy rain shower
642109,2016-07-29 18:44:00,2016-07-29 18:44:00,MADISON CO.,MILLION,2.14,1.01,MILLION,37.75,-84.37,37.7504,-84.3644,2016,0.0,0.0,0,0,0,0,0,0,8.36,287.28,2016-07-29 10:38:40,2016-07-29 00:49:31,-34.15,337.19,Waning Crescent,27.43,41,Deciduous Forest,272.83,0,JJA,-0.31,Neutral,0.36147663,0.4150417,0.34020832,0.41654173,73.81438,73.66745,73.79495,73.92995,83.3,68.4,73.9,6.5,0.47,3.0,91,5.6,1,100,Moderate or heavy rain shower
641513,2016-08-01 12:20:00,2016-08-01 14:20:00,CARROLL CO.,ENGLISH,1.48,1.34,ENGLISH,38.65,-85.12,38.6505,-85.1219,2016,120.0,2.0,0,0,0,0,0,0,8.71,286.15,2016-08-01 10:42:11,2016-08-01 00:51:45,-10.13,302.26,Waning Crescent,4.33,41,Deciduous Forest,141.058,0,JAS,-0.5,La Nina,0.30891123,0.37574998,0.284875,0.36904165,74.69618,76.09715,74.15466,76.0859,83.0,69.1,75.6,3.6,0.28,4.0,89,9.8,1,100,Moderate or heavy rain shower
641514,2016-08-01 12:20:00,2016-08-01 14:20:00,CARROLL CO.,CARROLLTON,0.88,0.86,CARROLLTON,38.68,-85.16,38.6793,-85.1609,2016,120.0,2.0,0,0,0,0,0,0,8.75,286.12,2016-08-01 10:42:16,2016-08-01 00:51:59,-10.09,302.23,Waning Crescent,4.33,23,"Developed, Medium Intensity",146.069,56,JAS,-0.5,La Nina,0.30495456,0.37795833,0.28012505,0.36574998,74.74074,76.21191,74.19815,76.11066,83.0,69.1,75.6,3.6,0.28,4.0,89,9.8,1,100,Moderate or heavy rain shower
650390,2016-08-01 14:18:00,2016-08-01 16:15:00,MCCRACKEN CO.,PADUCAH,0.0,0.0,LONE OAK,37.08,-88.63,37.03,-88.7244,2016,117.0,1.95,0,0,30000,0,0,0,10.95,284.38,2016-08-01 10:59:42,2016-08-01 01:02:17,-8.57,299.69,Waning Crescent,4.33,21,"Developed, Open Space",120.883,13,JAS,-0.5,La Nina,0.29695296,0.3554167,0.27612498,0.34887496,79.37146,82.67975,78.348495,81.77599,90.3,72.2,79.6,7.6,0.45,4.0,82,12.3,1,100,Moderate or heavy rain shower
654133,2016-08-01 14:21:00,2016-08-01 16:00:00,GRAVES CO.,SYMSONIA,1.21,1.42,SYMSONIA,36.9373,-88.5241,36.929,-88.5239,2016,99.0,1.65,0,0,30000,0,0,0,10.83,284.46,2016-08-01 10:59:35,2016-08-01 01:01:33,-8.71,299.75,Waning Crescent,4.33,41,Deciduous Forest,113.238,0,JAS,-0.5,La Nina,0.29406795,0.34679165,0.27654165,0.33658335,78.18346,81.25775,77.23401,80.413994,91.4,73.0,79.8,8.1,0.56,4.0,80,10.7,1,100,Moderate or heavy rain shower
650392,2016-08-01 14:25:00,2016-08-01 16:15:00,MARSHALL CO.,GILBERTSVILLE,0.0,2.0,CALVERT CITY,37.02,-88.28,37.03,-88.3863,2016,110.0,1.83,0,0,0,0,0,0,10.67,284.59,2016-08-01 10:58:26,2016-08-01 01:00:46,-8.84,299.92,Waning Crescent,4.33,23,"Developed, Medium Intensity",108.135,0,JAS,-0.5,La Nina,0.27126336,0.33433333,0.25500008,0.306,78.180244,81.31999,77.198746,80.49875,90.7,72.9,80.0,7.6,0.61,5.0,81,10.3,1,100,Moderate or heavy rain shower
642192,2016-08-01 16:23:00,2016-08-01 16:23:00,CLARK CO.,WINCHESTER HELIPORT,0.95,1.38,WINCHESTER HELIPORT,38.0265,-84.1855,38.0276,-84.1714,2016,0.0,0.0,0,0,0,0,0,0,7.84,286.78,2016-08-01 10:39:50,2016-08-01 00:46:37,-11.08,302.81,Waning Crescent,4.33,81,Pasture/Hay,278.533,0,JAS,-0.5,La Nina,0.36027336,0.38408336,0.3517917,0.38141665,73.40417,75.3188,72.76131,74.970055,85.6,66.9,75.5,4.9,0.24,5.0,86,11.5,1,100,Moderate or heavy rain shower
640987,2016-08-01 16:30:00,2016-08-01 17:45:00,LAWRENCE CO.,BLEVINS,0.35,2.39,BLAINE,38.0668,-82.8951,38.0271,-82.8452,2016,75.0,1.25,0,0,0,0,0,0,6.89,287.54,2016-08-01 10:34:35,2016-08-01 00:41:32,-11.91,303.72,Waning Crescent,4.33,41,Deciduous Forest,259.055,0,JAS,-0.5,La Nina,0.3371525,0.37012497,0.3242083,0.3705417,73.898895,75.89285,73.24159,75.487854,84.7,69.7,76.6,5.1,0.31,5.0,79,10.7,1,100,Moderate or heavy rain shower
641166,2016-08-01 17:00:00,2016-08-01 18:15:00,LAWRENCE CO.,ADELINE,1.11,0.66,ADELINE,38.2558,-82.6691,38.2436,-82.6544,2016,75.0,1.25,0,0,0,0,0,0,6.78,287.65,2016-08-01 10:33:15,2016-08-01 00:41:04,-11.95,303.91,Waning Crescent,4.33,41,Deciduous Forest,252.36,0,JAS,-0.5,La Nina,0.44443998,0.46362504,0.4365416,0.465125,73.42618,75.7925,72.63501,75.350006,84.7,69.7,76.6,5.1,0.31,5.0,79,10.7,1,100,Moderate or heavy rain shower
642194,2016-08-01 17:09:00,2016-08-01 17:09:00,CLARK CO.,LISLETOWN,1.19,1.33,BOONESBOROUGH,37.9208,-84.2581,37.9083,-84.2696,2016,0.0,0.0,0,0,0,0,0,0,7.86,286.76,2016-08-01 10:40:22,2016-08-01 00:46:40,-11.09,302.75,Waning Crescent,4.33,81,Pasture/Hay,229.837,0,JAS,-0.5,La Nina,0.35730758,0.37712494,0.34904167,0.37904167,73.770615,75.7343,73.11304,75.37055,85.6,66.9,75.5,4.9,0.24,5.0,86,11.5,1,100,Moderate or heavy rain shower
642195,2016-08-01 18:10:00,2016-08-01 18:10:00,CLARK CO.,FOREST GROVE,0.88,1.15,FOREST GROVE,37.96,-84.22,37.9616,-84.2205,2016,0.0,0.0,0,0,0,0,0,0,7.85,286.77,2016-08-01 10:40:07,2016-08-01 00:46:36,-11.09,302.78,Waning Crescent,4.33,21,"Developed, Open Space",274.001,6,JAS,-0.5,La Nina,0.36027336,0.38408336,0.3517917,0.38141665,73.73177,75.6464,73.08889,75.29765,85.6,66.9,75.5,4.9,0.24,5.0,86,11.5,1,100,Moderate or heavy rain shower
642478,2016-08-02 02:00:00,2016-08-02 04:00:00,PULASKI CO.,MT ZION,1.32,1.36,MT ZION,37.1675,-84.6519,37.1675,-84.6507,2016,120.0,2.0,0,0,25000,0,0,0,7.78,286.43,2016-08-02 10:44:25,2016-08-02 00:45:37,-1.66,292.73,New Moon,0.99,21,"Developed, Open Space",259.688,0,JAS,-0.5,La Nina,0.4346683,0.47395837,0.41958335,0.47329167,74.43275,76.92395,73.6127,76.41395,86.7,70.0,76.8,7.6,0.22,4.0,79,9.5,1,100,Patchy rain possible
642482,2016-08-04 16:21:00,2016-08-04 16:51:00,CLAY CO.,HERRON,1.15,1.17,HORSE CREEK,37.1467,-83.7795,37.1472,-83.772,2016,30.0,0.5,0,0,500,0,0,0,6.78,286.53,2016-08-04 10:42:38,2016-08-04 00:40:06,12.7,274.21,New Moon,1.48,41,Deciduous Forest,338.058,0,JAS,-0.5,La Nina,0.32499,0.37174997,0.30641654,0.37308335,74.56895,77.5826,73.66386,76.6676,86.4,68.4,77.0,4.5,0.08,4.0,84,11.8,1,100,Heavy rain at times
642483,2016-08-04 19:00:00,2016-08-04 20:30:00,BELL CO.,BEVERLY,1.28,1.3,BEVERLY,36.9127,-83.5386,36.9248,-83.5349,2016,90.0,1.5,0,0,1000,10,0,0,6.53,286.7,2016-08-04 10:42:09,2016-08-04 00:38:39,12.49,274.41,New Moon,1.48,41,Deciduous Forest,454.782,0,JAS,-0.5,La Nina,0.3219771,0.36358333,0.3061249,0.36245838,73.47512,76.31,72.627495,75.43625,87.1,67.6,76.1,4.7,0.17,4.0,84,11.7,1,100,Moderate or heavy rain shower
652342,2016-08-05 14:00:00,2016-08-05 15:00:00,DAVIESS CO.,RED HILL,4.75,4.59,RED HILL,37.5797,-86.9797,37.5815,-86.9868,2016,60.0,1.0,0,0,0,0,0,0,9.14,284.42,2016-08-05 10:55:23,2016-08-05 00:52:45,22.37,261.94,Waxing Crescent,4.99,82,Cultivated Crops,132.645,0,JAS,-0.5,La Nina,0.288205,0.35875,0.2649999,0.34425005,77.65753,80.2763,76.781296,79.7888,90.1,69.2,79.2,6.3,0.58,4.0,82,12.1,1,100,Moderate or heavy rain shower
652348,2016-08-05 16:25:00,2016-08-05 17:30:00,MCCRACKEN CO.,RAGLAND,0.77,1.41,GRAHAMVILLE,37.1803,-88.8948,37.1353,-88.7654,2016,65.0,1.08,0,0,0,0,0,0,10.51,283.39,2016-08-05 11:03:52,2016-08-05 00:59:36,23.94,260.85,Waxing Crescent,4.99,82,Cultivated Crops,107.79,0,JAS,-0.5,La Nina,0.31876293,0.3844167,0.29358336,0.38320827,79.49323,83.5961,78.37236,81.968605,92.1,72.7,81.7,5.4,0.14,4.0,83,11.7,1,100,Moderate or heavy rain shower
652346,2016-08-05 16:40:00,2016-08-05 17:30:00,BALLARD CO.,WICKLIFFE,1.65,1.71,GUM CORNERS,36.9938,-89.0767,37.0021,-89.0681,2016,50.0,0.83,0,0,0,0,0,0,10.6,283.32,2016-08-05 11:04:58,2016-08-05 00:59:56,24.12,260.82,Waxing Crescent,4.99,90,Woody Wetlands,112.423,0,JAS,-0.5,La Nina,0.29635626,0.37225,0.2675834,0.3697083,78.81486,82.98725,77.67349,81.33726,92.8,74.3,82.3,5.8,0.19,5.0,81,12.0,1,100,Moderate or heavy rain shower
654136,2016-08-06 12:15:00,2016-08-06 13:15:00,MARSHALL CO.,BENTON,0.0,1.14,BENTON,36.87,-88.35,36.8426,-88.3754,2016,60.0,1.0,0,0,0,0,0,0,9.84,283.54,2016-08-06 11:03:08,2016-08-06 00:55:45,29.83,250.22,Waxing Crescent,10.29,21,"Developed, Open Space",137.024,6,JAS,-0.5,La Nina,0.27811334,0.3365833,0.25945842,0.32258335,78.01697,80.424805,77.147285,80.19605,86.9,74.3,79.4,5.0,0.14,4.0,81,12.0,1,100,Moderate or heavy rain shower
642489,2016-08-08 12:00:00,2016-08-08 13:00:00,LESLIE CO.,SPRUCE PINE,0.96,0.99,SPRUCE PINE,36.9303,-83.4183,36.935,-83.417,2016,60.0,1.0,0,0,100,50,0,0,5.71,285.94,2016-08-08 10:44:56,2016-08-08 00:34:01,35.56,229.65,Waxing Crescent,24.95,31,Barren Land,656.654,0,JAS,-0.5,La Nina,0.3379104,0.38729167,0.322,0.37600002,70.50009,73.01479,69.74855,72.238556,84.9,68.3,75.9,4.7,0.09,5.0,84,11.0,1,100,Moderate rain at times
642487,2016-08-08 12:30:00,2016-08-08 13:30:00,BELL CO.,SURRAN,0.86,2.7,SURRAN,36.7621,-83.7821,36.7661,-83.7883,2016,60.0,1.0,0,0,3000,50,0,0,5.94,285.75,2016-08-08 10:46:43,2016-08-08 00:35:09,35.89,229.39,Waxing Crescent,24.95,41,Deciduous Forest,462.458,0,JAS,-0.5,La Nina,0.36063123,0.41462505,0.34095836,0.4100834,74.1473,76.8887,73.3262,76.0487,86.0,67.2,75.7,4.9,0.07,5.0,82,10.9,1,100,Moderate rain at times
654082,2016-08-17 06:00:00,2016-08-17 09:00:00,BALLARD CO.,LA CENTER,0.0,0.0,OSCAR,37.07,-88.98,37.1385,-89.003,2016,180.0,3.0,0,0,40000,0,0,0,8.1,280.72,2016-08-17 11:14:27,2016-08-17 00:45:51,3.91,113.55,Full Moon,97.56,90,Woody Wetlands,101.15,0,JAS,-0.5,La Nina,0.3277571,0.40608338,0.29704165,0.40695834,76.6157,75.323296,77.12704,75.293304,76.3,68.9,72.5,5.4,0.06,3.0,96,2.4,1,100,Patchy rain possible
654084,2016-08-17 07:07:00,2016-08-17 09:00:00,MCCRACKEN CO.,ROSSINGTON,1.78,0.0,ROSSINGTON,37.168,-88.8531,37.1615,-88.8046,2016,113.0,1.88,0,0,5000,0,0,0,8.02,280.78,2016-08-17 11:13:47,2016-08-17 00:45:30,3.96,113.63,Full Moon,97.56,82,Cultivated Crops,106.484,0,JAS,-0.5,La Nina,0.34814167,0.40754172,0.32416672,0.41054174,76.81456,75.70701,77.28575,75.56825,77.5,68.0,72.6,5.8,0.02,3.0,94,3.5,1,100,Overcast
654089,2016-08-17 08:30:00,2016-08-17 10:30:00,DAVIESS CO.,OWENSBORO,0.92,1.57,(OWB)OWENSBORO ARPT,37.7763,-87.1051,37.75,-87.2066,2016,120.0,2.0,0,0,0,0,0,0,6.79,281.73,2016-08-17 11:05:49,2016-08-17 00:39:29,4.95,114.8,Full Moon,97.56,82,Cultivated Crops,117.865,0,JAS,-0.5,La Nina,0.29420128,0.40025,0.26920834,0.34454164,76.88791,76.37209,77.002106,76.66835,79.2,71.0,73.7,6.7,0.26,4.0,93,4.2,1,100,Heavy rain at times
645405,2016-08-17 10:00:00,2016-08-17 12:00:00,CAMPBELL CO.,HIGHLAND HGTS,1.11,1.11,HIGHLAND HGTS,39.0317,-84.4706,39.0317,-84.4703,2016,120.0,2.0,0,0,1000,0,0,0,5.08,283.2,2016-08-17 10:53:14,2016-08-17 00:31:01,6.24,116.67,Full Moon,97.56,23,"Developed, Medium Intensity",236.23,74,JAS,-0.5,La Nina,0.31468832,0.41620836,0.279,0.40320835,74.31601,74.76275,74.1215,74.834,79.9,69.3,74.1,5.1,0.48,3.0,94,4.0,1,100,Moderate or heavy rain shower
643572,2016-08-17 16:15:00,2016-08-17 16:55:00,BOYD CO.,WESTWOOD,0.97,0.6,BELLEFONTE,38.494,-82.6721,38.4703,-82.6927,2016,40.0,0.67,0,0,0,0,0,0,3.64,284.34,2016-08-17 10:46:55,2016-08-17 00:22:56,7.71,117.81,Full Moon,97.56,22,"Developed, Low Intensity",170.233,45,JAS,-0.5,La Nina,0.33871916,0.3716667,0.33575,0.3379166,75.52498,76.34195,74.9732,77.144455,82.9,70.0,75.2,5.1,0.63,4.0,92,3.8,1,100,Moderate or heavy rain shower
647034,2016-08-28 16:17:00,2016-08-28 16:17:00,MADISON CO.,SLATE LICK,1.03,0.96,SLATE LICK,37.5649,-84.3192,37.5555,-84.3209,2016,0.0,0.0,0,0,0,0,0,0,1.95,280.9,2016-08-28 11:04:19,2016-08-28 00:13:02,-28.16,327.47,Waning Crescent,20.22,21,"Developed, Open Space",319.421,6,JAS,-0.5,La Nina,0.3450108,0.37458327,0.34350002,0.3403333,74.63919,77.48105,73.712296,76.8698,89.5,69.4,77.8,4.8,0.18,4.0,77,9.6,1,100,Moderate or heavy rain shower
649187,2016-08-28 18:16:00,2016-08-28 20:16:00,BOONE CO.,FLORENCE,0.49,0.49,FLORENCE,38.9838,-84.6122,38.9842,-84.6111,2016,120.0,2.0,0,0,0,0,0,0,2.41,280.67,2016-08-28 11:03:51,2016-08-28 00:15:52,-26.85,327.58,Waning Crescent,20.22,22,"Developed, Low Intensity",277.721,31,JAS,-0.5,La Nina,0.301233,0.31354168,0.29645833,0.31349996,74.992325,79.240555,73.600555,78.34805,88.4,72.0,79.5,5.1,0.19,5.0,83,9.0,1,100,Moderate or heavy rain shower
649188,2016-08-28 18:30:00,2016-08-28 20:30:00,KENTON CO.,SOUTH FT MITCHELL,0.66,0.45,VILLA HILLS,39.036,-84.5604,39.0621,-84.5916,2016,120.0,2.0,0,0,50000,0,0,0,2.38,280.7,2016-08-28 11:03:34,2016-08-28 00:15:44,-26.83,327.64,Waning Crescent,20.22,23,"Developed, Medium Intensity",248.829,43,JAS,-0.5,La Nina,0.301233,0.31354168,0.29645833,0.31349996,75.09763,79.34585,73.70585,78.453354,88.4,72.0,79.5,5.1,0.19,5.0,83,9.0,1,100,Moderate or heavy rain shower
649190,2016-08-28 18:30:00,2016-08-28 20:30:00,KENTON CO.,COVINGTON,0.87,0.79,COVINGTON,39.08,-84.51,39.0848,-84.5137,2016,120.0,2.0,0,0,2000,0,0,0,2.35,280.73,2016-08-28 11:03:19,2016-08-28 00:15:35,-26.81,327.7,Waning Crescent,20.22,24,"Developed, High Intensity",158.559,89,JAS,-0.5,La Nina,0.3035417,0.31654164,0.29799995,0.3182083,76.95819,81.4727,75.5252,80.366455,90.5,71.6,79.3,4.9,0.15,5.0,83,8.7,1,100,Moderate or heavy rain shower
649191,2016-08-28 18:49:00,2016-08-28 20:49:00,BOONE CO.,FLORENCE,1.28,1.8,FLORENCE,38.99,-84.64,38.9939,-84.6208,2016,120.0,2.0,0,0,0,0,0,0,2.43,280.65,2016-08-28 11:03:57,2016-08-28 00:15:59,-26.84,327.55,Waning Crescent,20.22,22,"Developed, Low Intensity",272.044,45,JAS,-0.5,La Nina,0.301233,0.31354168,0.29645833,0.31349996,75.06253,79.31075,73.67075,78.41825,88.4,72.0,79.5,5.1,0.19,5.0,83,9.0,1,100,Moderate or heavy rain shower
649193,2016-08-28 18:50:00,2016-08-28 20:50:00,CAMPBELL CO.,BRENT,0.58,0.67,SOUTHGATE,39.0554,-84.4382,39.0564,-84.4416,2016,120.0,2.0,0,0,0,0,0,0,2.29,280.78,2016-08-28 11:03:04,2016-08-28 00:15:16,-26.86,327.76,Waning Crescent,20.22,21,"Developed, Open Space",183.953,15,JAS,-0.5,La Nina,0.30369917,0.31866667,0.29799995,0.31824997,76.606895,81.00575,75.19701,79.9745,90.5,71.6,79.3,4.9,0.15,5.0,83,8.7,1,100,Moderate or heavy rain shower
649196,2016-08-28 18:50:00,2016-08-28 20:50:00,CAMPBELL CO.,NEWPORT,0.87,0.97,NEWPORT,39.09,-84.49,39.089,-84.492,2016,120.0,2.0,0,0,0,0,0,0,2.34,280.74,2016-08-28 11:03:14,2016-08-28 00:15:31,-26.81,327.72,Waning Crescent,20.22,24,"Developed, High Intensity",158.337,89,JAS,-0.5,La Nina,0.3035417,0.31654164,0.29799995,0.3182083,76.9816,81.4961,75.5486,80.389854,90.5,71.6,79.3,4.9,0.15,5.0,83,8.7,1,100,Moderate or heavy rain shower
650357,2016-09-18 06:20:00,2016-09-18 08:15:00,POWELL CO.,WALTERSVILLE,0.58,0.61,WALTERSVILLE,37.8651,-83.9387,37.8651,-83.9382,2016,115.0,1.92,0,0,10,0,0,0,-3.93,276.05,2016-09-18 11:20:15,2016-09-18 23:38:22,-6.27,82.74,Full Moon,97.89,23,"Developed, Medium Intensity",188.966,57,ASO,-0.58,La Nina,0.30198795,0.40266666,0.296,0.28895834,74.4965,73.30895,74.4902,74.913956,77.9,66.3,70.2,5.1,0.93,4.0,92,1.9,1,100,Moderate or heavy rain shower
650359,2016-09-18 08:15:00,2016-09-18 09:30:00,POWELL CO.,STANTON,0.54,0.6,STANTON,37.8454,-83.8621,37.8453,-83.8614,2016,75.0,1.25,0,0,50,0,0,0,-4.11,276.09,2016-09-18 11:19:57,2016-09-18 23:38:04,-6.21,82.79,Full Moon,97.89,23,"Developed, Medium Intensity",204.516,42,ASO,-0.58,La Nina,0.2918988,0.39837494,0.283,0.2869167,74.59494,73.28285,74.58785,75.0566,77.9,66.3,70.2,5.1,0.93,4.0,92,1.9,1,100,Moderate or heavy rain shower
658206,2016-10-19 21:01:00,2016-10-19 23:00:00,BOONE CO.,SUGARTIT,1.01,0.99,SUGARTIT,38.9557,-84.6469,38.9564,-84.6467,2016,119.0,1.98,0,0,10000,0,0,0,-13.36,267.78,2016-10-19 11:52:20,2016-10-19 22:53:56,-13.49,56.77,Waning Gibbous,88.26,22,"Developed, Low Intensity",268.406,0,SON,-0.64,La Nina,0.2631304,0.26229173,0.2649999,0.257,68.37567,70.95755,67.41754,70.80004,77.7,67.1,70.4,5.6,0.15,4.0,91,1.5,1,100,Moderate rain at times
658207,2016-10-19 21:10:00,2016-10-19 23:10:00,CAMPBELL CO.,ALEXANDRIA,0.69,0.93,HAWTHORNE,38.96,-84.38,38.9682,-84.4203,2016,120.0,2.0,0,0,0,0,0,0,-13.57,267.95,2016-10-19 11:51:17,2016-10-19 22:52:52,-13.31,56.96,Waning Gibbous,88.26,21,"Developed, Open Space",246.248,10,SON,-0.64,La Nina,0.25669873,0.256,0.25899997,0.24904169,68.49237,71.33795,67.47546,71.03045,77.0,66.9,70.4,4.9,0.15,4.0,91,1.5,1,100,Heavy rain at times
676345,2017-03-01 05:30:00,2017-03-01 06:30:00,LEWIS CO.,CLARKSBURG,1.22,0.67,CLARKSBURG,38.5957,-83.3802,38.5967,-83.3749,2017,60.0,1.0,0,0,0,0,0,0,-7.45,266.22,2017-03-01 12:05:00,2017-03-01 23:27:04,20.1,254.26,Waxing Crescent,7.08,21,"Developed, Open Space",180.166,10,FMA,0.18,Neutral,0.4015971,0.4213333,0.3939583,0.42120835,49.51835,55.598747,48.15125,52.17875,65.1,41.7,57.3,16.8,0.8,4.0,87,0.7,1,100,Moderate or heavy rain shower
676346,2017-03-01 05:30:00,2017-03-01 06:30:00,LEWIS CO.,CHARTERS,0.0,0.77,CHARTERS,38.57,-83.43,38.5581,-83.4328,2017,60.0,1.0,0,0,0,0,0,0,-7.41,266.19,2017-03-01 12:05:11,2017-03-01 23:27:18,20.14,254.24,Waxing Crescent,7.08,41,Deciduous Forest,267.49,0,FMA,0.18,Neutral,0.39177087,0.41920832,0.38083336,0.420125,49.629204,55.838753,48.18125,52.52375,65.1,41.7,57.3,16.8,0.8,4.0,87,0.7,1,100,Moderate or heavy rain shower
676349,2017-03-01 06:30:00,2017-03-01 08:00:00,LEWIS CO.,EPWORTH,0.92,1.24,FERRY VANCEBURG,38.5332,-83.5826,38.574,-83.308,2017,90.0,1.5,0,0,200000,0,0,0,-7.28,266.09,2017-03-01 12:05:46,2017-03-01 23:27:56,20.27,254.14,Waxing Crescent,7.08,43,Mixed Forest,199.935,0,FMA,0.18,Neutral,0.39195797,0.4184167,0.38158333,0.41870832,49.605316,55.722496,48.155,52.53875,64.8,41.5,56.8,18.3,0.73,4.0,87,0.8,1,100,Moderate or heavy rain shower
676367,2017-03-01 06:45:00,2017-03-01 07:45:00,BOONE CO.,PETERSBURG,2.55,2.38,IDLEWILD,39.05,-84.81,39.0579,-84.8103,2017,60.0,1.0,0,0,50000,0,0,0,-6.29,265.39,2017-03-01 12:11:05,2017-03-01 23:32:27,21.04,253.07,Waxing Crescent,7.08,41,Deciduous Forest,219.504,0,FMA,0.18,Neutral,0.38264835,0.41958332,0.37037504,0.4124166,48.383675,53.1575,47.120003,51.125,61.7,39.7,53.7,19.0,1.34,3.0,86,0.8,1,100,Moderate or heavy rain shower
675717,2017-03-01 07:00:00,2017-03-01 07:00:00,HANCOCK CO.,CHAMBERS,1.76,1.81,GOERING,37.81,-86.8,37.8104,-86.7956,2017,0.0,0.0,0,0,0,0,0,0,-3.62,264.05,2017-03-01 12:18:03,2017-03-01 23:41:22,22.91,252.14,Waxing Crescent,7.08,81,Pasture/Hay,129.246,0,FMA,0.18,Neutral,0.47602835,0.4953333,0.46866667,0.49483332,52.429886,57.6725,50.99375,55.606255,65.3,41.1,56.1,20.8,1.02,5.0,84,2.3,1,100,Moderate or heavy rain shower
673714,2017-03-01 08:30:00,2017-03-01 11:40:00,GREENUP CO.,BRUSHART,2.44,1.64,BRUSHART,38.5528,-83.0968,38.5412,-83.1099,2017,190.0,3.17,0,0,1000,0,0,0,-7.68,266.39,2017-03-01 12:03:50,2017-03-01 23:25:58,19.89,254.48,Waxing Crescent,7.08,41,Deciduous Forest,320.737,0,FMA,0.18,Neutral,0.38505077,0.41758335,0.3729583,0.41566667,49.530613,55.86875,48.095,52.34,65.1,41.7,57.3,16.8,0.8,4.0,87,0.7,1,100,Moderate or heavy rain shower
680040,2017-04-11 19:30:00,2017-04-11 21:00:00,KNOX CO.,BARBOURVILLE,0.0,0.43,BARBOURVILLE,36.87,-83.88,36.8629,-83.8792,2017,90.0,1.5,0,0,0,0,0,0,0.77,280.14,2017-04-11 11:06:20,2017-04-11 00:06:16,2.74,97.34,Full Moon,99.83,23,"Developed, Medium Intensity",311.891,74,MAM,0.31,Neutral,0.47101417,0.4327917,0.48016667,0.45237496,55.736153,62.048748,53.885,59.978752,74.1,54.5,63.3,8.7,0.24,5.0,78,7.2,1,100,Heavy rain at times
681837,2017-04-16 20:37:00,2017-04-16 22:00:00,CAMPBELL CO.,BRENT,0.55,0.53,BRENT,39.0569,-84.4351,39.0564,-84.4347,2017,83.0,1.38,0,0,0,0,0,0,2.33,281.36,2017-04-16 10:58:58,2017-04-16 00:15:33,-48.78,72.09,Waning Gibbous,80.49,23,"Developed, Medium Intensity",163.491,74,MAM,0.31,Neutral,0.36958626,0.33650002,0.38270822,0.33562496,58.259975,66.27875,55.756252,64.17125,74.8,60.9,66.6,16.4,0.76,5.0,84,4.2,1,100,Moderate or heavy rain shower
681840,2017-04-16 20:37:00,2017-04-16 22:00:00,KENTON CO.,COVINGTON,0.35,0.35,COVINGTON,39.0708,-84.5064,39.0707,-84.5069,2017,83.0,1.38,0,0,0,0,0,0,2.39,281.32,2017-04-16 10:59:14,2017-04-16 00:15:51,-48.83,72.01,Waning Gibbous,80.49,23,"Developed, Medium Intensity",161.999,76,MAM,0.31,Neutral,0.35813752,0.31925002,0.3712916,0.32600006,57.913403,65.8325,55.4375,63.7625,74.8,60.9,66.6,16.4,0.76,5.0,84,4.2,1,100,Moderate or heavy rain shower
681252,2017-04-21 18:00:00,2017-04-21 20:00:00,WHITLEY CO.,FABER,1.02,0.9,FABER,36.8941,-84.1248,36.8943,-84.1217,2017,120.0,2.0,0,0,0,0,0,0,2.49,283.16,2017-04-21 10:53:50,2017-04-21 00:16:04,-63.28,323.32,Waning Crescent,34.44,21,"Developed, Open Space",359.363,18,MAM,0.31,Neutral,0.45965675,0.4662917,0.4638332,0.44312498,60.678986,66.36125,58.857494,65.03,70.4,58.8,64.8,7.6,0.81,5.0,95,2.6,1,100,Moderate or heavy rain shower
681544,2017-04-22 10:50:00,2017-04-22 14:10:00,HARLAN CO.,CRANKS,0.0,0.76,CRANKS,36.77,-83.17,36.763,-83.1657,2017,200.0,3.33,0,0,0,0,0,0,1.92,284.03,2017-04-22 10:48:56,2017-04-22 00:12:57,-54.72,309.71,Waning Crescent,24.88,81,Pasture/Hay,439.876,0,MAM,0.31,Neutral,0.4919571,0.5088333,0.4850417,0.5100417,57.782448,59.114902,56.726147,60.959904,60.9,47.2,56.1,6.4,1.4,4.0,95,2.3,1,100,Moderate or heavy rain shower
684594,2017-04-29 00:29:00,2017-04-29 00:29:00,JEFFERSON CO.,PROSPECT,1.08,1.11,PROSPECT,38.35,-85.6,38.3496,-85.6027,2017,0.0,0.0,0,0,0,0,0,0,5.2,284.46,2017-04-29 10:47:24,2017-04-29 00:31:37,34.71,264.78,Waxing Crescent,9.32,21,"Developed, Open Space",159.999,5,MAM,0.31,Neutral,0.40015003,0.419125,0.39058328,0.426625,61.09906,66.901245,59.70125,63.957497,80.8,64.5,72.2,10.5,1.85,3.0,87,6.8,1,100,Moderate or heavy rain shower
687747,2017-04-29 01:42:00,2017-04-29 03:00:00,HENDERSON CO.,HENDERSON,1.34,1.05,HENDERSON,37.8493,-87.5821,37.8462,-87.5658,2017,78.0,1.3,0,0,0,0,0,0,6.57,283.32,2017-04-29 10:56:13,2017-04-29 00:38:40,36.33,263.81,Waxing Crescent,9.32,82,Cultivated Crops,119.231,0,MAM,0.31,Neutral,0.36258796,0.4139167,0.35041663,0.3872083,61.420097,68.14625,59.832497,64.62125,82.4,66.0,73.5,12.8,0.61,4.0,87,7.3,1,100,Moderate or heavy rain shower
684595,2017-04-29 02:20:00,2017-04-29 02:20:00,OLDHAM CO.,HARMONY VLG,1.52,1.47,HARMONY VLG,38.4157,-85.6004,38.4069,-85.6044,2017,0.0,0.0,0,0,0,0,0,0,5.22,284.45,2017-04-29 10:47:17,2017-04-29 00:31:45,34.71,264.74,Waxing Crescent,9.32,22,"Developed, Low Intensity",200.803,0,MAM,0.31,Neutral,0.38445583,0.41595837,0.37295833,0.413375,59.650776,65.6675,58.201252,62.614998,80.8,64.5,72.2,10.5,1.85,3.0,87,6.8,1,100,Moderate or heavy rain shower
688084,2017-04-29 08:00:00,2017-04-29 10:00:00,CARROLL CO.,EAGLE STATION,0.88,0.67,EAGLE STATION,38.64,-85.01,38.6369,-85.017,2017,120.0,2.0,0,0,0,0,0,0,4.84,284.79,2017-04-29 10:44:31,2017-04-29 00:29:47,34.22,264.98,Waxing Crescent,9.32,41,Deciduous Forest,184.987,0,MAM,0.31,Neutral,0.37393,0.38587496,0.3702083,0.38270834,58.952976,65.01875,57.43625,62.13125,78.5,64.2,70.4,9.0,1.13,4.0,90,6.6,1,100,Moderate or heavy rain shower
688085,2017-04-29 08:30:00,2017-04-29 10:30:00,BOONE CO.,SUGARTIT,0.68,0.59,SUGARTIT,38.9618,-84.657,38.9616,-84.6579,2017,120.0,2.0,0,0,0,0,0,0,4.66,284.98,2017-04-29 10:42:31,2017-04-29 00:28:57,33.92,264.99,Waxing Crescent,9.32,21,"Developed, Open Space",243.903,6,MAM,0.31,Neutral,0.37480378,0.409125,0.36649993,0.39183334,59.37429,64.81625,57.987495,62.315002,76.9,63.3,68.8,8.6,2.28,3.0,92,6.2,1,100,Moderate or heavy rain shower
689605,2017-04-30 10:50:00,2017-04-30 16:00:00,HICKMAN CO.,CROLEY,3.09,0.73,CLINTON,36.5888,-88.9515,36.6762,-89.0181,2017,310.0,5.17,0,0,0,0,0,0,7.49,282.94,2017-04-30 11:02:46,2017-04-30 00:42:51,49.96,254.61,Waxing Crescent,17.4,82,Cultivated Crops,103.239,0,MAM,0.31,Neutral,0.41626796,0.41354167,0.41612497,0.41766667,64.343445,69.972496,62.386253,69.177505,74.1,59.5,69.2,19.5,1.42,3.0,92,2.8,1,100,Moderate or heavy rain shower
689606,2017-04-30 11:46:00,2017-04-30 16:00:00,BALLARD CO.,KEVIL,1.94,1.79,INGLESIDE,37.0536,-88.9117,37.1095,-88.9295,2017,254.0,4.23,0,0,0,0,0,0,7.56,282.9,2017-04-30 11:01:47,2017-04-30 00:43:30,49.8,254.1,Waxing Crescent,17.4,82,Cultivated Crops,125.524,0,MAM,0.31,Neutral,0.42264497,0.43200004,0.4186667,0.43316665,62.985207,67.381256,61.358757,67.096245,72.4,59.2,68.0,17.0,1.59,4.0,94,2.2,1,100,Moderate or heavy rain shower
687766,2017-05-19 07:40:00,2017-05-19 07:40:00,ALLEN CO.,SCOTTSVILLE,2.77,2.53,SCOTTSVILLE,36.75,-86.23,36.7458,-86.2102,2017,0.0,0.0,0,0,0,0,0,0,8.21,288.65,2017-05-19 10:33:57,2017-05-19 00:48:29,-65.75,1.24,Third Quarter,50.38,81,Pasture/Hay,237.345,0,AMJ,0.4,Neutral,0.46255586,0.44420835,0.4778334,0.41629168,65.721085,73.04,63.34625,71.42375,82.0,66.4,73.2,8.5,0.52,4.0,85,8.7,1,100,Moderate or heavy rain shower
687768,2017-05-19 08:00:00,2017-05-19 08:00:00,ALLEN CO.,SCOTTSVILLE,2.77,1.76,SCOTTSVILLE,36.75,-86.23,36.7705,-86.1931,2017,0.0,0.0,0,0,0,0,0,0,8.21,288.65,2017-05-19 10:33:57,2017-05-19 00:48:29,-65.75,1.24,Third Quarter,50.38,22,"Developed, Low Intensity",219.933,30,AMJ,0.4,Neutral,0.46255586,0.44420835,0.4778334,0.41629168,65.721085,73.04,63.34625,71.42375,82.0,66.4,73.2,8.5,0.52,4.0,85,8.7,1,100,Moderate or heavy rain shower
687770,2017-05-19 08:17:00,2017-05-19 08:17:00,ALLEN CO.,SCOTTSVILLE,1.11,1.08,SCOTTSVILLE,36.75,-86.2,36.7566,-86.1922,2017,0.0,0.0,0,0,0,0,0,0,8.19,288.67,2017-05-19 10:33:49,2017-05-19 00:48:22,-65.75,1.31,Third Quarter,50.38,23,"Developed, Medium Intensity",221.539,52,AMJ,0.4,Neutral,0.46255586,0.44420835,0.4778334,0.41629168,65.721085,73.04,63.34625,71.42375,82.0,66.4,73.2,8.5,0.52,4.0,85,8.7,1,100,Moderate or heavy rain shower
687772,2017-05-19 08:40:00,2017-05-19 08:40:00,ALLEN CO.,SCOTTSVILLE,1.11,1.14,SCOTTSVILLE,36.75,-86.2,36.761,-86.1774,2017,0.0,0.0,0,0,0,0,0,0,8.19,288.67,2017-05-19 10:33:49,2017-05-19 00:48:22,-65.75,1.31,Third Quarter,50.38,22,"Developed, Low Intensity",214.145,31,AMJ,0.4,Neutral,0.46255586,0.44420835,0.4778334,0.41629168,65.721085,73.04,63.34625,71.42375,82.0,66.4,73.2,8.5,0.52,4.0,85,8.7,1,100,Moderate or heavy rain shower
688102,2017-05-19 09:40:00,2017-05-19 09:40:00,PERRY CO.,BULAN,0.5,0.46,BULAN,37.2948,-83.1763,37.2976,-83.1722,2017,0.0,0.0,0,0,100,0,0,0,6.12,290.33,2017-05-19 10:20:24,2017-05-19 00:37:35,-65.01,8.19,Third Quarter,50.38,22,"Developed, Low Intensity",267.131,54,AMJ,0.4,Neutral,0.35763004,0.35837495,0.36633337,0.32754162,63.86687,70.01375,61.90625,68.54,84.6,63.6,71.6,9.1,0.47,4.0,81,6.9,1,100,Heavy rain at times
688103,2017-05-19 09:54:00,2017-05-19 10:06:00,PIKE CO.,KIMPER,2.19,0.67,KIMPER,37.5312,-82.3575,37.5419,-82.3607,2017,12.0,0.2,0,0,50000,0,0,0,5.61,290.78,2017-05-19 10:16:33,2017-05-19 00:34:53,-64.68,9.95,Third Quarter,50.38,41,Deciduous Forest,430.602,0,AMJ,0.4,Neutral,0.36924088,0.36233333,0.38104165,0.3310833,64.45996,71.052795,62.40905,69.29405,84.6,63.1,72.9,10.4,0.49,4.0,76,7.6,1,100,Moderate or heavy rain shower
688104,2017-05-19 10:57:00,2017-05-19 10:57:00,FLOYD CO.,AMBA,0.67,0.52,BOLDMAN,37.5361,-82.6405,37.5358,-82.6393,2017,0.0,0.0,0,0,500,0,0,0,5.81,290.61,2017-05-19 10:17:40,2017-05-19 00:36:02,-64.71,9.32,Third Quarter,50.38,23,"Developed, Medium Intensity",204.224,58,AMJ,0.4,Neutral,0.35101628,0.34387496,0.35954177,0.3241667,63.6158,70.18625,61.5725,68.43125,84.6,63.1,72.9,10.4,0.49,4.0,76,7.6,1,100,Moderate or heavy rain shower
688107,2017-05-19 11:32:00,2017-05-19 11:45:00,FLOYD CO.,DRIFT,1.1,0.97,ALPHORETTA,37.48,-82.75,37.565,-82.7823,2017,13.0,0.22,0,0,10000,0,0,0,5.87,290.56,2017-05-19 10:18:15,2017-05-19 00:36:20,-64.78,9.09,Third Quarter,50.38,52,Shrub/Scrub,375.69,0,AMJ,0.4,Neutral,0.33098957,0.34033334,0.33412507,0.317125,64.97098,71.49799,62.929253,69.795494,84.6,63.1,72.9,10.4,0.49,4.0,76,7.6,1,100,Moderate or heavy rain shower
688945,2017-05-20 15:40:00,2017-05-20 17:40:00,CARTER CO.,NORTON BRANCH,0.0,0.58,NORTON BRANCH,38.33,-82.8,38.3268,-82.7864,2017,120.0,2.0,0,0,2000,0,0,0,6.34,290.6,2017-05-20 10:15:35,2017-05-20 00:39:30,-59.82,344.93,Waning Crescent,40.01,41,Deciduous Forest,273.164,0,AMJ,0.4,Neutral,0.4153113,0.43025002,0.419625,0.3955417,63.696728,70.651245,61.4975,68.91875,83.7,64.0,72.7,5.4,0.26,3.0,84,10.2,1,100,Moderate or heavy rain shower
688949,2017-05-20 15:45:00,2017-05-20 17:45:00,BOYD CO.,KILGORE,1.11,0.68,KILGORE,38.3643,-82.7709,38.3699,-82.7914,2017,120.0,2.0,0,0,2000,0,0,0,6.33,290.62,2017-05-20 10:15:23,2017-05-20 00:39:28,-59.8,345.0,Waning Crescent,40.01,41,Deciduous Forest,210.511,0,AMJ,0.4,Neutral,0.4153113,0.43025002,0.419625,0.3955417,63.696728,70.651245,61.4975,68.91875,83.7,64.0,72.7,5.4,0.26,3.0,84,10.2,1,100,Moderate or heavy rain shower
691229,2017-05-20 17:30:00,2017-05-20 18:30:00,LEWIS CO.,HARRIS,2.82,2.79,HARRIS,38.34,-83.34,38.3478,-83.3396,2017,60.0,1.0,0,0,0,0,0,0,6.74,290.28,2017-05-20 10:17:43,2017-05-20 00:41:41,-59.7,343.92,Waning Crescent,40.01,43,Mixed Forest,278.709,0,AMJ,0.4,Neutral,0.33489168,0.3004167,0.3467917,0.3055833,63.461266,69.70625,61.497498,68.1125,83.8,63.3,72.3,5.6,0.36,5.0,84,10.3,1,100,Moderate or heavy rain shower
691230,2017-05-20 20:00:00,2017-05-20 21:00:00,CARROLL CO.,PRESTONVILLE,0.56,1.77,CARROLLTON,38.6819,-85.17,38.6753,-85.1675,2017,60.0,1.0,0,0,0,0,0,0,8.18,289.16,2017-05-20 10:24:09,2017-05-20 00:49:53,-58.95,340.69,Waning Crescent,40.01,24,"Developed, High Intensity",147.401,86,AMJ,0.4,Neutral,0.3639492,0.36404166,0.37720832,0.31845838,63.8129,69.049995,62.082497,68.0,80.1,62.6,71.2,8.5,0.29,4.0,85,6.3,1,100,Moderate or heavy rain shower
688286,2017-05-20 21:38:00,2017-05-20 23:48:00,MAGOFFIN CO.,MARSHALLVILLE,0.9,1.52,MARSHALLVILLE,37.6912,-82.9715,37.6662,-82.955,2017,130.0,2.17,0,0,1000,0,0,0,6.25,290.57,2017-05-20 10:17:54,2017-05-20 00:38:34,-60.4,344.32,Waning Crescent,40.01,41,Deciduous Forest,389.047,0,AMJ,0.4,Neutral,0.3385996,0.32695836,0.34800002,0.31024995,64.2827,70.81625,62.34125,68.76125,83.8,64.8,73.1,6.3,0.43,5.0,85,9.9,1,100,Moderate or heavy rain shower
687774,2017-05-21 16:56:00,2017-05-21 16:56:00,HART CO.,HORSE CAVE,0.69,0.23,HORSE CAVE,37.19,-85.92,37.1902,-85.9019,2017,0.0,0.0,0,0,0,0,0,0,8.38,289.09,2017-05-21 10:30:16,2017-05-21 00:49:56,-51.72,322.31,Waning Crescent,29.75,41,Deciduous Forest,189.831,0,AMJ,0.4,Neutral,0.44503665,0.46916664,0.45733324,0.39483336,65.87094,70.7225,64.06625,70.441246,75.4,63.6,69.6,7.2,0.79,4.0,92,4.9,1,100,Moderate or heavy rain shower
688609,2017-05-24 13:30:00,2017-05-24 15:30:00,PIKE CO.,ELK HORN CITY,0.17,0.36,ELK HORN CITY,37.3019,-82.3519,37.3032,-82.3457,2017,120.0,2.0,0,0,20000,0,0,0,6.19,291.55,2017-05-24 10:13:51,2017-05-24 00:38:19,-20.17,298.98,Waning Crescent,5.21,23,"Developed, Medium Intensity",252.501,54,AMJ,0.4,Neutral,0.38049415,0.41266665,0.3714583,0.40075,64.66225,65.85305,64.39055,65.1968,69.8,53.5,61.9,11.6,0.39,2.0,91,3.0,1,100,Moderate or heavy rain shower
688608,2017-05-24 15:55:00,2017-05-24 16:55:00,MARTIN CO.,LAURA,2.2,2.63,LAURA,37.6927,-82.4095,37.6937,-82.4018,2017,60.0,1.0,0,0,500,0,0,0,6.37,291.47,2017-05-24 10:13:03,2017-05-24 00:39:34,-19.94,299.06,Waning Crescent,5.21,41,Deciduous Forest,283.882,0,AMJ,0.4,Neutral,0.3686117,0.41054162,0.36358333,0.37187505,61.0937,62.013504,60.88475,61.5035,71.8,53.8,62.2,10.3,0.95,3.0,91,3.2,1,100,Moderate or heavy rain shower
691253,2017-05-24 18:30:00,2017-05-24 19:00:00,GALLATIN CO.,ETHRIDGE,3.4,4.44,ETHRIDGE,38.74,-84.98,38.7354,-84.9494,2017,30.0,0.5,0,0,0,0,0,0,8.6,289.85,2017-05-24 10:20:32,2017-05-24 00:52:38,-17.68,297.46,Waning Crescent,5.21,43,Mixed Forest,174.789,0,AMJ,0.4,Neutral,0.38126957,0.3959583,0.377125,0.39058328,62.350517,63.357502,61.872494,63.653755,65.5,56.2,61.1,8.3,0.5,4.0,94,4.1,1,100,Moderate or heavy rain shower
691257,2017-05-24 18:45:00,2017-05-24 19:15:00,GALLATIN CO.,ETHRIDGE,1.28,1.28,ETHRIDGE,38.78,-84.91,38.7812,-84.9075,2017,30.0,0.5,0,0,0,0,0,0,8.56,289.88,2017-05-24 10:20:09,2017-05-24 00:52:28,-17.71,297.52,Waning Crescent,5.21,21,"Developed, Open Space",148.973,0,AMJ,0.4,Neutral,0.38126957,0.3959583,0.377125,0.39058328,62.350517,63.357502,61.872494,63.653755,65.5,56.2,61.1,8.3,0.5,4.0,94,4.1,1,100,Moderate or heavy rain shower
689886,2017-05-27 16:00:00,2017-05-27 17:00:00,ESTILL CO.,IRVINE,0.69,1.19,IRVINE,37.7096,-83.9738,37.7044,-83.9701,2017,60.0,1.0,0,0,1000,0,0,0,7.89,290.95,2017-05-27 10:17:37,2017-05-27 00:48:11,19.4,278.38,New Moon,2.32,43,Mixed Forest,211.83,0,AMJ,0.4,Neutral,0.3775396,0.38008332,0.37408337,0.3885417,63.35975,68.9825,61.947502,66.3275,76.9,63.4,70.2,8.5,0.13,5.0,88,5.9,1,100,Heavy rain at times
692708,2017-05-27 17:15:00,2017-05-27 17:45:00,LEWIS CO.,STRICKLETT,1.48,1.51,STRICKLETT,38.4586,-83.3795,38.4643,-83.3828,2017,30.0,0.5,0,0,0,0,0,0,7.72,291.2,2017-05-27 10:13:11,2017-05-27 00:47:51,19.05,278.45,New Moon,2.32,41,Deciduous Forest,267.426,0,AMJ,0.4,Neutral,0.3513775,0.37412497,0.34391665,0.369375,62.09041,67.7675,60.679996,65.033745,77.4,64.3,69.8,7.2,0.2,5.0,91,4.4,1,100,Moderate or heavy rain shower
691150,2017-05-27 18:25:00,2017-05-27 18:25:00,GREEN CO.,OTE,1.65,0.87,THURLOW,37.23,-85.5,37.2328,-85.5054,2017,0.0,0.0,0,0,0,0,0,0,8.85,290.14,2017-05-27 10:25:01,2017-05-27 00:53:00,20.54,277.7,New Moon,2.32,21,"Developed, Open Space",186.286,11,AMJ,0.4,Neutral,0.48520085,0.48183334,0.48600003,0.4835833,64.22653,69.89,62.866253,67.0025,78.7,66.0,70.7,9.0,0.64,4.0,87,3.7,1,100,Moderate or heavy rain shower
689887,2017-05-27 18:30:00,2017-05-27 19:00:00,LETCHER CO.,DONGOLA,0.88,0.94,DONGOLA,37.09,-82.84,37.0898,-82.8266,2017,30.0,0.5,0,0,1000,0,0,0,6.84,291.67,2017-05-27 10:14:45,2017-05-27 00:41:59,18.42,279.24,New Moon,2.32,41,Deciduous Forest,416.433,0,AMJ,0.4,Neutral,0.39302382,0.392875,0.3908333,0.40058336,63.62683,68.0771,62.545845,65.849594,76.3,62.5,68.7,9.2,0.25,4.0,88,4.6,1,100,Heavy rain at times
691147,2017-05-27 18:35:00,2017-05-27 18:35:00,TAYLOR CO.,CAMPBELLSVILLE,1.38,0.3,CAMPBELLSVILLE ARPT,37.35,-85.35,37.356,-85.3329,2017,0.0,0.0,0,0,0,0,0,0,8.78,290.21,2017-05-27 10:24:05,2017-05-27 00:52:43,20.44,277.74,New Moon,2.32,22,"Developed, Low Intensity",251.029,35,AMJ,0.4,Neutral,0.45858124,0.47662494,0.45075002,0.4794166,63.609722,69.03876,62.318752,66.22626,78.9,66.2,70.7,9.8,0.57,5.0,87,4.1,1,100,Heavy rain at times
691148,2017-05-27 19:05:00,2017-05-27 19:05:00,TAYLOR CO.,CAMPBELLSVILLE,1.38,0.24,CAMPBELLSVILLE ARPT,37.35,-85.35,37.3546,-85.3391,2017,0.0,0.0,0,0,40000,0,0,0,8.78,290.21,2017-05-27 10:24:05,2017-05-27 00:52:43,20.44,277.74,New Moon,2.32,21,"Developed, Open Space",247.965,19,AMJ,0.4,Neutral,0.45858124,0.47662494,0.45075002,0.4794166,63.609722,69.03876,62.318752,66.22626,78.9,66.2,70.7,9.8,0.57,5.0,87,4.1,1,100,Heavy rain at times
689888,2017-05-27 19:10:00,2017-05-28 00:05:00,PULASKI CO.,SCIENCE HILL,1.1,1.41,NORWOOD,37.18,-84.64,37.1552,-84.6428,2017,295.0,4.92,0,0,1000,0,0,0,8.19,290.64,2017-05-27 10:21:42,2017-05-27 00:49:26,19.85,278.2,New Moon,2.32,21,"Developed, Open Space",343.996,0,AMJ,0.4,Neutral,0.46858084,0.4820834,0.4637916,0.48049998,63.15935,68.43875,61.928753,65.61875,77.4,64.6,70.1,9.6,0.55,4.0,86,4.0,1,100,Moderate or heavy rain shower
691149,2017-05-27 19:14:00,2017-05-27 19:14:00,CASEY CO.,CLEMENTSVILLE,0.69,0.7,CLEMENTSVILLE,37.29,-85.1,37.2936,-85.098,2017,0.0,0.0,0,0,50000,0,0,0,8.57,290.36,2017-05-27 10:23:15,2017-05-27 00:51:34,20.23,277.9,New Moon,2.32,22,"Developed, Low Intensity",231.73,21,AMJ,0.4,Neutral,0.47751665,0.48329163,0.47483334,0.4847916,63.20686,68.6675,61.928753,65.76875,78.9,66.2,70.7,9.8,0.57,5.0,87,4.2,1,100,Heavy rain at times
691151,2017-05-27 20:09:00,2017-05-27 20:09:00,TAYLOR CO.,CAMPBELLSVILLE,1.38,0.92,LORAIN,37.35,-85.35,37.3618,-85.3527,2017,0.0,0.0,0,0,0,0,0,0,8.78,290.21,2017-05-27 10:24:05,2017-05-27 00:52:43,20.44,277.74,New Moon,2.32,21,"Developed, Open Space",231.437,4,AMJ,0.4,Neutral,0.45858124,0.47662494,0.45075002,0.4794166,63.609722,69.03876,62.318752,66.22626,78.9,66.2,70.7,9.8,0.57,5.0,87,4.1,1,100,Heavy rain at times
691152,2017-05-27 20:28:00,2017-05-27 20:28:00,CASEY CO.,LIBERTY,1.1,1.31,LIBERTY,37.32,-84.93,37.3307,-84.9172,2017,0.0,0.0,0,0,40000,0,0,0,8.46,290.45,2017-05-27 10:22:30,2017-05-27 00:50:58,20.1,277.99,New Moon,2.32,23,"Developed, Medium Intensity",255.747,67,AMJ,0.4,Neutral,0.48596415,0.48866668,0.48537502,0.48708332,63.00954,68.47626,61.74875,65.51,78.3,64.2,70.3,8.5,1.14,5.0,87,2.7,1,100,Heavy rain at times
691155,2017-05-27 20:33:00,2017-05-27 20:33:00,CLINTON CO.,ALBANY,1.49,1.01,ALBANY,36.7,-85.14,36.7016,-85.1265,2017,0.0,0.0,0,0,0,0,0,0,8.4,290.42,2017-05-27 10:24:58,2017-05-27 00:50:10,20.18,278.11,New Moon,2.32,21,"Developed, Open Space",306.292,0,AMJ,0.4,Neutral,0.39564705,0.38370827,0.3980416,0.3914167,64.0748,69.24125,62.787506,66.76625,77.2,65.5,69.7,8.3,0.61,5.0,86,5.3,1,100,Moderate or heavy rain shower
691156,2017-05-27 21:02:00,2017-05-27 21:02:00,CUMBERLAND CO.,DOUGAN TOWN,1.11,0.66,DOUGAN TOWN,36.8,-85.37,36.7965,-85.3569,2017,0.0,0.0,0,0,0,0,0,0,8.6,290.28,2017-05-27 10:25:38,2017-05-27 00:51:21,20.38,277.94,New Moon,2.32,21,"Developed, Open Space",180.688,6,AMJ,0.4,Neutral,0.47882795,0.47354165,0.47899994,0.48000002,64.18651,69.42125,62.978752,66.5825,77.3,64.9,70.0,8.2,0.81,5.0,88,4.1,1,100,Moderate or heavy rain shower
689894,2017-05-27 21:40:00,2017-05-28 00:06:00,KNOX CO.,HIMYAR,0.94,0.65,HIMYAR,36.8436,-83.7814,36.8398,-83.7819,2017,146.0,2.43,0,0,1000,0,0,0,7.44,291.16,2017-05-27 10:19:10,2017-05-27 00:45:06,19.12,278.81,New Moon,2.32,21,"Developed, Open Space",310.164,16,AMJ,0.4,Neutral,0.37259007,0.37825,0.3717499,0.3735834,62.370388,67.055,61.238747,64.68875,76.6,63.1,68.4,8.3,0.58,5.0,89,4.5,1,100,Moderate or heavy rain shower
689901,2017-05-27 21:45:00,2017-05-28 02:03:00,HARLAN CO.,TEETERSVILLE,0.53,1.14,TEETERSVILLE,36.7975,-83.339,36.8011,-83.3379,2017,258.0,4.3,0,0,1000,0,0,0,7.1,291.42,2017-05-27 10:17:31,2017-05-27 00:43:13,18.76,279.07,New Moon,2.32,21,"Developed, Open Space",381.719,7,AMJ,0.4,Neutral,0.37080625,0.38775,0.3646666,0.38620827,62.59153,66.644455,61.6082,64.61195,76.6,61.7,67.9,8.7,0.7,4.0,88,3.1,1,100,Moderate or heavy rain shower
689907,2017-05-27 22:55:00,2017-05-28 00:05:00,PULASKI CO.,DABNEY,1.79,2.5,SUGAR HILL,37.17,-84.56,37.1558,-84.5587,2017,70.0,1.17,0,0,1000,0,0,0,8.13,290.68,2017-05-27 10:21:25,2017-05-27 00:49:05,19.79,278.25,New Moon,2.32,41,Deciduous Forest,333.344,0,AMJ,0.4,Neutral,0.4522767,0.47729167,0.4462917,0.46445832,62.919765,68.20625,61.696243,65.35249,77.4,64.6,70.1,9.6,0.55,4.0,86,4.0,1,100,Moderate or heavy rain shower
689910,2017-05-27 23:44:00,2017-05-28 00:05:00,PULASKI CO.,COIN,0.4,0.3,COIN,37.1645,-84.5022,37.1628,-84.5016,2017,21.0,0.35,0,0,1000,0,0,0,8.09,290.72,2017-05-27 10:21:12,2017-05-27 00:48:50,19.74,278.29,New Moon,2.32,21,"Developed, Open Space",281.68,9,AMJ,0.4,Neutral,0.4522767,0.47729167,0.4462917,0.46445832,62.919765,68.20625,61.696243,65.35249,77.4,64.6,70.1,9.6,0.55,4.0,86,4.0,1,100,Moderate or heavy rain shower
693427,2017-06-14 15:37:00,2017-06-14 15:50:00,MAGOFFIN CO.,MASON,0.0,0.89,MASON,37.72,-83.05,37.7176,-83.0326,2017,13.0,0.22,0,0,0,0,0,0,8.97,292.61,2017-06-14 10:09:35,2017-06-14 00:55:13,-45.52,73.74,Waning Gibbous,82.78,41,Deciduous Forest,289.453,0,MJJ,0.39,Neutral,0.25257498,0.26324996,0.26179174,0.21741666,67.17215,73.08875,65.35249,71.43874,85.0,65.6,74.9,5.1,0.37,5.0,81,12.2,1,100,Moderate or heavy rain shower
693428,2017-06-14 16:25:00,2017-06-14 16:25:00,KNOTT CO.,PIPPA PASSES,0.0,0.06,PIPPA PASSES,37.33,-82.88,37.3301,-82.8795,2017,0.0,0.0,0,0,0,0,0,0,8.7,292.76,2017-06-14 10:10:04,2017-06-14 00:53:22,-45.5,74.25,Waning Gibbous,82.78,41,Deciduous Forest,391.473,0,MJJ,0.39,Neutral,0.34460247,0.380625,0.342625,0.33937493,65.459114,70.625,63.923744,69.00125,83.7,64.5,73.5,4.0,0.18,4.0,86,10.8,1,100,Moderate or heavy rain shower
703397,2017-06-17 17:35:00,2017-06-17 19:30:00,MARSHALL CO.,BENTON,1.49,4.0,HARVY,36.85,-88.36,36.8544,-88.4207,2017,115.0,1.92,0,0,0,0,0,0,12.75,289.85,2017-06-17 10:33:38,2017-06-17 01:14:58,-59.08,10.21,Waning Gibbous,55.26,82,Cultivated Crops,137.865,0,MJJ,0.39,Neutral,0.2797929,0.22729163,0.29545838,0.24358337,72.529625,77.35249,71.04125,76.025,89.2,68.7,78.6,8.9,0.05,4.0,76,12.6,1,100,Heavy rain at times
703398,2017-06-17 17:45:00,2017-06-17 21:00:00,CALLOWAY CO.,COLDWATER,0.0,2.62,ALMO,36.65,-88.45,36.7102,-88.2828,2017,195.0,3.25,0,0,100000,0,0,0,12.75,289.84,2017-06-17 10:34:35,2017-06-17 01:14:45,-59.29,10.1,Waning Gibbous,55.26,41,Deciduous Forest,163.973,0,MJJ,0.39,Neutral,0.30285838,0.26345834,0.31487504,0.27479163,71.87573,76.122505,70.5425,75.03125,88.8,67.8,77.9,8.5,0.15,4.0,76,12.1,1,100,Moderate or heavy rain shower
694330,2017-06-18 15:40:00,2017-06-18 15:40:00,NELSON CO.,BLOOMFIELD,0.55,0.98,BLOOMFIELD,37.9,-85.31,37.8987,-85.3058,2017,0.0,0.0,0,0,0,0,0,0,10.92,291.31,2017-06-18 10:18:25,2017-06-18 01:06:14,-54.03,354.55,Waning Crescent,44.53,82,Cultivated Crops,219.788,0,MJJ,0.39,Neutral,0.32601875,0.30125,0.3416667,0.28062502,70.40098,76.13374,68.637505,74.53625,86.1,69.3,75.8,11.0,0.47,5.0,87,9.6,1,100,Moderate or heavy rain shower
703402,2017-06-18 16:15:00,2017-06-18 19:00:00,MCCRACKEN CO.,REIDLAND,0.0,3.0,LONE OAK,37.02,-88.53,37.03,-88.67,2017,165.0,2.75,0,0,0,0,0,0,12.99,289.71,2017-06-18 10:33:57,2017-06-18 01:16:28,-54.53,348.97,Waning Crescent,44.53,11,Open Water,103.785,0,MJJ,0.39,Neutral,0.28397205,0.30858332,0.28800008,0.2619584,74.27132,77.405,73.03624,77.46125,81.9,69.1,75.8,10.4,0.92,4.0,91,10.2,1,100,Moderate or heavy rain shower
694553,2017-06-18 19:49:00,2017-06-18 20:49:00,LEWIS CO.,HEAD OF GRASSY,0.78,0.87,HEAD OF GRASSY,38.3884,-83.2797,38.3894,-83.2797,2017,60.0,1.0,0,0,5000,0,0,0,9.63,292.37,2017-06-18 10:08:48,2017-06-18 00:59:36,-53.66,357.98,Waning Crescent,44.53,21,"Developed, Open Space",243.215,18,MJJ,0.39,Neutral,0.21681833,0.24845831,0.22366667,0.18279165,69.3206,76.09625,67.25,74.161255,88.0,68.4,77.3,12.3,0.3,5.0,80,12.1,1,100,Moderate or heavy rain shower
697593,2017-06-23 16:40:00,2017-06-23 16:40:00,HARDIN CO.,COLESBURG,2.76,2.82,COLESBURG,37.74,-85.78,37.7445,-85.7698,2017,0.0,0.0,0,0,0,0,0,0,11.42,290.94,2017-06-23 10:21:51,2017-06-23 01:08:48,-4.67,296.53,New Moon,2.06,81,Pasture/Hay,245.231,0,MJJ,0.39,Neutral,0.28027377,0.40175,0.25241667,0.33529165,71.08006,74.033745,70.16001,73.24999,79.0,68.7,73.8,12.3,1.74,4.0,94,3.9,1,100,Moderate or heavy rain shower
702394,2017-06-23 16:45:00,2017-06-23 16:45:00,HARDIN CO.,RINEYVILLE,0.0,0.39,RINEYVILLE,37.75,-85.97,37.7517,-85.9703,2017,0.0,0.0,0,0,0,0,0,0,11.56,290.83,2017-06-23 10:22:35,2017-06-23 01:09:35,-4.4,296.41,New Moon,2.06,21,"Developed, Open Space",234.988,0,MJJ,0.39,Neutral,0.371565,0.486625,0.34441662,0.4262916,70.14417,73.56125,69.08001,72.653755,79.0,68.7,73.8,12.3,1.74,4.0,94,3.9,1,100,Moderate or heavy rain shower
697594,2017-06-23 16:54:00,2017-06-23 16:54:00,HARDIN CO.,HOWE VLY,0.88,0.3,FRANKLIN XRDS,37.69,-86.07,37.6832,-86.0379,2017,0.0,0.0,0,0,0,0,0,0,11.61,290.79,2017-06-23 10:23:09,2017-06-23 01:09:49,-4.31,296.35,New Moon,2.06,81,Pasture/Hay,226.831,0,MJJ,0.39,Neutral,0.37456462,0.48808333,0.34783337,0.428375,70.06678,73.56125,68.98999,72.59375,79.0,68.7,73.8,12.3,1.74,4.0,94,3.9,1,100,Moderate or heavy rain shower
702395,2017-06-23 17:45:00,2017-06-23 17:45:00,BULLITT CO.,LEBANON JCT,0.69,0.16,LEBANON JCT,37.84,-85.73,37.841,-85.7333,2017,0.0,0.0,0,0,0,0,0,0,11.42,290.95,2017-06-23 10:21:21,2017-06-23 01:08:54,-4.65,296.57,New Moon,2.06,23,"Developed, Medium Intensity",140.551,61,MJJ,0.39,Neutral,0.29032087,0.3918333,0.2722083,0.3185833,70.97566,74.07875,70.00625,73.265,81.1,68.2,74.2,13.8,2.29,5.0,93,4.0,1,100,Moderate or heavy rain shower
702396,2017-06-23 17:47:00,2017-06-23 17:47:00,FRANKLIN CO.,FARMDALE,0.69,0.86,FARMDALE,38.11,-84.92,38.1126,-84.9393,2017,0.0,0.0,0,0,0,0,0,0,10.92,291.35,2017-06-23 10:17:17,2017-06-23 01:06:29,-5.33,297.11,New Moon,2.06,41,Deciduous Forest,232.802,0,MJJ,0.39,Neutral,0.33283126,0.40875003,0.31129166,0.38137498,69.69388,72.99126,68.667496,72.11375,81.5,67.5,73.2,11.2,1.7,4.0,94,1.9,1,100,Moderate or heavy rain shower
702400,2017-06-23 17:47:00,2017-06-23 17:47:00,NELSON CO.,COXS CREEK,3.01,2.81,COXS CREEK,37.87,-85.43,37.8808,-85.426,2017,0.0,0.0,0,0,0,0,0,0,11.21,291.11,2017-06-23 10:20:03,2017-06-23 01:07:48,-4.97,296.77,New Moon,2.06,82,Cultivated Crops,209.991,0,MJJ,0.39,Neutral,0.33282375,0.40825,0.31529173,0.36779165,70.37236,73.677505,69.3725,72.69875,80.7,68.1,74.0,13.8,2.74,4.0,93,3.3,1,100,Moderate or heavy rain shower
702399,2017-06-23 17:47:00,2017-06-23 17:47:00,FRANKLIN CO.,FLAG FORK,1.76,2.7,FLAG FORK,38.3,-84.97,38.2974,-84.9484,2017,0.0,0.0,0,0,0,0,0,0,11.03,291.29,2017-06-23 10:16:53,2017-06-23 01:07:17,-5.16,297.09,New Moon,2.06,41,Deciduous Forest,247.659,0,MJJ,0.39,Neutral,0.33707583,0.40883335,0.3241666,0.35741666,69.67779,72.85625,68.66375,72.095,81.5,66.9,73.3,10.7,1.61,5.0,93,2.6,1,100,Moderate or heavy rain shower
702398,2017-06-23 17:47:00,2017-06-23 17:47:00,FRANKLIN CO.,FRANKFORT,0.7,0.75,FRANKFORT,38.1993,-84.8628,38.1997,-84.8622,2017,0.0,0.0,0,0,0,0,0,0,10.91,291.37,2017-06-23 10:16:46,2017-06-23 01:06:32,-5.32,297.16,New Moon,2.06,21,"Developed, Open Space",204.824,15,MJJ,0.39,Neutral,0.32973376,0.41125,0.30895838,0.37379166,69.78718,73.04,68.76501,72.20749,81.5,66.9,73.3,10.7,1.61,5.0,93,2.6,1,100,Moderate or heavy rain shower
702397,2017-06-23 17:47:00,2017-06-23 17:47:00,FRANKLIN CO.,BIG EDDY,0.54,0.34,CLIFFSIDE,38.17,-84.86,38.1725,-84.8591,2017,0.0,0.0,0,0,0,0,0,0,10.9,291.38,2017-06-23 10:16:51,2017-06-23 01:06:26,-5.34,297.15,New Moon,2.06,43,Mixed Forest,161.228,0,MJJ,0.39,Neutral,0.32973376,0.41125,0.30895838,0.37379166,69.78718,73.04,68.76501,72.20749,81.5,66.9,73.3,10.7,1.61,5.0,93,2.6,1,100,Moderate or heavy rain shower
702401,2017-06-23 18:00:00,2017-06-23 18:00:00,ANDERSON CO.,BALLARD,1.64,1.22,BALLARD,37.92,-85.01,37.9246,-85.0122,2017,0.0,0.0,0,0,0,0,0,0,10.92,291.34,2017-06-23 10:18:13,2017-06-23 01:06:16,-5.36,297.04,New Moon,2.06,81,Pasture/Hay,259.127,0,MJJ,0.39,Neutral,0.33986792,0.4091667,0.32245836,0.37645838,69.92447,73.3025,68.92249,72.23375,81.5,67.5,73.2,11.2,1.7,4.0,94,1.9,1,100,Moderate or heavy rain shower
702403,2017-06-23 18:00:00,2017-06-23 18:00:00,ANDERSON CO.,ALTON STATION,1.77,0.59,ALTON STATION,38.07,-84.98,38.078,-84.9815,2017,0.0,0.0,0,0,0,0,0,0,10.95,291.33,2017-06-23 10:17:38,2017-06-23 01:06:36,-5.29,297.07,New Moon,2.06,81,Pasture/Hay,256.401,0,MJJ,0.39,Neutral,0.33901998,0.41625,0.31550005,0.39391664,69.69676,72.8525,68.71999,71.99375,81.5,67.5,73.2,11.2,1.7,4.0,94,1.9,1,100,Moderate or heavy rain shower
702402,2017-06-23 18:00:00,2017-06-23 18:00:00,ANDERSON CO.,LAWRENCEBURG,0.69,0.8,LAWRENCEBURG,38.02,-84.9,38.0247,-84.9019,2017,0.0,0.0,0,0,0,0,0,0,10.87,291.38,2017-06-23 10:17:28,2017-06-23 01:06:08,-5.4,297.12,New Moon,2.06,22,"Developed, Low Intensity",244.15,41,MJJ,0.39,Neutral,0.3392687,0.41250002,0.31700006,0.39120832,69.7427,73.16,68.71999,72.11,81.5,67.5,73.2,11.2,1.7,4.0,94,1.9,1,100,Moderate or heavy rain shower
702404,2017-06-23 18:30:00,2017-06-23 18:30:00,HARDIN CO.,GAITHERS,0.0,0.97,MARTIN BOX,37.65,-85.9,37.6602,-85.8891,2017,0.0,0.0,0,0,0,0,0,0,11.47,290.89,2017-06-23 10:22:36,2017-06-23 01:09:00,-4.59,296.45,New Moon,2.06,82,Cultivated Crops,214.789,0,MJJ,0.39,Neutral,0.3799425,0.49175,0.34737507,0.45433334,71.54266,74.45,70.61001,73.771255,79.0,68.7,73.8,12.3,1.74,4.0,94,3.9,1,100,Moderate or heavy rain shower
702407,2017-06-23 18:30:00,2017-06-23 18:30:00,WOODFORD CO.,VERSAILLES,0.69,1.54,VERSAILLES,38.06,-84.73,38.0543,-84.7492,2017,0.0,0.0,0,0,0,0,0,0,10.77,291.47,2017-06-23 10:16:40,2017-06-23 01:05:35,-5.53,297.23,New Moon,2.06,21,"Developed, Open Space",263.097,7,MJJ,0.39,Neutral,0.35264626,0.41637504,0.33108333,0.4053333,69.4847,72.9875,68.44625,71.877495,81.3,67.1,72.9,10.9,2.06,3.0,94,2.3,1,100,Moderate or heavy rain shower
702405,2017-06-23 18:30:00,2017-06-23 18:30:00,NELSON CO.,BARDSTOWN ARPT,0.88,1.35,BARDSTOWN ARPT,37.81,-85.51,37.8121,-85.4951,2017,0.0,0.0,0,0,0,0,0,0,11.24,291.08,2017-06-23 10:20:33,2017-06-23 01:07:56,-4.93,296.71,New Moon,2.06,81,Pasture/Hay,190.372,0,MJJ,0.39,Neutral,0.35134622,0.41287503,0.3334583,0.39216673,70.406006,73.6325,69.43999,72.6425,80.7,68.1,74.0,13.8,2.74,4.0,93,3.3,1,100,Moderate or heavy rain shower
702406,2017-06-23 18:30:00,2017-06-23 18:30:00,NICHOLAS CO.,CARLISLE,0.69,1.04,CARLISLE,38.31,-84.03,38.3164,-84.0346,2017,0.0,0.0,0,0,0,0,0,0,10.35,291.82,2017-06-23 10:13:06,2017-06-23 01:03:33,-5.98,297.7,New Moon,2.06,23,"Developed, Medium Intensity",256.383,71,MJJ,0.39,Neutral,0.32239127,0.40987504,0.29912502,0.37300003,69.62735,73.08875,68.517494,72.278755,81.1,66.6,73.1,13.0,2.5,4.0,92,2.8,1,100,Moderate or heavy rain shower
695269,2017-06-23 18:35:00,2017-06-23 22:35:00,FLEMING CO.,HILLSBORO,0.54,0.54,MUSES MILLS,38.3,-83.66,38.35,-83.53,2017,240.0,4.0,0,0,0,0,0,0,10.08,292.03,2017-06-23 10:11:39,2017-06-23 01:02:02,-6.28,297.95,New Moon,2.06,21,"Developed, Open Space",226.261,25,MJJ,0.39,Neutral,0.27664378,0.40850005,0.2395,0.36004174,69.29112,72.94624,68.138756,72.02375,82.1,68.5,73.4,14.1,2.42,4.0,91,3.1,1,100,Moderate or heavy rain shower
702408,2017-06-23 18:38:00,2017-06-23 18:38:00,TAYLOR CO.,LORAIN,2.07,2.43,LORAIN,37.38,-85.38,37.3822,-85.3828,2017,0.0,0.0,0,0,0,0,0,0,11.0,291.23,2017-06-23 10:21:20,2017-06-23 01:06:07,-5.33,296.76,New Moon,2.06,82,Cultivated Crops,230.739,0,MJJ,0.39,Neutral,0.38340124,0.487,0.35799992,0.43595836,69.74675,73.42999,68.66,72.244995,80.9,69.7,73.8,12.8,1.47,5.0,91,2.2,1,100,Moderate or heavy rain shower
702409,2017-06-23 18:45:00,2017-06-23 18:45:00,FAYETTE CO.,LEXINGTON,0.54,0.84,LEXINGTON,38.05,-84.49,38.0515,-84.4982,2017,0.0,0.0,0,0,0,0,0,0,10.59,291.61,2017-06-23 10:15:44,2017-06-23 01:04:35,-5.74,297.39,New Moon,2.06,22,"Developed, Low Intensity",300.86,44,MJJ,0.39,Neutral,0.34671378,0.41262504,0.326125,0.39533338,69.15459,72.71375,68.097496,71.5925,80.8,67.2,72.6,11.5,2.76,4.0,95,2.4,1,100,Moderate or heavy rain shower
696740,2017-06-23 18:56:00,2017-06-24 02:00:00,GREENUP CO.,TRUITT,1.77,1.78,KEHOE,38.6028,-82.9852,38.4776,-83.0502,2017,424.0,7.07,0,0,2000,0,0,0,9.71,292.37,2017-06-23 10:08:01,2017-06-23 01:00:17,-6.63,298.42,New Moon,2.06,41,Deciduous Forest,274.226,0,MJJ,0.39,Neutral,0.26238167,0.3964167,0.23879164,0.2985833,69.6235,73.130005,68.39,72.68375,83.4,68.3,73.7,13.5,2.89,5.0,89,3.9,1,100,Moderate or heavy rain shower
697063,2017-06-23 19:05:00,2017-06-24 02:00:00,CARTER CO.,BOONE FURNACE,0.81,1.98,GARVIN RIDGE,38.4745,-83.1338,38.3131,-83.2269,2017,415.0,6.92,0,0,2300000,0,0,0,9.77,292.31,2017-06-23 10:09:00,2017-06-23 01:00:28,-6.59,298.31,New Moon,2.06,81,Pasture/Hay,324.694,0,MJJ,0.39,Neutral,0.24298792,0.3940417,0.216875,0.2821667,69.40921,72.841255,68.2025,72.4025,83.7,68.5,73.8,13.2,2.58,5.0,88,3.2,1,100,Moderate or heavy rain shower
695276,2017-06-23 19:09:00,2017-06-23 22:09:00,BATH CO.,REYNOLDSVILLE,1.76,3.21,REYNOLDSVILLE,38.2,-83.84,38.2048,-83.779,2017,180.0,3.0,0,0,0,0,0,0,10.17,291.95,2017-06-23 10:12:41,2017-06-23 01:02:27,-6.19,297.82,New Moon,2.06,81,Pasture/Hay,312.085,0,MJJ,0.39,Neutral,0.30188873,0.41050002,0.26945838,0.376875,69.6449,73.08875,68.555,72.23375,81.3,68.8,73.3,12.5,3.07,5.0,92,2.9,1,100,Moderate or heavy rain shower
695283,2017-06-23 19:47:00,2017-06-23 22:17:00,POWELL CO.,WALTERSVILLE,0.69,0.67,WALTERSVILLE,37.86,-83.93,37.8639,-83.9354,2017,150.0,2.5,0,0,0,0,0,0,10.11,291.95,2017-06-23 10:14:05,2017-06-23 01:01:46,-6.3,297.73,New Moon,2.06,41,Deciduous Forest,187.442,0,MJJ,0.39,Neutral,0.29072043,0.39704168,0.26316667,0.34975,69.42598,73.11125,68.318756,71.99375,82.0,68.4,73.6,12.0,1.61,5.0,91,2.8,1,100,Moderate or heavy rain shower
702410,2017-06-23 20:02:00,2017-06-23 20:02:00,SCOTT CO.,GEORGETOWN,2.14,2.42,GEORGETOWN,38.17,-84.54,38.1594,-84.5458,2017,0.0,0.0,0,0,0,0,0,0,10.67,291.56,2017-06-23 10:15:34,2017-06-23 01:05:09,-5.63,297.36,New Moon,2.06,82,Cultivated Crops,265.465,0,MJJ,0.39,Neutral,0.3424742,0.41316667,0.32225007,0.38824996,69.5426,73.152504,68.45375,72.072495,81.7,68.4,73.0,11.6,2.3,4.0,94,2.4,1,100,Moderate or heavy rain shower
702411,2017-06-23 20:02:00,2017-06-23 20:02:00,SCOTT CO.,GEORGETOWN,1.29,1.01,GEORGETOWN,38.21,-84.57,38.2139,-84.5701,2017,0.0,0.0,0,0,0,0,0,0,10.7,291.53,2017-06-23 10:15:34,2017-06-23 01:05:24,-5.58,297.35,New Moon,2.06,81,Pasture/Hay,254.085,0,MJJ,0.39,Neutral,0.33039334,0.41533336,0.30533335,0.388,69.51865,73.197495,68.3975,72.13625,81.7,68.4,73.0,11.6,2.3,4.0,94,2.4,1,100,Moderate or heavy rain shower
697043,2017-06-23 20:35:00,2017-06-24 02:00:00,BOYD CO.,IRONVILLE,1.4,0.48,PRINCESS,38.4684,-82.7109,38.3868,-82.7335,2017,325.0,5.42,0,0,60000,0,0,0,9.46,292.55,2017-06-23 10:07:20,2017-06-23 00:58:46,-6.91,298.58,New Moon,2.06,22,"Developed, Low Intensity",260.796,22,MJJ,0.39,Neutral,0.26875043,0.40629163,0.233625,0.3433334,69.76171,73.28375,68.555,72.725006,83.0,69.0,74.1,13.4,3.22,4.0,89,3.0,1,100,Moderate or heavy rain shower
696734,2017-06-23 20:48:00,2017-06-24 01:00:00,LAWRENCE CO.,FIVE FORKS,0.52,2.11,FULLERS,38.1361,-82.6444,38.1517,-82.6543,2017,252.0,4.2,0,0,2000,0,0,0,9.29,292.64,2017-06-23 10:08:05,2017-06-23 00:57:28,-7.13,298.6,New Moon,2.06,41,Deciduous Forest,251.704,0,MJJ,0.39,Neutral,0.26613542,0.36904165,0.24666667,0.2985833,69.37475,72.75875,68.2775,72.00875,83.5,68.7,74.4,14.1,2.15,5.0,88,3.1,1,100,Moderate or heavy rain shower
695298,2017-06-23 20:50:00,2017-06-23 22:50:00,ROWAN CO.,MOREHEAD,0.88,0.12,FARMERS,38.19,-83.44,38.162,-83.5491,2017,120.0,2.0,0,0,0,0,0,0,9.88,292.18,2017-06-23 10:11:07,2017-06-23 01:00:49,-6.5,298.08,New Moon,2.06,41,Deciduous Forest,214.047,0,MJJ,0.39,Neutral,0.30298418,0.41254166,0.27275,0.37012503,68.78087,72.275,67.68126,71.386246,80.1,67.9,73.3,13.2,2.82,5.0,90,3.0,1,100,Moderate or heavy rain shower
695290,2017-06-23 20:50:00,2017-06-23 22:50:00,MONTGOMERY CO.,JUDY,2.17,2.0,GRASSY LICK,38.13,-84.01,38.098,-84.0399,2017,120.0,2.0,0,0,0,0,0,0,10.27,291.86,2017-06-23 10:13:34,2017-06-23 01:02:55,-6.09,297.7,New Moon,2.06,81,Pasture/Hay,300.916,0,MJJ,0.39,Neutral,0.28552338,0.40520826,0.251375,0.36270833,69.37603,72.84125,68.28875,71.94875,82.4,67.3,73.2,11.2,2.44,5.0,93,2.7,1,100,Moderate or heavy rain shower
695308,2017-06-23 21:10:00,2017-06-23 22:40:00,ELLIOTT CO.,GIMLET,1.44,1.24,GIMLET,38.2196,-83.1566,38.2207,-83.1502,2017,90.0,1.5,0,0,10000,0,0,0,9.69,292.33,2017-06-23 10:09:53,2017-06-23 00:59:46,-6.7,298.27,New Moon,2.06,43,Mixed Forest,288.502,0,MJJ,0.39,Neutral,0.33460507,0.48675004,0.296875,0.41324997,69.1526,72.72875,67.9325,72.14375,83.7,68.5,73.8,13.2,2.58,5.0,88,3.2,1,100,Moderate or heavy rain shower
697047,2017-06-23 22:00:00,2017-06-24 02:00:00,BOYD CO.,PRINCESS,1.29,0.27,MEADS,38.3953,-82.7363,38.4144,-82.7389,2017,240.0,4.0,0,0,60000,0,0,0,9.45,292.55,2017-06-23 10:07:40,2017-06-23 00:58:38,-6.93,298.56,New Moon,2.06,22,"Developed, Low Intensity",205.335,0,MJJ,0.39,Neutral,0.2536775,0.38875005,0.2346666,0.27383333,70.084404,73.478745,68.899994,73.01375,83.0,69.0,74.1,13.4,3.22,4.0,89,3.0,1,100,Moderate or heavy rain shower
697738,2017-07-03 15:19:00,2017-07-03 16:04:00,JACKSON CO.,ANNVILLE,0.0,0.03,ANNVILLE,37.32,-83.97,37.3184,-83.9675,2017,45.0,0.75,0,0,0,0,0,0,10.04,291.35,2017-07-03 10:19:50,2017-07-03 01:00:30,41.52,158.8,Waxing Gibbous,68.98,22,"Developed, Low Intensity",338.554,29,JJA,0.19,Neutral,0.35904503,0.35175,0.36008343,0.35791662,69.01464,73.411255,67.58375,72.455,83.3,64.8,73.7,2.7,0.19,5.0,85,10.2,1,100,Moderate or heavy rain shower
697874,2017-07-03 16:30:00,2017-07-03 17:30:00,ROCKCASTLE CO.,RENFRO VLY,2.16,2.13,RENFRO VLY,37.4058,-84.3523,37.4052,-84.3509,2017,60.0,1.0,0,0,0,0,0,0,10.35,291.13,2017-07-03 10:21:06,2017-07-03 01:02:17,41.32,158.34,Waxing Gibbous,68.98,21,"Developed, Open Space",313.307,7,JJA,0.19,Neutral,0.2709792,0.30129167,0.26499996,0.28137508,69.2258,72.95,68.048744,72.020004,83.0,65.0,74.0,2.9,0.13,5.0,83,8.6,1,100,Heavy rain at times
698530,2017-07-06 10:37:00,2017-07-06 10:37:00,HANCOCK CO.,HAWESVILLE,1.49,2.57,HAWESVILLE,37.88,-86.74,37.8814,-86.7333,2017,0.0,0.0,0,0,0,0,0,0,12.21,289.42,2017-07-06 10:30:53,2017-07-06 01:12:41,16.44,128.86,Waxing Gibbous,90.94,41,Deciduous Forest,135.392,0,JJA,0.19,Neutral,0.25100252,0.41112494,0.20504166,0.3552083,72.03084,74.69,71.13125,74.22875,79.9,68.8,74.2,5.4,2.28,4.0,94,5.7,1,100,Moderate or heavy rain shower
706970,2017-07-22 23:00:00,2017-07-23 02:00:00,BRACKEN CO.,AUGUSTA,0.55,0.35,AUGUSTA,38.7761,-83.9932,38.7463,-83.9994,2017,180.0,3.0,1,0,250000,0,0,0,9.35,288.62,2017-07-22 10:28:40,2017-07-22 00:56:29,-7.19,301.1,New Moon,2.99,41,Deciduous Forest,210.385,0,JJA,0.19,Neutral,0.25270706,0.24670832,0.25133327,0.2594167,74.301834,79.816246,72.59375,78.31999,88.7,74.3,80.0,11.9,0.27,5.0,85,8.9,1,100,Moderate or heavy rain shower
706951,2017-07-22 23:00:00,2017-07-23 01:00:00,BRACKEN CO.,AUGUSTA,0.0,0.34,AUGUSTA,38.77,-84.0,38.7756,-83.9989,2017,120.0,2.0,0,0,0,0,0,0,9.36,288.62,2017-07-22 10:28:42,2017-07-22 00:56:30,-7.19,301.09,New Moon,2.99,23,"Developed, Medium Intensity",156.593,55,JJA,0.19,Neutral,0.25270706,0.24670832,0.25133327,0.2594167,74.301834,79.816246,72.59375,78.31999,88.7,74.3,80.0,11.9,0.27,5.0,85,8.9,1,100,Moderate or heavy rain shower
706950,2017-07-22 23:00:00,2017-07-23 03:00:00,MASON CO.,MAYSVILLE,0.69,0.67,SPRINGDALE,38.64,-83.75,38.6341,-83.7062,2017,240.0,4.0,0,0,750000,0,0,0,9.13,288.79,2017-07-22 10:28:03,2017-07-22 00:55:09,-7.44,301.25,New Moon,2.99,21,"Developed, Open Space",164.903,16,JJA,0.19,Neutral,0.27852586,0.28870836,0.276,0.2837917,73.99426,79.56875,72.308754,77.91499,92.3,73.2,80.2,11.9,0.45,5.0,86,9.8,1,100,Heavy rain at times
702373,2017-07-23 00:07:00,2017-07-23 02:40:00,FLEMING CO.,FLEMINGSBURG ARPT,1.24,0.57,FLEMINGSBURG ARPT,38.4443,-83.7439,38.4402,-83.7484,2017,153.0,2.55,0,0,120000,0,0,0,8.95,288.65,2017-07-23 10:29:20,2017-07-23 00:53:53,2.52,291.3,New Moon,0.29,21,"Developed, Open Space",269.644,0,JJA,0.19,Neutral,0.29775795,0.38941666,0.28050002,0.32637498,73.93366,76.996254,72.66501,77.2625,84.4,72.1,77.2,9.6,0.73,5.0,88,8.0,1,100,Moderate or heavy rain shower
711116,2017-07-23 01:10:00,2017-07-23 03:30:00,ROWAN CO.,WALTZ,4.67,3.1,TRIPLETT,38.3638,-83.3643,38.29,-83.3704,2017,140.0,2.33,0,0,50000,0,0,0,8.64,288.88,2017-07-23 10:28:02,2017-07-23 00:52:10,2.23,291.54,New Moon,0.29,41,Deciduous Forest,336.613,0,JJA,0.19,Neutral,0.24928792,0.39079165,0.2206667,0.30025002,73.35942,76.34,72.13249,76.572495,85.6,72.6,77.6,8.6,0.81,4.0,88,8.5,1,100,Moderate or heavy rain shower
705010,2017-07-27 16:30:00,2017-07-27 18:00:00,LAWRENCE CO.,HOUCKVILLE,1.15,0.62,SUMMIT,38.1336,-82.8378,38.0479,-82.5735,2017,90.0,1.5,0,0,5000,0,0,0,7.67,288.53,2017-07-27 10:29:47,2017-07-27 00:46:17,34.27,246.52,Waxing Crescent,16.13,11,Open Water,189.6,0,JJA,0.19,Neutral,0.2118346,0.28720835,0.20066671,0.22500004,73.25416,74.07125,72.7625,74.6675,79.6,70.7,75.1,7.4,0.67,5.0,89,5.5,1,100,Moderate or heavy rain shower
704911,2017-07-28 14:55:00,2017-07-28 16:20:00,MORGAN CO.,ADELE,0.69,1.27,ADELE,37.76,-83.3,37.7458,-83.3032,2017,85.0,1.42,0,0,1000,0,0,0,7.76,288.13,2017-07-28 10:33:22,2017-07-28 00:46:23,39.47,231.98,Waxing Crescent,24.7,52,Shrub/Scrub,360.751,0,JJA,0.19,Neutral,0.32971665,0.47629163,0.30037504,0.38145837,72.47961,73.564995,71.97876,73.835,78.4,66.0,72.0,6.3,2.46,4.0,95,6.3,1,100,Moderate or heavy rain shower
704913,2017-07-28 14:55:00,2017-07-28 16:25:00,MORGAN CO.,CANNEL CITY,0.69,0.6,CANEY,37.79,-83.28,37.7884,-83.264,2017,90.0,1.5,0,0,1000,0,0,0,7.75,288.13,2017-07-28 10:33:13,2017-07-28 00:46:23,39.43,231.98,Waxing Crescent,24.7,41,Deciduous Forest,278.885,0,JJA,0.19,Neutral,0.32971665,0.47629163,0.30037504,0.38145837,72.47961,73.564995,71.97876,73.835,79.2,66.4,72.4,6.2,1.75,3.0,95,6.0,1,100,Moderate or heavy rain shower
704914,2017-07-28 15:02:00,2017-07-28 17:10:00,MAGOFFIN CO.,SALYERSVILLE,0.0,0.62,GIFFORD,37.75,-83.07,37.7591,-83.0963,2017,128.0,2.13,0,0,10000,0,0,0,7.58,288.26,2017-07-28 10:32:28,2017-07-28 00:45:26,39.33,232.22,Waxing Crescent,24.7,41,Deciduous Forest,368.709,0,JJA,0.19,Neutral,0.20720041,0.3676667,0.17954169,0.24854167,72.84193,73.43749,72.48126,73.88,79.2,66.4,72.4,6.2,1.75,3.0,95,6.0,1,100,Moderate or heavy rain shower
704917,2017-07-28 16:00:00,2017-07-28 17:30:00,MAGOFFIN CO.,NETTY,0.55,0.0,OVA,37.75,-83.24,37.7314,-83.1948,2017,90.0,1.5,0,0,3000,0,0,0,7.71,288.16,2017-07-28 10:33:09,2017-07-28 00:46:07,39.43,232.05,Waxing Crescent,24.7,41,Deciduous Forest,358.684,0,JJA,0.19,Neutral,0.32971665,0.47629163,0.30037504,0.38145837,72.47961,73.564995,71.97876,73.835,79.2,66.4,72.4,6.2,1.75,3.0,95,6.0,1,100,Moderate or heavy rain shower
704919,2017-07-28 16:30:00,2017-07-28 18:00:00,JOHNSON CO.,OIL SPGS,0.88,0.76,OIL SPGS,37.81,-82.94,37.8022,-82.9346,2017,90.0,1.5,0,0,1000,0,0,0,7.5,288.33,2017-07-28 10:31:48,2017-07-28 00:45:04,39.21,232.32,Waxing Crescent,24.7,41,Deciduous Forest,291.688,0,JJA,0.19,Neutral,0.24214332,0.36283335,0.23400004,0.22983335,72.90316,73.75625,72.51126,73.9625,79.2,66.4,72.4,6.2,1.75,3.0,95,6.0,1,100,Moderate or heavy rain shower
704918,2017-07-28 16:30:00,2017-07-28 18:05:00,JOHNSON CO.,DENVER,0.55,0.6,LEANDER,37.78,-82.86,37.7714,-82.8634,2017,95.0,1.58,0,0,1000,0,0,0,7.44,288.38,2017-07-28 10:31:33,2017-07-28 00:44:40,39.18,232.42,Waxing Crescent,24.7,21,"Developed, Open Space",201.387,3,JJA,0.19,Neutral,0.24214332,0.36283335,0.23400004,0.22983335,72.90316,73.75625,72.51126,73.9625,79.6,67.1,73.2,5.6,1.89,3.0,95,5.3,1,100,Moderate or heavy rain shower
705999,2017-08-03 16:26:00,2017-08-03 16:26:00,OLDHAM CO.,LA GRANGE,3.51,4.19,LA GRANGE,38.44,-85.34,38.4438,-85.349,2017,0.0,0.0,0,0,0,0,0,0,8.52,285.7,2017-08-03 10:45:05,2017-08-03 00:50:24,25.77,147.05,Waxing Gibbous,80.02,81,Pasture/Hay,258.647,0,JAS,-0.07,Neutral,0.21865003,0.24525,0.22016667,0.2045833,73.13154,75.03875,72.5375,74.5325,84.8,66.9,74.3,7.4,0.22,4.0,85,11.5,1,100,Moderate or heavy rain shower
706000,2017-08-03 16:27:00,2017-08-03 16:27:00,HENRY CO.,PENDLETON,1.48,2.19,PENDLETON,38.45,-85.29,38.4505,-85.2955,2017,0.0,0.0,0,0,0,0,0,0,8.49,285.73,2017-08-03 10:44:52,2017-08-03 00:50:13,25.78,147.1,Waxing Gibbous,80.02,21,"Developed, Open Space",267.41,9,JAS,-0.07,Neutral,0.24882956,0.23433334,0.25899997,0.21879172,72.47184,74.24,71.91875,73.77875,84.8,66.9,74.3,7.4,0.22,4.0,85,11.5,1,100,Moderate or heavy rain shower
711484,2017-09-01 01:07:00,2017-09-01 01:07:00,SIMPSON CO.,NEOSHEO,1.38,1.6,NEOSHEO,36.74,-86.67,36.7362,-86.6691,2017,0.0,0.0,0,0,0,0,0,0,2.57,278.61,2017-09-01 11:17:42,2017-09-01 00:16:11,28.5,153.28,Waxing Gibbous,74.31,82,Cultivated Crops,204.267,0,ASO,-0.34,Neutral,0.40171167,0.51166666,0.35870835,0.5125,73.95028,69.35375,74.611244,73.21625,68.5,55.4,62.8,17.2,4.37,3.0,96,1.4,1,100,Moderate or heavy rain shower
711486,2017-09-01 02:42:00,2017-09-01 02:42:00,LOGAN CO.,AUBURN,2.16,3.0,AUBURN,36.89,-86.73,36.8958,-86.725,2017,0.0,0.0,0,0,0,0,0,0,2.64,278.57,2017-09-01 11:17:48,2017-09-01 00:16:34,28.34,153.26,Waxing Gibbous,74.31,81,Pasture/Hay,196.715,0,ASO,-0.34,Neutral,0.40377626,0.511125,0.36291668,0.5080834,72.140976,68.08625,72.661255,71.70875,68.4,55.2,62.0,19.5,4.45,5.0,96,1.4,1,100,Moderate or heavy rain shower
711487,2017-09-01 03:06:00,2017-09-01 03:06:00,SIMPSON CO.,HIGHLAND,2.28,2.4,FRANKLIN WHAK ARPT,36.7029,-86.3889,36.7225,-86.6272,2017,0.0,0.0,0,0,0,0,0,0,2.36,278.78,2017-09-01 11:16:37,2017-09-01 00:15:02,28.64,153.55,Waxing Gibbous,74.31,81,Pasture/Hay,216.222,0,ASO,-0.34,Neutral,0.41473913,0.51441664,0.376875,0.5113333,71.45563,67.38875,71.99375,70.96625,68.5,55.4,62.8,17.2,4.37,3.0,96,1.4,1,100,Moderate or heavy rain shower
718430,2017-09-01 03:47:00,2017-09-01 12:00:00,TODD CO.,GUTHRIE,2.11,0.89,SOUTH ZION,36.6425,-87.2069,36.6415,-87.2733,2017,493.0,8.22,0,0,350000,0,0,0,2.96,278.3,2017-09-01 11:19:57,2017-09-01 00:18:14,28.39,152.72,Waxing Gibbous,74.31,21,"Developed, Open Space",165.525,13,ASO,-0.34,Neutral,0.5022588,0.51162505,0.4972917,0.51616675,71.56632,67.8275,72.068756,71.090004,68.5,55.8,62.4,19.0,4.46,5.0,96,1.4,1,100,Moderate or heavy rain shower
711488,2017-09-01 05:18:00,2017-09-01 05:18:00,SIMPSON CO.,FRANKLIN,0.55,0.74,FRANKLIN,36.72,-86.58,36.7254,-86.5795,2017,0.0,0.0,0,0,0,0,0,0,2.5,278.67,2017-09-01 11:17:22,2017-09-01 00:15:49,28.55,153.37,Waxing Gibbous,74.31,24,"Developed, High Intensity",219.565,88,ASO,-0.34,Neutral,0.43097258,0.512,0.39870834,0.51458335,73.70218,69.395,74.30751,73.0625,68.5,55.4,62.8,17.2,4.37,3.0,96,1.4,1,100,Moderate or heavy rain shower
711489,2017-09-01 06:15:00,2017-09-01 06:15:00,HART CO.,HORSE CAVE,0.55,1.38,HORSE CAVE,37.18,-85.91,37.1834,-85.9071,2017,0.0,0.0,0,0,10000,0,0,0,2.07,279.05,2017-09-01 11:14:14,2017-09-01 00:13:35,28.37,154.15,Waxing Gibbous,74.31,22,"Developed, Low Intensity",200.029,24,ASO,-0.34,Neutral,0.36241332,0.51433337,0.31149998,0.48633337,71.707855,68.22125,72.136246,71.40125,67.8,54.4,62.7,18.0,5.77,3.0,96,1.4,1,100,Moderate or heavy rain shower
711490,2017-09-01 06:52:00,2017-09-01 06:52:00,BARREN CO.,GLASGOW,1.77,1.63,GLASGOW,36.96,-85.88,36.9653,-85.8758,2017,0.0,0.0,0,0,10000,0,0,0,2.02,279.07,2017-09-01 11:14:20,2017-09-01 00:13:15,28.58,154.13,Waxing Gibbous,74.31,81,Pasture/Hay,225.416,0,ASO,-0.34,Neutral,0.41400042,0.51179165,0.3785833,0.5028333,71.36979,68.84,71.62625,71.33375,68.0,53.9,63.2,18.7,4.73,4.0,97,1.4,1,100,Moderate or heavy rain shower
711491,2017-09-01 07:15:00,2017-09-01 07:15:00,BARREN CO.,GLASGOW,1.38,0.98,GLASGOW,37.0,-85.9,37.0033,-85.8952,2017,0.0,0.0,0,0,10000,0,0,0,2.04,279.06,2017-09-01 11:14:22,2017-09-01 00:13:22,28.54,154.12,Waxing Gibbous,74.31,22,"Developed, Low Intensity",228.831,28,ASO,-0.34,Neutral,0.3866383,0.51445836,0.342375,0.49579167,71.50719,68.731255,71.802505,71.42,68.0,53.9,63.2,18.7,4.73,4.0,97,1.4,1,100,Moderate or heavy rain shower
711492,2017-09-01 07:15:00,2017-09-01 07:15:00,LOGAN CO.,RUSSELLVILLE,1.99,1.91,RUSSELLVILLE,36.8405,-86.914,36.8371,-86.914,2017,0.0,0.0,0,0,10000,0,0,0,2.77,278.46,2017-09-01 11:18:35,2017-09-01 00:17:16,28.32,153.06,Waxing Gibbous,74.31,23,"Developed, Medium Intensity",193.722,20,ASO,-0.34,Neutral,0.39045462,0.5149583,0.34433338,0.50708336,72.1418,66.75124,72.9125,71.29625,68.4,55.2,62.0,19.5,4.45,5.0,96,1.4,1,100,Moderate or heavy rain shower
711493,2017-09-01 07:30:00,2017-09-01 07:30:00,METCALFE CO.,EDMONTON,1.1,0.16,EDMONTON,36.98,-85.62,36.9888,-85.6163,2017,0.0,0.0,0,0,0,0,0,0,1.83,279.23,2017-09-01 11:13:16,2017-09-01 00:12:14,28.66,154.39,Waxing Gibbous,74.31,81,Pasture/Hay,247.865,0,ASO,-0.34,Neutral,0.35026836,0.5107084,0.296625,0.48070827,71.08131,68.195,71.41625,70.895,67.8,55.9,64.3,16.3,4.15,3.0,97,1.4,1,100,Moderate or heavy rain shower
711494,2017-09-01 07:40:00,2017-09-01 07:40:00,LOGAN CO.,HALO,0.69,1.46,HALO,36.86,-86.82,36.8588,-86.839,2017,0.0,0.0,0,0,10000,0,0,0,2.7,278.52,2017-09-01 11:18:11,2017-09-01 00:16:54,28.34,153.16,Waxing Gibbous,74.31,82,Cultivated Crops,176.088,0,ASO,-0.34,Neutral,0.3874167,0.5162917,0.34104168,0.5034583,72.12718,66.784996,72.89,71.2925,68.4,55.2,62.0,19.5,4.45,5.0,96,1.4,1,100,Moderate or heavy rain shower
711495,2017-09-01 08:30:00,2017-09-01 08:30:00,METCALFE CO.,EDMONTON,0.55,0.59,EDMONTON,36.98,-85.61,36.9844,-85.6032,2017,0.0,0.0,0,0,0,0,0,0,1.83,279.24,2017-09-01 11:13:14,2017-09-01 00:12:11,28.66,154.4,Waxing Gibbous,74.31,41,Deciduous Forest,226.585,0,ASO,-0.34,Neutral,0.35026836,0.5107084,0.296625,0.48070827,71.08131,68.195,71.41625,70.895,67.8,55.9,64.3,16.3,4.15,3.0,97,1.4,1,100,Moderate or heavy rain shower
723533,2017-10-10 11:20:00,2017-10-10 14:30:00,MUHLENBERG CO.,CLEATON,1.76,2.93,MORGAN,37.2741,-87.0694,37.2637,-87.1614,2017,190.0,3.17,0,0,0,0,0,0,-8.91,268.42,2017-10-10 11:51:36,2017-10-10 23:18:09,-24.78,41.05,Waning Gibbous,77.55,52,Shrub/Scrub,159.483,0,SON,-0.6,La Nina,0.30703834,0.40933338,0.26954165,0.40150002,72.78602,72.74,72.76999,72.85625,77.9,67.5,72.3,7.4,1.53,3.0,91,2.4,1,100,Moderate or heavy rain shower
732317,2018-02-22 08:55:00,2018-02-22 10:55:00,MASON CO.,HELENA,0.27,0.41,HELENA,38.4978,-83.7658,38.4964,-83.7645,2018,120.0,2.0,0,0,0,0,0,0,-8.6,263.65,2018-02-22 12:16:28,2018-02-22 23:21:04,55.77,223.24,Waxing Crescent,35.46,81,Pasture/Hay,252.278,0,JFM,-0.71,La Nina,0.4231,0.42287502,0.423625,0.421375,46.426888,47.3225,45.42125,49.57625,49.1,43.4,46.3,10.7,1.14,3.0,93,0.4,1,100,Moderate or heavy rain shower
736600,2018-02-24 18:30:00,2018-02-24 18:30:00,JEFFERSON CO.,MIDDLETOWN,0.69,0.26,COLONIAL TERRACE,38.26,-85.53,38.2682,-85.554,2018,0.0,0.0,0,0,0,0,0,0,-6.73,263.17,2018-02-24 12:20:36,2018-02-24 23:30:30,68.86,166.91,Waxing Gibbous,57.58,41,Deciduous Forest,216.599,0,JFM,-0.71,La Nina,0.43128335,0.42845833,0.43379173,0.42362502,47.85826,52.152496,46.482502,51.14375,63.9,49.1,54.2,14.2,1.06,5.0,94,0.4,1,100,Moderate or heavy rain shower
736601,2018-02-24 18:45:00,2018-02-24 18:45:00,JEFFERSON CO.,LOUISVILLE,3.21,1.82,LOUISVILLE,38.27,-85.81,38.2701,-85.7922,2018,0.0,0.0,0,0,200000,0,0,0,-6.5,263.0,2018-02-24 12:21:43,2018-02-24 23:31:37,68.79,166.18,Waxing Gibbous,57.58,24,"Developed, High Intensity",138.977,86,JFM,-0.71,La Nina,0.5136433,0.50808334,0.51570827,0.50841665,46.756966,51.079998,45.3875,50.011253,63.8,48.9,53.6,16.9,1.22,4.0,94,0.4,1,100,Moderate or heavy rain shower
736602,2018-02-24 18:59:00,2018-02-24 18:59:00,JEFFERSON CO.,STRATHMOOR VLG,1.29,0.37,ST REGIS PARK,38.23,-85.58,38.2307,-85.5704,2018,0.0,0.0,0,0,0,0,0,0,-6.69,263.13,2018-02-24 12:20:46,2018-02-24 23:30:44,68.88,166.76,Waxing Gibbous,57.58,23,"Developed, Medium Intensity",202.268,71,JFM,-0.71,La Nina,0.42923167,0.42604172,0.43183336,0.421375,48.210014,52.55375,46.823753,51.515,63.9,49.1,54.2,14.2,1.06,5.0,94,0.4,1,100,Moderate or heavy rain shower
736603,2018-02-24 19:01:00,2018-02-24 19:01:00,JEFFERSON CO.,HIGHLANDS,3.0,2.75,HIGHLANDS,38.26,-85.72,38.2613,-85.7114,2018,0.0,0.0,0,0,0,0,0,0,-6.57,263.05,2018-02-24 12:21:21,2018-02-24 23:31:16,68.82,166.41,Waxing Gibbous,57.58,23,"Developed, Medium Intensity",139.491,60,JFM,-0.71,La Nina,0.43126377,0.42825007,0.43354174,0.42445835,47.59115,51.698746,46.291252,50.67875,64.0,49.3,54.5,16.8,0.99,4.0,94,0.4,1,100,Moderate or heavy rain shower
736604,2018-02-24 19:17:00,2018-02-24 19:17:00,JEFFERSON CO.,FAIRDALE,0.69,0.77,FAIRDALE,38.09,-85.77,38.0986,-85.7669,2018,0.0,0.0,0,0,0,0,0,0,-6.51,263.0,2018-02-24 12:21:23,2018-02-24 23:31:38,68.98,166.17,Waxing Gibbous,57.58,41,Deciduous Forest,179.117,0,JFM,-0.71,La Nina,0.43030584,0.4279584,0.43304172,0.42170832,48.3041,52.805,46.86875,51.725,63.6,48.9,54.3,16.9,1.02,4.0,94,0.4,1,100,Moderate or heavy rain shower
736605,2018-02-24 19:19:00,2018-02-24 19:19:00,JEFFERSON CO.,STRATHMOOR VLG,1.29,0.56,RICHLAWN,38.23,-85.58,38.2512,-85.5885,2018,0.0,0.0,0,0,0,0,0,0,-6.69,263.13,2018-02-24 12:20:46,2018-02-24 23:30:44,68.88,166.76,Waxing Gibbous,57.58,23,"Developed, Medium Intensity",187.69,56,JFM,-0.71,La Nina,0.42923167,0.42604172,0.43183336,0.421375,48.210014,52.55375,46.823753,51.515,63.9,49.1,54.2,14.2,1.06,5.0,94,0.4,1,100,Moderate or heavy rain shower
736606,2018-02-24 19:51:00,2018-02-24 19:51:00,JEFFERSON CO.,COLONIAL TERRACE,0.0,0.3,COLONIAL TERRACE,38.28,-85.55,38.2814,-85.5436,2018,0.0,0.0,0,0,0,0,0,0,-6.72,263.16,2018-02-24 12:20:42,2018-02-24 23:30:34,68.83,166.87,Waxing Gibbous,57.58,22,"Developed, Low Intensity",217.057,16,JFM,-0.71,La Nina,0.43128335,0.42845833,0.43379173,0.42362502,47.85826,52.152496,46.482502,51.14375,63.9,49.1,54.2,14.2,1.06,5.0,94,0.4,1,100,Moderate or heavy rain shower
736607,2018-02-24 20:00:00,2018-02-24 20:00:00,JEFFERSON CO.,RICHLAWN,1.09,1.15,LYNDON,38.25,-85.58,38.2498,-85.5727,2018,0.0,0.0,0,0,0,0,0,0,-6.69,263.14,2018-02-24 12:20:47,2018-02-24 23:30:43,68.86,166.77,Waxing Gibbous,57.58,22,"Developed, Low Intensity",196.254,39,JFM,-0.71,La Nina,0.4307375,0.42737505,0.4333333,0.42295837,47.828938,52.13375,46.46,51.087498,63.9,49.1,54.2,14.2,1.06,5.0,94,0.4,1,100,Moderate or heavy rain shower
733160,2018-02-24 20:28:00,2018-02-24 22:28:00,CARROLL CO.,CARROLLTON,0.88,2.55,ENGLISH,38.68,-85.16,38.6557,-85.128,2018,120.0,2.0,0,0,0,0,0,0,-7.09,263.45,2018-02-24 12:19:32,2018-02-24 23:28:36,68.5,168.12,Waxing Gibbous,57.58,23,"Developed, Medium Intensity",148.193,0,JFM,-0.71,La Nina,0.4318296,0.42808333,0.43237492,0.43120837,45.782413,49.86875,44.4875,48.86,61.7,46.8,51.9,14.5,1.52,4.0,94,0.4,1,100,Heavy rain at times
733165,2018-02-24 20:35:00,2018-02-24 22:35:00,GALLATIN CO.,SPARTA,0.54,2.08,SPARTA,38.68,-84.91,38.6651,-84.9054,2018,120.0,2.0,0,0,0,0,0,0,-7.3,263.6,2018-02-24 12:18:33,2018-02-24 23:27:36,68.54,168.77,Waxing Gibbous,57.58,41,Deciduous Forest,150.129,0,JFM,-0.71,La Nina,0.43061462,0.4277083,0.4314166,0.42883328,46.428535,50.73875,45.005,49.8725,62.0,48.2,52.5,13.6,1.17,5.0,94,0.4,1,100,Heavy rain at times
737276,2018-02-24 21:13:00,2018-02-24 23:15:00,DAVIESS CO.,OWENSBORO,1.26,0.0,TUCK,37.7756,-87.1421,37.6765,-87.1552,2018,122.0,2.03,0,0,0,0,0,0,-5.16,262.14,2018-02-24 12:26:33,2018-02-24 23:37:26,68.99,162.34,Waxing Gibbous,57.58,82,Cultivated Crops,119.906,0,JFM,-0.71,La Nina,0.4347992,0.43104163,0.43545833,0.43379164,48.349026,52.572502,47.12,51.155003,66.9,51.3,57.0,24.5,2.07,2.0,92,0.4,1,100,Moderate or heavy rain shower
736608,2018-02-24 21:17:00,2018-02-24 21:17:00,OLDHAM CO.,LA GRANGE,3.04,0.95,LA GRANGE,38.42,-85.33,38.4309,-85.3408,2018,0.0,0.0,0,0,0,0,0,0,-6.92,263.31,2018-02-24 12:19:57,2018-02-24 23:29:33,68.73,167.53,Waxing Gibbous,57.58,21,"Developed, Open Space",254.442,13,JFM,-0.71,La Nina,0.4319596,0.4298333,0.43362507,0.4269583,46.820114,51.26375,45.36875,50.315002,63.6,48.6,53.2,15.3,1.22,4.0,94,0.4,1,100,Moderate or heavy rain shower
733168,2018-02-24 21:22:00,2018-02-24 23:22:00,KENTON CO.,COVINGTON,0.87,0.86,COVINGTON,39.08,-84.51,39.0658,-84.5123,2018,120.0,2.0,0,0,0,0,0,0,-7.67,263.9,2018-02-24 12:17:21,2018-02-24 23:25:36,68.2,170.0,Waxing Gibbous,57.58,23,"Developed, Medium Intensity",164.103,60,JFM,-0.71,La Nina,0.43124667,0.42816663,0.43224993,0.42883334,45.54496,49.805,44.243748,48.58625,60.7,48.0,51.9,15.4,1.37,4.0,93,0.4,1,100,Moderate or heavy rain shower
736609,2018-02-24 21:23:00,2018-02-24 21:23:00,BULLITT CO.,STIBBINS,1.29,1.71,CUPIO,38.01,-85.86,38.0082,-85.8661,2018,0.0,0.0,0,0,100000,0,0,0,-6.42,262.94,2018-02-24 12:21:40,2018-02-24 23:32:04,69.04,165.89,Waxing Gibbous,57.58,22,"Developed, Low Intensity",139.243,45,JFM,-0.71,La Nina,0.4308721,0.42945835,0.43262497,0.42533335,48.148777,52.6625,46.715,51.56,65.3,50.2,55.6,17.1,0.94,3.0,94,0.4,1,100,Moderate or heavy rain shower
733169,2018-02-24 21:27:00,2018-02-24 23:27:00,CAMPBELL CO.,ALEXANDRIA,0.69,1.53,GRANTS LICK,38.96,-84.38,38.8428,-84.3644,2018,120.0,2.0,0,0,0,0,0,0,-7.76,263.96,2018-02-24 12:16:43,2018-02-24 23:25:12,68.34,170.28,Waxing Gibbous,57.58,43,Mixed Forest,234.02,0,JFM,-0.71,La Nina,0.43049464,0.42683336,0.43124998,0.42912507,45.694588,50.17625,44.29625,48.995,59.4,48.2,51.7,15.1,0.98,5.0,93,0.4,1,100,Moderate or heavy rain shower
737279,2018-02-24 21:30:00,2018-02-24 23:00:00,UNION CO.,HITESVILLE,1.09,0.19,HITESVILLE,37.75,-87.85,37.7357,-87.8638,2018,90.0,1.5,1,0,0,0,0,0,-4.17,261.71,2018-02-24 12:29:21,2018-02-24 23:40:18,68.83,160.49,Waxing Gibbous,57.58,21,"Developed, Open Space",125.344,19,JFM,-0.71,La Nina,0.42765132,0.42024997,0.43141666,0.4172084,47.098698,50.975,46.02875,49.475,66.0,50.0,56.0,20.1,1.43,4.0,93,0.4,1,100,Moderate or heavy rain shower
733172,2018-02-24 21:39:00,2018-02-24 23:39:00,BOONE CO.,FLORENCE,1.28,2.89,RICHWOOD,38.99,-84.64,38.9257,-84.641,2018,120.0,2.0,0,0,3000,0,0,0,-7.55,263.81,2018-02-24 12:17:47,2018-02-24 23:26:13,68.27,169.62,Waxing Gibbous,57.58,23,"Developed, Medium Intensity",276.362,0,JFM,-0.71,La Nina,0.4321312,0.42799997,0.43345842,0.4289584,45.78849,50.0825,44.449997,48.94625,61.0,46.8,51.0,15.1,1.65,4.0,93,0.4,1,100,Moderate or heavy rain shower
736610,2018-02-24 21:41:00,2018-02-24 21:41:00,TRIMBLE CO.,ABBOTT,2.97,3.85,ABBOTT,38.53,-85.3,38.5329,-85.2945,2018,0.0,0.0,0,0,0,0,0,0,-6.96,263.34,2018-02-24 12:19:57,2018-02-24 23:29:19,68.63,167.67,Waxing Gibbous,57.58,43,Mixed Forest,240.405,0,JFM,-0.71,La Nina,0.4331216,0.42791665,0.43383333,0.43241668,46.21805,50.423748,44.83625,49.55375,63.6,48.6,53.2,15.3,1.22,4.0,94,0.4,1,100,Moderate or heavy rain shower
736611,2018-02-24 21:45:00,2018-02-24 21:45:00,BULLITT CO.,SHEPHERDSVILLE,1.29,1.0,SHEPHERDSVILLE,37.99,-85.7,37.9933,-85.6932,2018,0.0,0.0,0,0,0,0,0,0,-6.55,263.03,2018-02-24 12:21:00,2018-02-24 23:31:27,69.09,166.3,Waxing Gibbous,57.58,21,"Developed, Open Space",141.357,0,JFM,-0.71,La Nina,0.43147373,0.43087497,0.43325004,0.42558333,48.71784,53.903748,47.0675,52.6475,64.7,50.7,56.1,17.4,0.97,4.0,94,0.5,1,100,Moderate or heavy rain shower
736612,2018-02-24 21:50:00,2018-02-24 21:50:00,BULLITT CO.,STIBBINS,1.76,1.32,STIBBINS,38.04,-85.86,38.0371,-85.8745,2018,0.0,0.0,0,0,102000,0,0,0,-6.42,262.94,2018-02-24 12:21:41,2018-02-24 23:32:03,69.01,165.91,Waxing Gibbous,57.58,41,Deciduous Forest,188.471,0,JFM,-0.71,La Nina,0.4305296,0.42795828,0.4327083,0.42391673,47.721092,52.14875,46.3175,51.057503,64.2,49.8,55.1,17.1,1.01,5.0,94,0.4,1,100,Moderate or heavy rain shower
736616,2018-02-24 22:00:00,2018-02-24 22:00:00,HANCOCK CO.,HAWESVILLE,1.09,2.85,HAWESVILLE,37.9,-86.77,37.9087,-86.7596,2018,0.0,0.0,0,0,0,0,0,0,-5.57,262.38,2018-02-24 12:25:11,2018-02-24 23:35:49,68.96,163.41,Waxing Gibbous,57.58,41,Deciduous Forest,119.111,0,JFM,-0.71,La Nina,0.5150888,0.51100004,0.51666665,0.51104164,47.646652,52.20875,46.283752,50.798748,65.1,50.4,55.4,20.7,2.58,3.0,93,0.4,1,100,Moderate or heavy rain shower
736613,2018-02-24 22:30:00,2018-02-24 22:30:00,JEFFERSON CO.,WEST BUECHEL,0.88,0.6,WEST BUECHEL,38.19,-85.66,38.1902,-85.6582,2018,0.0,0.0,0,0,0,0,0,0,-6.61,263.08,2018-02-24 12:21:02,2018-02-24 23:31:06,68.9,166.53,Waxing Gibbous,57.58,23,"Developed, Medium Intensity",148.788,57,JFM,-0.71,La Nina,0.42923167,0.42604172,0.43183336,0.421375,48.210014,52.55375,46.823753,51.515,64.0,49.3,54.5,16.8,0.99,4.0,94,0.4,1,100,Moderate or heavy rain shower
737281,2018-02-24 22:38:00,2018-02-25 01:00:00,WEBSTER CO.,LUZON,1.78,3.18,LUZON,37.54,-87.76,37.5298,-87.7244,2018,142.0,2.37,0,0,0,0,0,0,-4.27,261.75,2018-02-24 12:28:47,2018-02-24 23:40:08,69.06,160.54,Waxing Gibbous,57.58,41,Deciduous Forest,143.881,0,JFM,-0.71,La Nina,0.5063096,0.50358325,0.5087917,0.49870834,47.53164,52.497498,46.19,50.47625,66.7,52.2,58.0,22.9,1.49,3.0,93,0.4,1,100,Moderate or heavy rain shower
736614,2018-02-24 22:38:00,2018-02-24 22:38:00,JEFFERSON CO.,RICHLAWN,0.0,0.35,RICHLAWN,38.25,-85.6,38.2511,-85.5959,2018,0.0,0.0,0,0,25000,0,0,0,-6.67,263.12,2018-02-24 12:20:52,2018-02-24 23:30:48,68.85,166.72,Waxing Gibbous,57.58,22,"Developed, Low Intensity",177.352,24,JFM,-0.71,La Nina,0.4307375,0.42737505,0.4333333,0.42295837,47.828938,52.13375,46.46,51.087498,63.9,49.1,54.2,14.2,1.06,5.0,94,0.4,1,100,Moderate or heavy rain shower
736615,2018-02-24 22:55:00,2018-02-24 22:55:00,JEFFERSON CO.,FAIRDALE,0.54,0.56,FAIRDALE,38.1,-85.76,38.1068,-85.7645,2018,0.0,0.0,0,0,0,0,0,0,-6.52,263.01,2018-02-24 12:21:21,2018-02-24 23:31:35,68.97,166.21,Waxing Gibbous,57.58,21,"Developed, Open Space",143.37,0,JFM,-0.71,La Nina,0.43030584,0.4279584,0.43304172,0.42170832,48.3041,52.805,46.86875,51.725,63.6,48.9,54.3,16.9,1.02,4.0,94,0.4,1,100,Moderate or heavy rain shower
742612,2018-02-24 23:00:00,2018-02-25 03:00:00,HENRY CO.,CAMPBELLSBURG,1.25,1.03,NEW CASTLE,38.5233,-85.2228,38.4475,-85.1914,2018,240.0,4.0,0,0,85000,0,0,0,-7.02,263.39,2018-02-24 12:19:38,2018-02-24 23:29:01,68.65,167.87,Waxing Gibbous,57.58,81,Pasture/Hay,264.307,0,JFM,-0.71,La Nina,0.43133545,0.42766663,0.4327499,0.4277083,46.594364,50.69375,45.2375,49.88,63.6,48.6,53.2,16.1,0.91,5.0,95,0.4,1,100,Heavy rain at times
736617,2018-02-24 23:12:00,2018-02-24 23:12:00,JEFFERSON CO.,RICHLAWN,0.54,0.27,RICHLAWN,38.25,-85.61,38.2541,-85.6083,2018,0.0,0.0,0,0,0,0,0,0,-6.66,263.12,2018-02-24 12:20:54,2018-02-24 23:30:50,68.85,166.7,Waxing Gibbous,57.58,22,"Developed, Low Intensity",171.894,33,JFM,-0.71,La Nina,0.4307375,0.42737505,0.4333333,0.42295837,47.828938,52.13375,46.46,51.087498,63.9,49.1,54.2,14.2,1.06,5.0,94,0.4,1,100,Moderate or heavy rain shower
736618,2018-02-24 23:41:00,2018-02-24 23:41:00,HARDIN CO.,MARTIN BOX,2.14,1.2,ELIZABETH TOWN,37.7,-85.91,37.7147,-85.9059,2018,0.0,0.0,0,0,0,0,0,0,-6.33,262.87,2018-02-24 12:21:33,2018-02-24 23:32:35,69.34,165.55,Waxing Gibbous,57.58,22,"Developed, Low Intensity",222.537,33,JFM,-0.71,La Nina,0.5130613,0.50649995,0.51358336,0.5134583,49.147137,54.747505,47.40125,53.26625,65.7,52.9,57.7,18.7,1.1,3.0,93,0.5,1,100,Moderate or heavy rain shower
736619,2018-02-24 23:57:00,2018-02-24 23:57:00,JEFFERSON CO.,(SDF)STANIFORD FLD L,1.29,1.35,PETERSBURG,38.17,-85.71,38.1809,-85.6792,2018,0.0,0.0,0,0,0,0,0,0,-6.57,263.05,2018-02-24 12:21:13,2018-02-24 23:31:19,68.91,166.38,Waxing Gibbous,57.58,23,"Developed, Medium Intensity",142.958,29,JFM,-0.71,La Nina,0.43057463,0.42795834,0.43204156,0.42641667,48.164078,52.29125,46.850002,51.29375,63.6,48.9,54.3,16.9,1.02,4.0,94,0.4,1,100,Moderate or heavy rain shower
736620,2018-02-24 23:59:00,2018-02-24 23:59:00,JEFFERSON CO.,RICHLAWN,0.69,0.31,RICHLAWN,38.24,-85.6,38.2401,-85.6044,2018,0.0,0.0,0,0,0,0,0,0,-6.67,263.12,2018-02-24 12:20:51,2018-02-24 23:30:48,68.86,166.72,Waxing Gibbous,57.58,22,"Developed, Low Intensity",177.678,19,JFM,-0.71,La Nina,0.42923167,0.42604172,0.43183336,0.421375,48.210014,52.55375,46.823753,51.515,63.9,49.1,54.2,14.2,1.06,5.0,94,0.4,1,100,Moderate or heavy rain shower
736621,2018-02-25 00:05:00,2018-02-25 00:05:00,JEFFERSON CO.,MINOR LANE HGTS,1.29,0.9,MINOR LANE HGTS,38.12,-85.75,38.1241,-85.7402,2018,0.0,0.0,0,0,0,0,0,0,-6.31,263.34,2018-02-25 12:19:59,2018-02-25 23:32:34,64.8,133.04,Waxing Gibbous,68.65,21,"Developed, Open Space",139.575,5,JFM,-0.71,La Nina,0.5067184,0.4914583,0.51537496,0.48212495,48.994778,53.25875,47.697502,52.02125,63.9,43.6,50.1,19.6,0.39,6.0,73,1.8,1,100,Overcast
736622,2018-02-25 00:25:00,2018-02-25 00:25:00,JEFFERSON CO.,(SDF)STANIFORD FLD L,1.29,1.59,NEWBURG,38.17,-85.71,38.173,-85.6957,2018,0.0,0.0,0,0,0,0,0,0,-6.35,263.37,2018-02-25 12:19:52,2018-02-25 23:32:21,64.79,133.19,Waxing Gibbous,68.65,23,"Developed, Medium Intensity",141.365,52,JFM,-0.71,La Nina,0.42938253,0.41325,0.43441668,0.41750002,48.616028,52.857502,47.318756,51.649998,63.9,43.6,50.1,19.6,0.39,6.0,73,1.8,1,100,Overcast
736639,2018-02-25 00:30:00,2018-02-25 00:30:00,OLDHAM CO.,HARMONY VLG,0.88,0.8,HARMONY VLG,38.41,-85.61,38.4082,-85.6149,2018,0.0,0.0,0,0,0,0,0,0,-6.47,263.45,2018-02-25 12:19:42,2018-02-25 23:31:44,64.68,133.74,Waxing Gibbous,68.65,81,Pasture/Hay,133.183,0,JFM,-0.71,La Nina,0.43066752,0.41475,0.4356666,0.4188333,47.12675,51.361248,45.80375,50.25125,63.9,42.6,49.6,22.2,0.25,5.0,74,1.1,1,100,Overcast
742198,2018-04-03 20:00:00,2018-04-03 22:00:00,OWEN CO.,OWENTON,1.48,1.53,OWENTON,38.5377,-84.8556,38.5354,-84.8506,2018,120.0,2.0,0,0,3000,0,0,0,0.38,276.74,2018-04-03 11:20:55,2018-04-03 00:04:02,-28.22,82.19,Waning Gibbous,92.97,41,Deciduous Forest,273.347,0,MAM,-0.39,Neutral,0.42559794,0.42916667,0.424125,0.42945838,45.073437,51.713753,43.872498,46.9775,69.8,47.3,59.3,17.5,1.57,4.0,91,1.9,1,100,Moderate or heavy rain shower
746859,2018-05-05 15:19:00,2018-05-05 16:45:00,JEFFERSON CO.,(SDF)STANIFORD FLD L,0.69,0.63,AUDUBON PARK,38.19,-85.73,38.1909,-85.7366,2018,86.0,1.43,0,0,0,0,0,0,6.17,285.85,2018-05-05 10:41:35,2018-05-05 00:37:14,-55.26,70.2,Waning Gibbous,77.72,23,"Developed, Medium Intensity",150.651,59,AMJ,-0.13,Neutral,0.33319172,0.34604165,0.3417084,0.29970837,58.42115,63.8,56.3075,63.875,65.5,57.1,61.9,4.5,0.61,4.0,95,1.7,1,100,Moderate or heavy rain shower
746862,2018-05-05 15:26:00,2018-05-05 16:45:00,JEFFERSON CO.,LOUISVILLE,2.2,2.18,LOUISVILLE,38.2603,-85.7674,38.2599,-85.7681,2018,79.0,1.32,0,0,0,0,0,0,6.22,285.82,2018-05-05 10:41:35,2018-05-05 00:37:31,-55.26,70.07,Waning Gibbous,77.72,24,"Developed, High Intensity",135.738,84,AMJ,-0.13,Neutral,0.3416858,0.36533335,0.3458333,0.31958333,58.14001,63.31625,56.097496,63.417503,65.5,56.3,61.5,4.9,0.51,4.0,94,1.8,1,100,Moderate or heavy rain shower
745106,2018-05-15 16:42:00,2018-05-15 20:03:00,LETCHER CO.,MILLSTONE,0.15,0.88,KONA,37.1679,-82.7292,37.1473,-82.7054,2018,201.0,3.35,0,0,80000,0,0,0,5.16,289.85,2018-05-15 10:22:12,2018-05-15 00:31:57,-2.54,287.9,New Moon,0.52,41,Deciduous Forest,440.427,0,AMJ,-0.13,Neutral,0.33616748,0.312875,0.34145835,0.32579163,61.145752,68.645,58.819996,66.619995,79.5,63.6,70.0,6.9,0.42,5.0,88,8.4,1,100,Moderate or heavy rain shower
745280,2018-05-16 00:00:00,2018-05-16 01:00:00,LEWIS CO.,HEAD OF GRASSY,1.48,1.36,HEAD OF GRASSY,38.4,-83.26,38.415,-83.2598,2018,60.0,1.0,0,0,20000,0,0,0,6.1,289.61,2018-05-16 10:20:35,2018-05-16 00:37:51,9.33,282.41,New Moon,0.53,41,Deciduous Forest,207.424,0,AMJ,-0.13,Neutral,0.3467742,0.28204167,0.3672084,0.29829165,62.539814,68.88875,60.417503,67.7,76.3,63.8,69.8,3.7,0.06,4.0,92,6.3,1,100,Moderate rain at times
746867,2018-05-16 14:21:00,2018-05-16 15:21:00,SCOTT CO.,GEORGETOWN,0.71,0.68,GEORGETOWN,38.2061,-84.5606,38.2055,-84.5607,2018,60.0,1.0,0,0,0,0,0,0,6.98,288.86,2018-05-16 10:26:15,2018-05-16 00:42:35,10.28,281.68,New Moon,0.53,22,"Developed, Low Intensity",249.995,48,AMJ,-0.13,Neutral,0.3464967,0.3755417,0.34895828,0.328375,63.05098,68.9975,61.025,68.015,79.3,64.5,69.7,5.4,0.75,4.0,90,6.7,1,100,Moderate or heavy rain shower
746868,2018-05-16 14:21:00,2018-05-16 15:30:00,SCOTT CO.,DELAPLAIN,1.21,1.16,DELAPLAIN,38.2761,-84.5709,38.2766,-84.5726,2018,69.0,1.15,0,0,0,0,0,0,7.01,288.85,2018-05-16 10:26:07,2018-05-16 00:42:48,10.3,281.66,New Moon,0.53,81,Pasture/Hay,261.391,0,AMJ,-0.13,Neutral,0.34069124,0.36724997,0.34437492,0.31920835,62.748238,68.6825,60.706245,67.771255,79.3,64.5,69.7,5.4,0.75,4.0,90,6.7,1,100,Moderate or heavy rain shower
745282,2018-05-16 15:35:00,2018-05-16 18:35:00,BATH CO.,REYNOLDSVILLE,3.88,2.37,REYNOLDSVILLE,38.14,-83.87,38.122,-83.8874,2018,180.0,3.0,0,0,1000,0,0,0,6.46,289.28,2018-05-16 10:23:39,2018-05-16 00:39:40,9.74,282.1,New Moon,0.53,81,Pasture/Hay,287.043,0,AMJ,-0.13,Neutral,0.33975542,0.31691667,0.35212508,0.3049583,63.1523,69.68,61.025,68.270004,76.1,65.1,69.8,5.4,0.21,4.0,89,7.9,1,100,Moderate or heavy rain shower
745283,2018-05-16 15:51:00,2018-05-16 18:21:00,MONTGOMERY CO.,JUDY,1.29,1.37,JUDY,38.14,-83.99,38.139,-83.9894,2018,150.0,2.5,0,0,0,10,0,0,6.55,289.2,2018-05-16 10:24:07,2018-05-16 00:40:08,9.83,282.03,New Moon,0.53,81,Pasture/Hay,271.249,0,AMJ,-0.13,Neutral,0.32521042,0.30129167,0.33479166,0.30033332,62.889763,69.36875,60.773746,67.985,76.1,65.1,69.8,5.4,0.21,4.0,89,7.9,1,100,Moderate or heavy rain shower
745284,2018-05-16 16:55:00,2018-05-16 18:45:00,ROWAN CO.,MOREHEAD,0.88,2.34,MOREHEAD,38.19,-83.44,38.1875,-83.4417,2018,110.0,1.83,0,0,0,10,0,0,6.16,289.52,2018-05-16 10:21:48,2018-05-16 00:38:04,9.42,282.34,New Moon,0.53,22,"Developed, Low Intensity",243.757,40,AMJ,-0.13,Neutral,0.34297213,0.29020837,0.35895833,0.30574992,62.500103,69.2375,60.335,67.6775,76.1,63.5,69.7,3.9,0.15,4.0,90,8.6,1,100,Moderate or heavy rain shower
746869,2018-05-16 17:00:00,2018-05-16 18:20:00,GREEN CO.,DONANSBURG,0.42,0.39,DONANSBURG,37.2335,-85.6363,37.2355,-85.636,2018,80.0,1.33,0,0,0,0,0,0,7.47,288.35,2018-05-16 10:32:52,2018-05-16 00:44:35,10.92,281.25,New Moon,0.53,81,Pasture/Hay,225.197,0,AMJ,-0.13,Neutral,0.37978253,0.35887504,0.38575006,0.36629164,64.60299,72.07625,62.12,70.62499,79.6,64.2,70.4,6.5,0.44,4.0,88,8.5,1,100,Moderate or heavy rain shower
745281,2018-05-16 17:30:00,2018-05-16 18:30:00,LEWIS CO.,COTTAGEVILLE,1.65,1.53,CAMP DIX,38.5762,-83.5982,38.502,-83.2641,2018,60.0,1.0,0,0,50000,0,0,0,6.4,289.39,2018-05-16 10:21:30,2018-05-16 00:39:38,9.62,282.18,New Moon,0.53,41,Deciduous Forest,341.344,0,AMJ,-0.13,Neutral,0.3505387,0.33124998,0.36133334,0.3199583,62.48656,68.457504,60.45875,67.44875,76.6,64.0,69.3,4.9,0.29,3.0,92,3.4,1,100,Moderate or heavy rain shower
745285,2018-05-16 19:12:00,2018-05-16 20:11:00,ELLIOTT CO.,FAYE,0.54,0.64,FAYE,38.07,-83.16,38.07,-83.1567,2018,59.0,0.98,0,0,100,0,0,0,5.92,289.7,2018-05-16 10:20:59,2018-05-16 00:36:39,9.18,282.53,New Moon,0.53,41,Deciduous Forest,285.268,0,AMJ,-0.13,Neutral,0.42561254,0.41037497,0.4352083,0.3977917,62.28736,69.76625,59.817497,68.2625,75.9,64.9,70.4,4.0,0.14,3.0,90,9.6,1,100,Moderate or heavy rain shower
746870,2018-05-18 15:30:00,2018-05-18 17:15:00,NICHOLAS CO.,CARLISLE,0.6,0.83,MILLTOWN,38.3129,-84.0237,38.3357,-83.892,2018,105.0,1.75,0,0,0,0,0,0,6.91,289.52,2018-05-18 10:22:13,2018-05-18 00:42:27,34.78,268.88,Waxing Crescent,8.81,41,Deciduous Forest,275.157,0,AMJ,-0.13,Neutral,0.3568984,0.37333333,0.3635833,0.32849994,62.827812,67.98875,61.272495,66.439995,75.0,63.9,69.1,9.6,0.75,5.0,93,4.1,1,100,Moderate or heavy rain shower
745485,2018-05-18 15:55:00,2018-05-18 19:05:00,MORGAN CO.,MOON,1.29,0.88,MOON,37.97,-83.07,37.9695,-83.0661,2018,190.0,3.17,0,0,30000,100,0,0,6.1,290.11,2018-05-18 10:19:16,2018-05-18 00:37:47,34.02,269.71,Waxing Crescent,8.81,41,Deciduous Forest,337.02,0,AMJ,-0.13,Neutral,0.31710124,0.3355,0.32454163,0.2854583,62.97999,67.99625,61.40001,66.725,75.7,63.9,69.0,7.4,0.64,3.0,94,2.3,1,100,Moderate or heavy rain shower
746871,2018-05-18 16:50:00,2018-05-18 18:30:00,FAYETTE CO.,JONESTOWN,0.65,0.57,JONESTOWN,37.9881,-84.494,37.9872,-84.4939,2018,100.0,1.67,0,0,0,0,0,0,7.15,289.28,2018-05-18 10:24:55,2018-05-18 00:43:32,35.16,268.82,Waxing Crescent,8.81,22,"Developed, Low Intensity",283.225,46,AMJ,-0.13,Neutral,0.3596013,0.39399996,0.35129163,0.37662503,64.03704,69.39125,62.434998,67.744995,76.3,64.2,69.0,9.8,0.67,5.0,92,4.0,1,100,Moderate or heavy rain shower
746872,2018-05-18 17:21:00,2018-05-18 18:21:00,FAYETTE CO.,LEXINGTON,2.27,2.28,LEXINGTON,38.0206,-84.4815,38.0203,-84.4811,2018,60.0,1.0,0,0,0,0,0,0,7.15,289.28,2018-05-18 10:24:47,2018-05-18 00:43:33,35.14,268.8,Waxing Crescent,8.81,21,"Developed, Open Space",316.879,17,AMJ,-0.13,Neutral,0.3596013,0.39399996,0.35129163,0.37662503,64.03704,69.39125,62.434998,67.744995,76.3,64.2,69.0,9.8,0.67,5.0,92,4.0,1,100,Moderate or heavy rain shower
746873,2018-05-18 17:24:00,2018-05-18 18:24:00,FAYETTE CO.,LEXINGTON,2.07,2.41,LEXINGTON,38.0225,-84.4851,38.0222,-84.4842,2018,60.0,1.0,0,0,0,0,0,0,7.15,289.28,2018-05-18 10:24:47,2018-05-18 00:43:35,35.15,268.8,Waxing Crescent,8.81,22,"Developed, Low Intensity",318.793,10,AMJ,-0.13,Neutral,0.3596013,0.39399996,0.35129163,0.37662503,64.03704,69.39125,62.434998,67.744995,76.3,64.2,69.0,9.8,0.67,5.0,92,4.0,1,100,Moderate or heavy rain shower
746875,2018-05-18 17:25:00,2018-05-18 20:25:00,OHIO CO.,EQUALITY,0.74,0.62,EQUALITY,37.3991,-87.0566,37.3934,-87.0657,2018,180.0,3.0,0,0,60000,0,0,0,8.86,287.88,2018-05-18 10:36:36,2018-05-18 00:52:21,37.22,267.64,Waxing Crescent,8.81,43,Mixed Forest,123.655,0,AMJ,-0.13,Neutral,0.28114292,0.35829163,0.27399996,0.27991667,65.86078,70.471245,64.3325,69.56375,76.6,63.9,69.8,6.0,1.0,3.0,90,3.8,1,100,Moderate or heavy rain shower
745486,2018-05-18 17:26:00,2018-05-18 18:56:00,MAGOFFIN CO.,HENDRICKS,0.69,0.72,HENDRICKS,37.7114,-83.1134,37.711,-83.115,2018,90.0,1.5,0,0,2000,0,0,0,6.05,290.11,2018-05-18 10:20:04,2018-05-18 00:37:19,34.06,269.87,Waxing Crescent,8.81,21,"Developed, Open Space",260.955,8,AMJ,-0.13,Neutral,0.2818908,0.3395833,0.27799997,0.276,62.93728,68.3375,61.27249,66.845,75.4,62.4,68.1,5.6,0.77,3.0,96,3.1,1,100,Moderate or heavy rain shower
745508,2018-05-18 17:30:00,2018-05-18 19:30:00,GRANT CO.,WILLIAMSTOWN,1.29,1.17,WILLIAMSTOWN,38.6445,-84.565,38.635,-84.5619,2018,120.0,2.0,0,0,30000,0,0,0,7.42,289.16,2018-05-18 10:23:33,2018-05-18 00:45:26,35.2,268.29,Waxing Crescent,8.81,41,Deciduous Forest,270.216,0,AMJ,-0.13,Neutral,0.30249333,0.3647083,0.29749998,0.298875,62.446587,67.10375,60.980007,65.9225,73.6,64.6,68.5,8.9,0.57,5.0,93,2.7,1,100,Moderate or heavy rain shower
746874,2018-05-18 17:50:00,2018-05-18 18:50:00,FAYETTE CO.,JONESTOWN,1.38,1.84,JONESTOWN,37.96,-84.5,37.9594,-84.5046,2018,60.0,1.0,0,0,0,0,0,0,7.15,289.28,2018-05-18 10:25:00,2018-05-18 00:43:29,35.16,268.83,Waxing Crescent,8.81,21,"Developed, Open Space",279.303,0,AMJ,-0.13,Neutral,0.3404592,0.3841667,0.33350012,0.34975,63.002075,68.3825,61.388756,66.740005,76.3,64.2,69.0,9.8,0.67,5.0,92,4.0,1,100,Moderate or heavy rain shower
745503,2018-05-18 18:00:00,2018-05-18 18:30:00,GRANT CO.,DRY RIDGE,1.08,1.11,DRY RIDGE,38.68,-84.6,38.6804,-84.5925,2018,30.0,0.5,0,0,0,0,0,0,7.45,289.13,2018-05-18 10:23:36,2018-05-18 00:45:40,35.22,268.25,Waxing Crescent,8.81,24,"Developed, High Intensity",286.854,0,AMJ,-0.13,Neutral,0.2971992,0.38154164,0.28100002,0.324625,62.453865,67.1225,60.976257,65.963745,73.6,64.6,68.5,8.9,0.57,5.0,93,2.7,1,100,Moderate or heavy rain shower
745505,2018-05-18 18:00:00,2018-05-18 19:00:00,GRANT CO.,MT ZION,2.1,2.06,MT ZION,38.7599,-84.6429,38.76,-84.6419,2018,60.0,1.0,0,0,10000,0,0,0,7.51,289.1,2018-05-18 10:23:35,2018-05-18 00:46:03,35.25,268.16,Waxing Crescent,8.81,41,Deciduous Forest,214.178,0,AMJ,-0.13,Neutral,0.29537916,0.37866664,0.28100002,0.31691667,62.37365,67.1225,60.889996,65.8775,73.6,64.6,68.5,8.9,0.57,5.0,93,2.7,1,100,Moderate or heavy rain shower
745512,2018-05-18 19:00:00,2018-05-18 20:00:00,GRANT CO.,HEEKIN,0.69,1.56,HEEKIN,38.61,-84.6,38.6129,-84.5966,2018,60.0,1.0,0,0,0,0,0,0,7.43,289.14,2018-05-18 10:23:47,2018-05-18 00:45:30,35.22,268.3,Waxing Crescent,8.81,21,"Developed, Open Space",238.863,12,AMJ,-0.13,Neutral,0.30249333,0.3647083,0.29749998,0.298875,62.446587,67.10375,60.980007,65.9225,73.6,64.6,68.5,8.9,0.57,5.0,93,2.7,1,100,Moderate or heavy rain shower
745487,2018-05-18 19:45:00,2018-05-18 21:45:00,JACKSON CO.,ANNVILLE,1.13,0.86,WELCHBURG,37.3271,-83.9515,37.3255,-83.9359,2018,120.0,2.0,0,0,0,0,0,0,6.53,289.67,2018-05-18 10:24:21,2018-05-18 00:39:45,34.73,269.63,Waxing Crescent,8.81,81,Pasture/Hay,335.998,0,AMJ,-0.13,Neutral,0.38316086,0.41370833,0.38666677,0.36095837,62.641396,69.02375,60.81124,66.78876,79.5,62.5,69.2,4.8,0.66,2.0,91,2.9,1,100,Moderate or heavy rain shower
746878,2018-05-22 15:00:00,2018-05-22 16:00:00,RUSSELL CO.,JAMESTOWN,1.52,1.15,JAMESTOWN,36.9917,-85.0466,36.9881,-85.0449,2018,60.0,1.0,0,0,0,0,0,0,7.77,289.72,2018-05-22 10:26:47,2018-05-22 00:46:34,66.02,187.15,First Quarter,48.33,81,Pasture/Hay,263.436,0,AMJ,-0.13,Neutral,0.4125283,0.43670836,0.40837505,0.41870835,64.565674,71.21375,62.551247,69.25625,81.0,64.0,71.9,5.8,0.1,4.0,85,10.1,1,100,Moderate or heavy rain shower
754719,2018-05-25 13:00:00,2018-05-25 14:30:00,MCCRACKEN CO.,TYLER,2.6,2.57,TYLER,37.03,-88.62,37.0672,-88.5983,2018,90.0,1.5,0,0,25000,0,0,0,10.84,288.15,2018-05-25 10:39:11,2018-05-25 01:03:18,39.42,128.81,Waxing Gibbous,79.2,90,Woody Wetlands,100.339,0,AMJ,-0.13,Neutral,0.2900984,0.29458335,0.28587505,0.3030834,70.04477,76.56875,68.06,74.675,85.8,67.1,75.5,8.6,0.02,5.0,81,11.4,1,100,Patchy rain possible
754718,2018-05-30 06:20:00,2018-05-30 08:30:00,MCCRACKEN CO.,FUTRELL,0.88,1.3,AVONDALE HGTS,37.07,-88.64,37.0594,-88.6583,2018,130.0,2.17,0,0,0,0,0,0,11.46,288.73,2018-05-30 10:36:45,2018-05-30 01:07:08,-14.43,102.83,Full Moon,99.71,22,"Developed, Low Intensity",127.451,23,AMJ,-0.13,Neutral,0.30181208,0.39520833,0.28283334,0.33575,70.98894,76.520004,69.54125,74.10875,85.6,70.5,77.0,13.0,0.55,5.0,84,9.5,1,100,Moderate or heavy rain shower
757535,2018-05-31 12:00:00,2018-05-31 12:30:00,MADISON CO.,SILVER CREEK,1.37,1.41,SILVER CREEK,37.6428,-84.3467,37.6427,-84.3443,2018,30.0,0.5,0,0,0,0,0,0,8.58,291.14,2018-05-31 10:17:36,2018-05-31 00:52:13,-21.25,99.93,Full Moon,98.05,81,Pasture/Hay,285.369,0,AMJ,-0.13,Neutral,0.2864221,0.3527083,0.27954158,0.2879167,66.82764,72.646255,65.15001,70.64,82.3,67.3,73.7,11.0,0.21,5.0,88,8.4,1,100,Moderate or heavy rain shower
757536,2018-05-31 12:15:00,2018-05-31 12:45:00,MADISON CO.,REEDS CROSSING,1.98,1.97,REEDS CROSSING,37.7429,-84.2524,37.7423,-84.25,2018,30.0,0.5,0,0,0,0,0,0,8.55,291.18,2018-05-31 10:16:57,2018-05-31 00:52:07,-21.2,99.95,Full Moon,98.05,23,"Developed, Medium Intensity",254.314,13,AMJ,-0.13,Neutral,0.2793879,0.35466662,0.26733342,0.295625,66.91768,72.77375,65.2025,70.84625,81.9,67.6,73.7,11.1,0.49,5.0,88,7.3,1,100,Moderate or heavy rain shower
757537,2018-05-31 12:23:00,2018-05-31 12:53:00,MADISON CO.,KINGSTON,0.61,0.58,KINGSTON,37.6491,-84.2389,37.6472,-84.2367,2018,30.0,0.5,0,0,0,0,0,0,8.5,291.2,2018-05-31 10:17:09,2018-05-31 00:51:48,-21.17,99.99,Full Moon,98.05,23,"Developed, Medium Intensity",285.335,20,AMJ,-0.13,Neutral,0.26626503,0.32987502,0.2646666,0.2505417,66.991104,73.04,65.225,71.03,82.3,67.3,73.7,11.0,0.21,5.0,88,8.5,1,100,Moderate or heavy rain shower
748121,2018-05-31 14:00:00,2018-05-31 16:00:00,JACKSON CO.,SANDGAP,0.55,0.0,SANDGAP,37.48,-84.09,37.4787,-84.0982,2018,120.0,2.0,0,0,500,0,0,0,8.33,291.31,2018-05-31 10:17:02,2018-05-31 00:50:44,-21.03,100.13,Full Moon,98.05,41,Deciduous Forest,401.112,0,AMJ,-0.13,Neutral,0.30257335,0.35433337,0.2886667,0.33300003,66.130554,71.978745,64.40749,70.088745,82.3,67.3,73.7,11.0,0.21,5.0,88,8.5,1,100,Moderate or heavy rain shower
757539,2018-05-31 14:30:00,2018-05-31 15:00:00,MARION CO.,NURKES SPG,3.11,3.04,NURKES SPG,37.6452,-85.2935,37.6787,-85.2835,2018,30.0,0.5,0,0,0,0,0,0,9.27,290.6,2018-05-31 10:21:23,2018-05-31 00:56:00,-21.99,99.4,Full Moon,98.05,82,Cultivated Crops,220.453,0,AMJ,-0.13,Neutral,0.31340918,0.38541666,0.29379174,0.35666668,67.07893,72.5975,65.442505,70.85,84.0,67.6,73.9,10.5,0.27,5.0,86,7.1,1,100,Moderate or heavy rain shower
757540,2018-05-31 14:50:00,2018-05-31 15:20:00,MARION CO.,LEBANON,3.55,3.46,LEBANON,37.6203,-85.2375,37.6181,-85.2381,2018,30.0,0.5,0,0,0,0,0,0,9.22,290.64,2018-05-31 10:21:13,2018-05-31 00:55:43,-21.94,99.44,Full Moon,98.05,21,"Developed, Open Space",242.199,7,AMJ,-0.13,Neutral,0.3067667,0.37629172,0.2860001,0.35479164,67.0037,72.57875,65.35625,70.79375,84.0,67.6,73.9,10.5,0.27,5.0,86,7.1,1,100,Moderate or heavy rain shower
757541,2018-05-31 14:55:00,2018-05-31 15:25:00,MARION CO.,LEBANON,2.72,3.35,LEBANON,37.5899,-85.2071,37.5889,-85.2033,2018,30.0,0.5,0,0,0,0,0,0,9.19,290.66,2018-05-31 10:21:11,2018-05-31 00:55:30,-21.91,99.47,Full Moon,98.05,81,Pasture/Hay,259.787,0,AMJ,-0.13,Neutral,0.294185,0.36312497,0.2767083,0.33112496,67.03381,72.755005,65.378746,70.80125,83.9,67.5,74.3,11.0,0.27,5.0,86,7.1,1,100,Moderate or heavy rain shower
754715,2018-05-31 15:10:00,2018-05-31 16:20:00,BALLARD CO.,KEVIL,1.0,0.93,KEVIL,37.08,-88.8819,37.089,-88.8967,2018,70.0,1.17,0,0,5000,0,0,0,11.75,288.7,2018-05-31 10:37:18,2018-05-31 01:08:48,-24.71,97.63,Full Moon,98.05,22,"Developed, Low Intensity",126.763,11,AMJ,-0.13,Neutral,0.31124043,0.38541672,0.293125,0.34862506,71.331505,77.645004,69.51501,75.454994,85.5,71.6,78.5,12.1,0.56,5.0,84,7.7,1,100,Moderate or heavy rain shower
757547,2018-05-31 15:15:00,2018-05-31 15:35:00,RUSSELL CO.,ESTO,0.55,0.56,ESTO,37.0,-85.11,37.0032,-85.1116,2018,20.0,0.33,0,0,0,0,0,0,8.91,290.8,2018-05-31 10:22:26,2018-05-31 00:53:30,-21.74,99.75,Full Moon,98.05,81,Pasture/Hay,280.235,0,AMJ,-0.13,Neutral,0.37524164,0.48179162,0.34100005,0.45712498,66.6509,72.286255,65.01501,70.38125,82.9,65.7,73.1,9.6,0.3,5.0,89,6.8,1,100,Heavy rain at times
754716,2018-05-31 15:40:00,2018-05-31 17:30:00,CHRISTIAN CO.,HOPKINSVILLE,3.0,3.0,PLEASANT GREEN HILL,36.8807,-87.5184,36.8983,-87.5393,2018,110.0,1.83,0,0,0,0,0,0,10.66,289.49,2018-05-31 10:32:23,2018-05-31 01:02:48,-23.61,98.47,Full Moon,98.05,22,"Developed, Low Intensity",176.091,0,AMJ,-0.13,Neutral,0.41408047,0.49779174,0.38345835,0.49116668,68.54843,75.14375,66.71749,72.6275,85.4,69.6,76.5,12.1,0.35,5.0,85,9.9,1,100,Moderate or heavy rain shower
757542,2018-05-31 15:55:00,2018-05-31 16:25:00,WASHINGTON CO.,BRIARTOWN,0.97,0.87,BRIARTOWN,37.6662,-85.2466,37.6672,-85.2484,2018,30.0,0.5,0,0,0,0,0,0,9.25,290.63,2018-05-31 10:21:08,2018-05-31 00:55:53,-21.96,99.42,Full Moon,98.05,21,"Developed, Open Space",226.713,8,AMJ,-0.13,Neutral,0.3067667,0.37629172,0.2860001,0.35479164,67.0037,72.57875,65.35625,70.79375,84.0,67.6,73.9,10.5,0.27,5.0,86,7.1,1,100,Moderate or heavy rain shower
757543,2018-05-31 15:57:00,2018-05-31 16:30:00,BOYLE CO.,MITCHELLSBURG,0.8,1.79,MITCHELLSBURG,37.6106,-84.9558,37.6149,-84.9573,2018,33.0,0.55,0,0,0,0,0,0,9.01,290.8,2018-05-31 10:20:07,2018-05-31 00:54:34,-21.72,99.6,Full Moon,98.05,81,Pasture/Hay,282.622,0,AMJ,-0.13,Neutral,0.2837771,0.35345832,0.26599994,0.32149997,66.69613,72.353745,65.045,70.47125,82.6,66.9,73.5,11.0,0.12,5.0,86,6.7,1,100,Moderate rain at times
757544,2018-05-31 16:01:00,2018-05-31 16:31:00,MERCER CO.,EAST BUSHTOWN,1.5,1.37,BURGIN,37.7255,-84.7568,37.7344,-84.7567,2018,30.0,0.5,0,0,0,0,0,0,8.91,290.9,2018-05-31 10:19:00,2018-05-31 00:54:05,-21.59,99.67,Full Moon,98.05,21,"Developed, Open Space",264.176,11,AMJ,-0.13,Neutral,0.32096788,0.37241665,0.30758342,0.34970835,66.685135,72.43625,65.0075,70.52,82.4,67.1,73.4,11.2,0.27,5.0,86,6.1,1,100,Moderate or heavy rain shower
757545,2018-05-31 16:03:00,2018-05-31 16:33:00,MERCER CO.,HARRODSBURG,1.51,1.45,HARRODSBURG,37.734,-84.8314,37.7344,-84.8337,2018,30.0,0.5,0,0,0,0,0,0,8.97,290.85,2018-05-31 10:19:17,2018-05-31 00:54:24,-21.65,99.63,Full Moon,98.05,81,Pasture/Hay,261.978,0,AMJ,-0.13,Neutral,0.30596915,0.35479164,0.29512507,0.32687494,66.856514,72.67625,65.15001,70.7675,80.9,67.5,73.5,11.7,0.31,5.0,86,5.9,1,100,Moderate or heavy rain shower
757546,2018-05-31 16:05:00,2018-05-31 16:35:00,MARION CO.,LEBANON,3.45,4.23,LEBANON,37.62,-85.25,37.6202,-85.236,2018,30.0,0.5,0,0,0,0,0,0,9.23,290.63,2018-05-31 10:21:16,2018-05-31 00:55:46,-21.95,99.43,Full Moon,98.05,81,Pasture/Hay,247.585,0,AMJ,-0.13,Neutral,0.3067667,0.37629172,0.2860001,0.35479164,67.0037,72.57875,65.35625,70.79375,84.0,67.6,73.9,10.5,0.27,5.0,86,7.1,1,100,Moderate or heavy rain shower
757548,2018-05-31 16:25:00,2018-05-31 16:55:00,BOYLE CO.,PERRYVILLE,0.0,0.34,PERRYVILLE,37.65,-84.95,37.6438,-84.948,2018,30.0,0.5,0,0,0,0,0,0,9.02,290.8,2018-05-31 10:19:59,2018-05-31 00:54:39,-21.72,99.59,Full Moon,98.05,21,"Developed, Open Space",266.659,12,AMJ,-0.13,Neutral,0.2837771,0.35345832,0.26599994,0.32149997,66.69613,72.353745,65.045,70.47125,82.4,67.1,73.4,11.2,0.27,5.0,86,6.1,1,100,Moderate or heavy rain shower
748122,2018-05-31 17:30:00,2018-05-31 19:30:00,WHITLEY CO.,WALDEN,0.92,0.8,WALDEN,36.8559,-84.185,36.8567,-84.1843,2018,120.0,2.0,0,0,100,0,0,0,8.18,291.34,2018-05-31 10:19:07,2018-05-31 00:49:24,-20.99,100.31,Full Moon,98.05,41,Deciduous Forest,325.451,0,AMJ,-0.13,Neutral,0.3846,0.48375,0.35362506,0.45775,66.493706,72.8,64.6625,70.67,82.5,66.0,73.6,8.9,0.4,4.0,89,6.7,1,100,Moderate or heavy rain shower
755248,2018-06-11 23:51:00,2018-06-12 01:00:00,CARTER CO.,PACTOLUS,0.72,0.68,GRAYSON,38.3614,-82.9375,38.3206,-82.9456,2018,69.0,1.15,0,0,1000,0,0,0,8.89,292.52,2018-06-11 10:07:16,2018-06-11 00:55:16,-26.93,310.05,Waning Crescent,11.09,24,"Developed, High Intensity",179.182,35,MJJ,0.06,Neutral,0.3435671,0.31870833,0.35400006,0.31608337,67.119385,72.03125,65.1425,72.26,79.7,66.6,71.6,4.3,0.51,3.0,92,4.4,1,100,Moderate or heavy rain shower
755274,2018-06-12 22:31:00,2018-06-12 22:31:00,BOYLE CO.,PERRYVILLE,0.0,0.21,PERRYVILLE,37.65,-84.95,37.6486,-84.9479,2018,0.0,0.0,0,0,0,0,0,0,10.16,291.52,2018-06-12 10:17:25,2018-06-12 01:01:39,-14.72,300.94,Waning Crescent,4.94,22,"Developed, Low Intensity",263.024,29,MJJ,0.06,Neutral,0.24554123,0.35950002,0.23400004,0.24712498,68.011284,72.87501,66.47749,71.64875,82.0,66.9,73.6,9.6,0.38,4.0,88,5.4,1,100,Heavy rain at times
757427,2018-06-26 09:00:00,2018-06-26 09:30:00,LINCOLN CO.,HUSTONVILLE,0.0,0.27,HUSTONVILLE,37.47,-84.82,37.4808,-84.8198,2018,30.0,0.5,0,0,0,0,0,0,10.69,291.39,2018-06-26 10:19:41,2018-06-26 01:04:30,10.53,122.92,Waxing Gibbous,95.42,21,"Developed, Open Space",305.985,0,MJJ,0.06,Neutral,0.24649668,0.38641664,0.2017083,0.35341668,69.51305,73.37,68.44625,71.885,82.9,68.2,73.8,8.3,0.27,3.0,88,5.4,1,100,Moderate or heavy rain shower
757428,2018-06-26 09:00:00,2018-06-26 10:30:00,LINCOLN CO.,MILLEDGEVILLE,1.49,1.34,MILLEDGEVILLE,37.54,-84.81,37.5414,-84.8018,2018,90.0,1.5,0,0,50000,0,0,0,10.71,291.38,2018-06-26 10:19:26,2018-06-26 01:04:41,10.5,122.94,Waxing Gibbous,95.42,81,Pasture/Hay,296.044,0,MJJ,0.06,Neutral,0.22900294,0.38004163,0.18379165,0.33366656,69.68694,73.50125,68.64876,71.975006,82.9,68.2,73.8,8.3,0.27,3.0,88,5.4,1,100,Moderate or heavy rain shower
757429,2018-06-26 11:16:00,2018-06-26 11:45:00,LINCOLN CO.,CHICKEN BRISTLE,0.55,1.09,CHICKEN BRISTLE,37.48,-84.79,37.4765,-84.7764,2018,29.0,0.48,0,0,300000,0,0,0,10.67,291.41,2018-06-26 10:19:32,2018-06-26 01:04:25,10.54,122.94,Waxing Gibbous,95.42,81,Pasture/Hay,278.811,0,MJJ,0.06,Neutral,0.24649668,0.38641664,0.2017083,0.35341668,69.51305,73.37,68.44625,71.885,81.9,68.8,74.0,8.9,0.19,4.0,88,6.7,1,100,Heavy rain at times
757430,2018-06-26 12:15:00,2018-06-26 12:45:00,METCALFE CO.,BEAUMONT,1.27,1.57,BEAUMONT,36.8873,-85.6221,36.8873,-85.6157,2018,30.0,0.5,0,0,0,0,0,0,11.07,291.05,2018-06-26 10:24:38,2018-06-26 01:05:59,10.3,122.27,Waxing Gibbous,95.42,71,Grassland/Herbaceous,319.969,0,MJJ,0.06,Neutral,0.33265916,0.47741666,0.2867917,0.44166672,70.72595,74.51,69.53001,73.565,81.9,70.6,74.7,9.8,0.83,4.0,91,8.1,1,100,Moderate or heavy rain shower
752882,2018-06-26 12:54:00,2018-06-26 14:14:00,HARLAN CO.,COXTON,0.57,0.57,TEN SPOT,36.8576,-83.2661,36.8392,-83.2151,2018,80.0,1.33,0,0,25000,0,0,0,9.33,292.35,2018-06-26 10:15:17,2018-06-26 00:56:28,11.89,123.89,Waxing Gibbous,95.42,41,Deciduous Forest,461.798,0,MJJ,0.06,Neutral,0.20578544,0.35966662,0.18899997,0.21204166,69.64302,73.155945,68.58095,72.11345,81.0,65.5,71.4,7.6,0.32,1.0,94,3.4,1,100,Moderate or heavy rain shower
752889,2018-06-26 14:25:00,2018-06-26 15:40:00,JACKSON CO.,CLOVER BOTTOM,0.9,0.92,CLOVER BOTTOM,37.4975,-84.1662,37.4989,-84.1638,2018,75.0,1.25,0,0,0,0,0,0,10.22,291.75,2018-06-26 10:16:59,2018-06-26 01:01:58,10.94,123.38,Waxing Gibbous,95.42,43,Mixed Forest,407.047,0,MJJ,0.06,Neutral,0.2792879,0.4015417,0.23870833,0.37766674,68.54709,71.87,67.67374,70.43375,82.7,67.1,73.9,7.8,0.27,3.0,87,8.5,1,100,Moderate or heavy rain shower
757431,2018-06-26 14:27:00,2018-06-26 14:45:00,CASEY CO.,MIDDLEBURG,1.38,1.61,MIDDLEBURG,37.37,-84.82,37.3637,-84.8164,2018,18.0,0.3,0,0,0,0,0,0,10.66,291.41,2018-06-26 10:19:59,2018-06-26 01:04:12,10.58,122.9,Waxing Gibbous,95.42,81,Pasture/Hay,263.593,0,MJJ,0.06,Neutral,0.26490125,0.395125,0.21908337,0.37858334,69.36305,73.265,68.26999,71.81,82.9,68.2,73.8,8.3,0.27,3.0,88,5.4,1,100,Moderate or heavy rain shower
757434,2018-06-26 15:05:00,2018-06-26 15:35:00,SCOTT CO.,STAMPING GROUND,1.55,1.61,SKINNERSBURG,38.2823,-84.6561,38.2923,-84.6406,2018,30.0,0.5,0,0,10000,0,0,0,10.87,291.34,2018-06-26 10:16:34,2018-06-26 01:06:19,10.19,123.17,Waxing Gibbous,95.42,81,Pasture/Hay,251.712,0,MJJ,0.06,Neutral,0.3163146,0.41370833,0.27937502,0.41049996,68.35457,71.50625,67.576256,69.972496,81.5,64.6,72.6,8.4,0.61,3.0,89,6.3,1,100,Moderate or heavy rain shower
752893,2018-06-26 17:15:00,2018-06-26 17:55:00,BELL CO.,FERNDALE,0.71,0.78,FERNDALE,36.7022,-83.6674,36.7029,-83.6669,2018,40.0,0.67,0,0,20000,0,0,0,9.56,292.15,2018-06-26 10:17:21,2018-06-26 00:57:37,11.71,123.58,Waxing Gibbous,95.42,81,Pasture/Hay,312.315,0,MJJ,0.06,Neutral,0.23234294,0.36016667,0.21166663,0.26062497,70.21847,73.7333,69.18081,72.60455,81.5,67.5,72.4,9.3,0.39,4.0,93,6.5,1,100,Moderate or heavy rain shower
763845,2018-07-01 14:52:00,2018-07-01 15:22:00,GARRARD CO.,CARTERSVILLE,1.05,1.04,CARTERSVILLE,37.5431,-84.4101,37.5402,-84.4133,2018,30.0,0.5,0,0,10000,0,0,0,10.46,291.27,2018-07-01 10:19:51,2018-07-01 01:03:08,-33.27,88.66,Waning Gibbous,93.17,22,"Developed, Low Intensity",314.068,50,JJA,0.14,Neutral,0.2552075,0.32687497,0.2254166,0.3334583,71.18761,77.791245,69.15875,75.942505,87.6,71.1,78.3,6.0,0.09,5.0,84,12.8,1,100,Heavy rain at times
763847,2018-07-01 16:05:00,2018-07-01 16:30:00,BOYLE CO.,JUNCTION CITY,0.88,0.86,JUNCTION CITY,37.59,-84.79,37.5788,-84.7939,2018,25.0,0.42,0,0,20000,0,0,0,10.76,291.05,2018-07-01 10:21:13,2018-07-01 01:04:48,-33.57,88.4,Waning Gibbous,93.17,23,"Developed, Medium Intensity",300.913,72,JJA,0.14,Neutral,0.2208804,0.31816664,0.18425,0.31404164,71.545975,78.23375,69.4625,76.46001,86.4,72.5,78.9,6.0,0.28,5.0,83,12.7,1,100,Moderate or heavy rain shower
763879,2018-07-02 15:20:00,2018-07-02 15:50:00,JESSAMINE CO.,AMBROSE,0.72,0.48,AMBROSE,37.8375,-84.5408,37.8353,-84.5397,2018,30.0,0.5,0,0,100000,0,0,0,10.66,291.06,2018-07-02 10:19:58,2018-07-02 01:04:27,-40.61,78.28,Waning Gibbous,87.64,81,Pasture/Hay,249.619,0,JJA,0.14,Neutral,0.27878168,0.36366668,0.25175002,0.34316662,71.83112,78.263756,69.9125,76.265,88.2,71.2,79.1,6.0,0.18,4.0,83,12.5,1,100,Heavy rain at times
763882,2018-07-02 16:13:00,2018-07-02 16:45:00,FRANKLIN CO.,PEAKS MILL,0.88,1.47,PEAKS MILL,38.31,-84.81,38.3067,-84.8137,2018,32.0,0.53,0,0,0,0,0,0,11.02,290.82,2018-07-02 10:19:37,2018-07-02 01:06:57,-40.72,77.69,Waning Gibbous,87.64,81,Pasture/Hay,156.314,0,JJA,0.14,Neutral,0.288385,0.3405,0.27049997,0.33233333,71.45555,78.2825,69.39124,76.25749,90.0,71.4,79.7,5.8,0.04,5.0,83,12.2,1,100,Patchy rain possible
763883,2018-07-02 17:48:00,2018-07-02 18:15:00,JEFFERSON CO.,INDIAN HILLS,2.56,2.47,INDIAN HILLS,38.272,-85.6961,38.276,-85.6997,2018,27.0,0.45,0,0,0,0,0,0,11.65,290.33,2018-07-02 10:23:17,2018-07-02 01:10:23,-41.4,77.05,Waning Gibbous,87.64,22,"Developed, Low Intensity",133.554,44,JJA,0.14,Neutral,0.26733378,0.32500002,0.245625,0.32254168,75.10577,81.9425,72.96874,80.15375,90.1,73.4,81.0,5.4,0.07,3.0,81,12.3,1,100,Moderate or heavy rain shower
763884,2018-07-02 17:57:00,2018-07-02 18:23:00,JEFFERSON CO.,HIGHLANDS,1.45,1.57,HIGHLANDS,38.2455,-85.6981,38.244,-85.6979,2018,26.0,0.43,0,0,0,0,0,0,11.65,290.33,2018-07-02 10:23:22,2018-07-02 01:10:19,-41.4,77.07,Waning Gibbous,87.64,22,"Developed, Low Intensity",139.273,41,JJA,0.14,Neutral,0.26733378,0.32500002,0.245625,0.32254168,75.10577,81.9425,72.96874,80.15375,90.1,73.4,81.0,5.4,0.07,3.0,81,12.3,1,100,Moderate or heavy rain shower
763886,2018-07-03 13:00:00,2018-07-03 13:30:00,TRIMBLE CO.,BEDFORD,0.46,0.81,BEDFORD,38.5835,-85.3128,38.5871,-85.307,2018,30.0,0.5,0,0,0,0,0,0,11.47,290.4,2018-07-03 10:21:18,2018-07-03 01:09:41,-46.96,64.34,Waning Gibbous,80.72,41,Deciduous Forest,243.438,0,JJA,0.14,Neutral,0.29444417,0.3800417,0.27275,0.34029165,71.91635,76.91,70.197495,76.145004,86.4,70.7,79.1,5.6,0.42,4.0,83,10.8,1,100,Moderate or heavy rain shower
764249,2018-07-20 20:10:00,2018-07-20 20:40:00,JEFFERSON CO.,(LOU)BOWMAN FLD LOUI,1.48,1.47,(LOU)BOWMAN FLD LOUI,38.2508,-85.6638,38.2511,-85.663,2018,30.0,0.5,0,0,25000,0,0,0,10.66,288.1,2018-07-20 10:34:58,2018-07-20 01:03:21,44.7,184.12,First Quarter,51.93,22,"Developed, Low Intensity",165.235,49,JJA,0.14,Neutral,0.2443729,0.31091666,0.23916662,0.24004166,74.91781,75.66875,74.386246,76.49,83.1,69.6,74.3,11.6,1.4,4.0,86,6.0,1,100,Moderate or heavy rain shower
764270,2018-07-20 20:45:00,2018-07-20 21:05:00,JEFFERSON CO.,AVOCA,1.48,1.26,O BANNON,38.27,-85.49,38.2822,-85.4822,2018,20.0,0.33,0,0,0,0,0,0,10.54,288.2,2018-07-20 10:34:13,2018-07-20 01:02:42,44.67,184.37,First Quarter,51.93,21,"Developed, Open Space",218.794,0,JJA,0.14,Neutral,0.26038456,0.33245835,0.25312498,0.26125002,74.69273,75.43625,74.13125,76.369995,82.3,68.5,73.6,11.6,1.34,4.0,88,6.4,1,100,Moderate or heavy rain shower
762096,2018-08-01 09:15:00,2018-08-01 10:15:00,MONTGOMERY CO.,LEVEE,1.36,1.29,LEVEE,37.9525,-83.9413,37.9535,-83.9415,2018,60.0,1.0,0,0,0,0,0,0,7.72,287.03,2018-08-01 10:38:38,2018-08-01 00:45:57,-35.9,66.99,Waning Gibbous,84.91,41,Deciduous Forest,248.122,0,JAS,0.27,Neutral,0.25415084,0.39195836,0.22100002,0.32187504,70.70514,71.2025,70.15626,72.42125,72.9,66.5,69.6,6.3,0.65,5.0,94,4.8,1,100,Moderate or heavy rain shower
762095,2018-08-01 09:50:00,2018-08-01 10:25:00,POWELL CO.,WALTERSVILLE,0.76,0.74,WALTERSVILLE,37.8619,-83.9395,37.8616,-83.9396,2018,35.0,0.58,0,0,0,0,0,0,7.69,287.04,2018-08-01 10:38:49,2018-08-01 00:45:45,-35.93,67.05,Waning Gibbous,84.91,21,"Developed, Open Space",196.896,15,JAS,0.27,Neutral,0.24885835,0.3955833,0.21450002,0.31775,70.8665,71.31875,70.33624,72.53375,73.4,65.3,69.3,5.8,1.0,5.0,95,5.4,1,100,Moderate or heavy rain shower
763960,2018-08-08 14:12:00,2018-08-08 14:46:00,KNOX CO.,WILTON,0.14,0.16,WILTON,36.882,-84.0497,36.8824,-84.0496,2018,34.0,0.57,0,0,0,0,0,0,6.27,285.68,2018-08-08 10:47:10,2018-08-08 00:36:59,-25.03,323.84,Waning Crescent,16.59,21,"Developed, Open Space",350.444,13,JAS,0.27,Neutral,0.3028092,0.41291666,0.27770826,0.35216674,72.14341,75.316246,70.82751,75.59749,82.0,67.5,74.0,8.1,0.38,4.0,92,9.1,1,100,Moderate or heavy rain shower
767280,2018-08-11 14:25:00,2018-08-11 17:15:00,CARTER CO.,GRAYSON,1.92,2.19,REEDVILLE,38.3473,-82.9778,38.2495,-82.9537,2018,170.0,2.83,0,0,150000,0,0,0,5.26,285.55,2018-08-11 10:42:40,2018-08-11 00:32:05,1.64,290.78,New Moon,0.27,41,Deciduous Forest,189.019,0,JAS,0.27,Neutral,0.2689321,0.34133336,0.25933334,0.27770832,72.24616,74.85875,71.23999,74.825,85.1,66.4,73.9,4.5,0.35,4.0,81,8.2,1,100,Moderate or heavy rain shower
764530,2018-08-11 14:35:00,2018-08-11 16:35:00,LEWIS CO.,FERRY VANCEBURG,1.48,1.83,FERRY VANCEBURG,38.58,-83.33,38.5818,-83.327,2018,120.0,2.0,0,0,0,0,0,0,5.58,285.31,2018-08-11 10:43:38,2018-08-11 00:33:56,1.96,290.55,New Moon,0.27,21,"Developed, Open Space",171.377,8,JAS,0.27,Neutral,0.20019335,0.30608335,0.17670833,0.24541669,71.75405,73.685,71.06001,73.49,80.9,66.2,72.7,5.3,0.54,4.0,85,7.3,1,100,Moderate or heavy rain shower
764531,2018-08-11 14:35:00,2018-08-11 16:35:00,LEWIS CO.,CONCORD,0.0,0.44,CONCORD,38.68,-83.48,38.6855,-83.489,2018,120.0,2.0,0,0,0,0,0,0,5.72,285.21,2018-08-11 10:44:02,2018-08-11 00:34:44,2.09,290.46,New Moon,0.27,41,Deciduous Forest,184.952,0,JAS,0.27,Neutral,0.22166581,0.33608332,0.19333334,0.28066662,72.20012,74.18001,71.51001,73.90625,81.3,65.6,72.5,5.8,0.87,4.0,86,8.0,1,100,Moderate or heavy rain shower
764532,2018-08-11 16:15:00,2018-08-11 18:15:00,LEWIS CO.,CARRS,0.88,0.85,QUEENS,38.64,-83.41,38.639,-83.406,2018,120.0,2.0,0,0,15000,0,0,0,5.65,285.26,2018-08-11 10:43:50,2018-08-11 00:34:22,2.03,290.5,New Moon,0.27,81,Pasture/Hay,181.28,0,JAS,0.27,Neutral,0.22888167,0.32041672,0.20762493,0.27125,71.77715,73.82375,71.06001,73.55375,80.9,66.2,72.7,5.3,0.54,4.0,85,7.3,1,100,Moderate or heavy rain shower
764533,2018-08-11 17:30:00,2018-08-11 19:30:00,BRACKEN CO.,MILFORD,0.32,0.67,MILFORD,38.5833,-84.146,38.5827,-84.1437,2018,120.0,2.0,0,0,0,0,0,0,6.18,284.82,2018-08-11 10:46:53,2018-08-11 00:37:12,2.52,290.06,New Moon,0.27,81,Pasture/Hay,196.844,0,JAS,0.27,Neutral,0.23429544,0.2915417,0.21799995,0.27108335,72.01855,74.61875,71.2775,73.692505,83.8,67.4,74.5,6.5,0.1,5.0,83,8.1,1,100,Moderate rain at times
782830,2018-08-11 18:30:00,2018-08-11 19:00:00,WOODFORD CO.,MC KEES XRDS,0.64,0.44,MC KEES XRDS,38.1151,-84.8099,38.1163,-84.8116,2018,30.0,0.5,0,0,0,0,0,0,6.56,284.47,2018-08-11 10:50:26,2018-08-11 00:38:58,2.83,289.68,New Moon,0.27,21,"Developed, Open Space",224.511,10,JAS,0.27,Neutral,0.2984604,0.34679165,0.28150007,0.3405,72.33999,74.555,71.73124,73.68875,83.6,68.5,74.8,8.5,0.11,5.0,86,10.7,1,100,Moderate or heavy rain shower
782825,2018-08-11 18:58:00,2018-08-11 19:30:00,FRANKLIN CO.,BIG EDDY,1.02,0.81,CLIFFSIDE,38.1556,-84.8744,38.1574,-84.8598,2018,32.0,0.53,0,0,0,0,0,0,6.62,284.43,2018-08-11 10:50:37,2018-08-11 00:39:18,2.89,289.64,New Moon,0.27,81,Pasture/Hay,231.527,0,JAS,0.27,Neutral,0.2747225,0.31662497,0.26200008,0.30437502,72.44361,74.915,71.78001,73.895,83.6,68.5,74.8,8.5,0.11,5.0,86,10.7,1,100,Moderate or heavy rain shower
771264,2018-08-16 07:30:00,2018-08-16 08:00:00,WARREN CO.,SMITHS GROVE,6.15,6.67,SMITHS GROVE,37.139,-86.222,37.1026,-86.2006,2018,30.0,0.5,0,0,0,0,0,0,6.33,282.65,2018-08-16 11:02:05,2018-08-16 00:36:49,37.19,223.54,Waxing Crescent,26.64,41,Deciduous Forest,191.609,0,JAS,0.27,Neutral,0.31214544,0.44266668,0.2873334,0.3537083,73.31296,75.091255,72.6575,74.9675,82.5,70.3,75.6,11.3,0.77,4.0,89,4.3,1,100,Moderate or heavy rain shower
782852,2018-08-17 05:30:00,2018-08-17 06:00:00,MONROE CO.,TOMPKINSVILLE,0.59,1.33,TOMPKINSVILLE,36.7069,-85.6738,36.7097,-85.6778,2018,30.0,0.5,0,0,0,0,0,0,5.59,282.79,2018-08-17 11:01:24,2018-08-17 00:32:41,38.87,208.64,Waxing Crescent,36.6,21,"Developed, Open Space",302.201,7,JAS,0.27,Neutral,0.31637502,0.43500003,0.2851667,0.3838333,73.15947,75.8525,72.31999,75.14,82.7,71.2,75.7,8.7,0.61,4.0,91,5.4,1,100,Moderate or heavy rain shower
782853,2018-08-17 05:30:00,2018-08-17 06:00:00,MONROE CO.,FORKTON,0.89,0.55,FORKTON,36.76,-85.69,36.7588,-85.6815,2018,30.0,0.5,0,0,0,0,0,0,5.62,282.78,2018-08-17 11:01:23,2018-08-17 00:32:50,38.83,208.6,Waxing Crescent,36.6,81,Pasture/Hay,283.367,0,JAS,0.27,Neutral,0.32945833,0.45808336,0.29475006,0.4055834,73.09651,75.935,72.23001,75.12125,82.7,71.2,75.7,8.7,0.61,4.0,91,5.4,1,100,Moderate or heavy rain shower
782843,2018-08-18 15:35:00,2018-08-18 16:00:00,FRANKLIN CO.,FRANKFT CPTL CITY AR,0.86,0.87,FRANKFT CPTL CITY AR,38.1924,-84.8985,38.1918,-84.8987,2018,25.0,0.42,0,0,0,0,0,0,5.1,282.89,2018-08-18 10:56:48,2018-08-18 00:30:41,36.86,193.87,First Quarter,46.81,22,"Developed, Low Intensity",238.713,21,JAS,0.27,Neutral,0.29201004,0.393375,0.26508322,0.35054162,72.01981,73.902504,71.41999,73.44875,81.3,69.1,74.1,5.4,0.37,4.0,88,8.2,1,100,Moderate or heavy rain shower
767024,2018-08-18 18:10:00,2018-08-18 19:40:00,KNOX CO.,CAMP GROUNDS,1.09,0.54,CAMP GROUNDS,36.9551,-84.0766,36.9561,-84.0769,2018,90.0,1.5,0,0,0,0,0,0,4.21,283.48,2018-08-18 10:55:27,2018-08-18 00:25:27,37.9,195.11,First Quarter,46.81,23,"Developed, Medium Intensity",352.253,53,JAS,0.27,Neutral,0.3242621,0.4897083,0.27745828,0.42958334,71.68434,73.98125,70.86875,73.715004,79.2,67.1,71.9,6.5,0.77,4.0,94,4.4,1,100,Moderate or heavy rain shower
767026,2018-08-18 18:12:00,2018-08-18 19:42:00,WHITLEY CO.,CORBIN,0.55,0.48,CORBIN,36.9425,-84.1032,36.9429,-84.1013,2018,90.0,1.5,0,0,0,0,0,0,4.22,283.46,2018-08-18 10:55:35,2018-08-18 00:25:32,37.92,195.08,First Quarter,46.81,21,"Developed, Open Space",329.793,9,JAS,0.27,Neutral,0.3242621,0.4897083,0.27745828,0.42958334,71.68434,73.98125,70.86875,73.715004,79.2,67.1,71.9,6.5,0.77,4.0,94,4.4,1,100,Moderate or heavy rain shower
767025,2018-08-18 18:25:00,2018-08-18 19:45:00,KNOX CO.,BARBOURVILLE,0.38,0.49,BARBOURVILLE,36.8657,-83.8843,36.8662,-83.8835,2018,80.0,1.33,0,0,0,0,0,0,4.04,283.6,2018-08-18 10:54:49,2018-08-18 00:24:32,37.95,195.37,First Quarter,46.81,23,"Developed, Medium Intensity",298.606,52,JAS,0.27,Neutral,0.32814422,0.49454165,0.27920827,0.4404583,71.4185,73.28375,70.68875,73.29875,78.1,66.9,71.2,6.0,1.06,5.0,94,4.3,1,100,Moderate or heavy rain shower
782845,2018-08-19 21:00:00,2018-08-19 21:30:00,JEFFERSON CO.,PARKWAY VLG,0.69,1.2,PARKWAY VLG,38.21,-85.7,38.2075,-85.7022,2018,30.0,0.5,0,0,0,0,0,0,5.46,282.19,2018-08-19 11:00:52,2018-08-19 00:32:36,34.73,178.75,Waxing Gibbous,56.85,21,"Developed, Open Space",139.569,6,JAS,0.27,Neutral,0.20820291,0.29704162,0.18650003,0.253,76.18962,78.8975,75.515,77.59999,85.8,67.5,76.2,5.0,0.03,4.0,82,10.1,1,100,Patchy rain possible
773261,2018-09-06 19:30:00,2018-09-06 20:30:00,BATH CO.,OLYMPIA,1.2,1.28,OLYMPIA,38.0843,-83.6906,38.0845,-83.6882,2018,60.0,1.0,0,0,0,0,0,0,-0.5,279.26,2018-09-06 11:08:32,2018-09-06 23:56:54,-25.2,327.31,Waning Crescent,19.2,21,"Developed, Open Space",246.266,4,ASO,0.53,El Nino,0.23871414,0.25579163,0.2331667,0.25204167,74.51611,77.5175,73.51624,76.94375,84.9,71.2,77.3,5.8,0.29,5.0,84,6.5,1,100,Moderate or heavy rain shower
772816,2018-09-07 18:30:00,2018-09-07 19:15:00,CAMPBELL CO.,SOUTHGATE,1.89,1.89,SOUTHGATE,39.0506,-84.4852,39.0497,-84.4842,2018,45.0,0.75,0,0,10000,0,0,0,-0.14,278.54,2018-09-07 11:11:50,2018-09-07 00:00:49,-18.29,313.45,Waning Crescent,10.72,22,"Developed, Low Intensity",147.542,7,ASO,0.53,El Nino,0.21864963,0.2558333,0.20716669,0.245625,76.50421,78.619995,75.56001,79.036255,82.9,70.2,74.9,8.1,0.2,4.0,86,4.7,1,100,Moderate or heavy rain shower
783637,2018-09-08 19:55:00,2018-09-08 20:30:00,JEFFERSON CO.,LOUISVILLE,2.9,2.96,LOUISVILLE,38.27,-85.7964,38.2698,-85.7958,2018,35.0,0.58,0,0,0,0,0,0,0.37,277.48,2018-09-08 11:18:32,2018-09-08 00:03:55,-11.25,299.71,Waning Crescent,4.46,23,"Developed, Medium Intensity",136.526,69,ASO,0.53,El Nino,0.25044665,0.39816666,0.22100002,0.30216667,76.45704,74.948746,76.50876,76.7825,73.6,66.9,69.5,12.9,2.14,4.0,96,1.2,1,100,Moderate or heavy rain shower
783635,2018-09-08 19:55:00,2018-09-08 21:00:00,JEFFERSON CO.,LOUISVILLE,0.68,0.85,LOUISVILLE,38.2378,-85.7878,38.2368,-85.788,2018,65.0,1.08,0,0,5000,0,0,0,0.36,277.48,2018-09-08 11:18:32,2018-09-08 00:03:51,-11.27,299.71,Waning Crescent,4.46,23,"Developed, Medium Intensity",138.222,68,ASO,0.53,El Nino,0.19258791,0.3152917,0.17808332,0.20141669,77.18565,75.60875,77.134995,77.885,73.6,66.9,69.5,12.9,2.14,4.0,96,1.2,1,100,Moderate or heavy rain shower
783638,2018-09-08 19:57:00,2018-09-08 20:30:00,JEFFERSON CO.,LOUISVILLE,0.5,0.41,LOUISVILLE,38.2368,-85.7833,38.2368,-85.7823,2018,33.0,0.55,0,0,5000,0,0,0,0.35,277.49,2018-09-08 11:18:31,2018-09-08 00:03:50,-11.27,299.71,Waning Crescent,4.46,23,"Developed, Medium Intensity",137.102,70,ASO,0.53,El Nino,0.19258791,0.3152917,0.17808332,0.20141669,77.18565,75.60875,77.134995,77.885,73.6,66.9,69.5,12.9,2.14,4.0,96,1.2,1,100,Moderate or heavy rain shower
783651,2018-09-08 20:00:00,2018-09-08 20:30:00,JEFFERSON CO.,AUDUBON PARK,1.18,1.08,AUDUBON PARK,38.2056,-85.7505,38.2068,-85.7511,2018,30.0,0.5,0,0,40000,0,0,0,0.33,277.51,2018-09-08 11:18:24,2018-09-08 00:03:41,-11.31,299.73,Waning Crescent,4.46,23,"Developed, Medium Intensity",144.966,66,ASO,0.53,El Nino,0.19258791,0.3152917,0.17808332,0.20141669,77.18565,75.60875,77.134995,77.885,75.2,67.6,70.5,12.8,1.73,5.0,95,1.4,1,100,Moderate or heavy rain shower
783639,2018-09-08 20:00:00,2018-09-08 20:30:00,JEFFERSON CO.,VALLEY STATION,1.45,1.36,VALLEY STATION,38.1018,-85.8568,38.105,-85.857,2018,30.0,0.5,0,0,10000,0,0,0,0.39,277.44,2018-09-08 11:18:54,2018-09-08 00:04:02,-11.29,299.64,Waning Crescent,4.46,21,"Developed, Open Space",137.158,7,ASO,0.53,El Nino,0.33408335,0.47120836,0.3054999,0.38637504,75.72178,75.00876,75.484985,76.771255,76.3,68.9,71.3,12.1,1.08,4.0,95,1.5,1,100,Moderate or heavy rain shower
783656,2018-09-08 20:05:00,2018-09-08 20:35:00,JEFFERSON CO.,LOUISVILLE,0.92,1.03,LOUISVILLE,38.2429,-85.7758,38.2431,-85.7794,2018,30.0,0.5,0,0,10000,0,0,0,0.35,277.49,2018-09-08 11:18:29,2018-09-08 00:03:49,-11.28,299.72,Waning Crescent,4.46,24,"Developed, High Intensity",137.232,59,ASO,0.53,El Nino,0.19258791,0.3152917,0.17808332,0.20141669,77.18565,75.60875,77.134995,77.885,73.6,66.9,69.5,12.9,2.14,4.0,96,1.2,1,100,Moderate or heavy rain shower
783652,2018-09-08 20:05:00,2018-09-08 20:35:00,JEFFERSON CO.,LOUISVILLE,0.85,0.75,LOUISVILLE,38.2223,-85.7921,38.2228,-85.7939,2018,30.0,0.5,0,0,30000,0,0,0,0.36,277.48,2018-09-08 11:18:33,2018-09-08 00:03:52,-11.27,299.7,Waning Crescent,4.46,23,"Developed, Medium Intensity",140.107,69,ASO,0.53,El Nino,0.19258791,0.3152917,0.17808332,0.20141669,77.18565,75.60875,77.134995,77.885,73.6,66.9,69.5,12.9,2.14,4.0,96,1.2,1,100,Moderate or heavy rain shower
783657,2018-09-08 20:10:00,2018-09-08 20:40:00,JEFFERSON CO.,LOUISVILLE,1.72,1.37,LOUISVILLE,38.2523,-85.7939,38.252,-85.7816,2018,30.0,0.5,0,0,1000,0,0,0,0.36,277.48,2018-09-08 11:18:33,2018-09-08 00:03:53,-11.26,299.71,Waning Crescent,4.46,23,"Developed, Medium Intensity",137.783,79,ASO,0.53,El Nino,0.25044665,0.39816666,0.22100002,0.30216667,76.45704,74.948746,76.50876,76.7825,73.6,66.9,69.5,12.9,2.14,4.0,96,1.2,1,100,Moderate or heavy rain shower
784424,2018-09-08 22:00:00,2018-09-08 23:00:00,JEFFERSON CO.,LOUISVILLE,0.52,0.42,LOUISVILLE,38.2374,-85.778,38.2371,-85.7749,2018,60.0,1.0,1,0,10000,0,0,0,0.35,277.49,2018-09-08 11:18:29,2018-09-08 00:03:49,-11.28,299.71,Waning Crescent,4.46,24,"Developed, High Intensity",139.15,84,ASO,0.53,El Nino,0.19258791,0.3152917,0.17808332,0.20141669,77.18565,75.60875,77.134995,77.885,73.6,66.9,69.5,12.9,2.14,4.0,96,1.2,1,100,Moderate or heavy rain shower
783658,2018-09-09 07:15:00,2018-09-09 07:45:00,CLARK CO.,WINCHESTER,2.81,2.12,WINCHESTER,37.97,-84.13,37.9655,-84.1326,2018,30.0,0.5,0,0,0,0,0,0,-0.94,278.26,2018-09-09 11:12:56,2018-09-09 23:53:58,-5.03,288.66,New Moon,0.88,81,Pasture/Hay,283.793,0,ASO,0.53,El Nino,0.23208125,0.39987502,0.1991666,0.289,72.809784,70.5725,73.145,72.40625,74.3,60.0,68.2,8.1,1.34,4.0,96,1.4,1,100,Moderate or heavy rain shower
774126,2018-09-09 10:25:00,2018-09-09 11:55:00,MONTGOMERY CO.,MT STERLING,1.24,1.18,MT STERLING,38.0672,-83.9436,38.0678,-83.9406,2018,90.0,1.5,0,0,5000,0,0,0,-1.03,278.38,2018-09-09 11:12:07,2018-09-09 23:53:17,-5.18,288.79,New Moon,0.88,22,"Developed, Low Intensity",292.307,27,ASO,0.53,El Nino,0.28317875,0.40750003,0.2597084,0.32220834,72.92697,70.895004,73.2425,72.52249,74.3,61.6,68.6,7.4,1.34,3.0,97,1.3,1,100,Moderate or heavy rain shower
773423,2018-09-09 10:30:00,2018-09-09 11:21:00,BATH CO.,OLYMPIA,2.15,1.63,OLYMPIA,38.1172,-83.733,38.1166,-83.7143,2018,51.0,0.85,0,0,20000,0,0,0,-1.15,278.51,2018-09-09 11:11:15,2018-09-09 23:52:28,-5.37,288.93,New Moon,0.88,81,Pasture/Hay,273.68,0,ASO,0.53,El Nino,0.2525963,0.39600006,0.22945835,0.284125,72.949554,70.48625,73.37376,72.316246,73.8,61.5,67.8,7.4,1.32,4.0,97,1.5,1,100,Moderate or heavy rain shower
780981,2018-09-09 11:30:00,2018-09-09 15:00:00,CARTER CO.,CHARLOTTE,2.46,0.91,BOONE FURNACE,38.4579,-83.0517,38.4764,-83.1146,2018,210.0,3.5,0,0,500,0,0,0,-1.48,278.95,2018-09-09 11:08:18,2018-09-09 23:49:58,-5.86,289.39,New Moon,0.88,41,Deciduous Forest,238.269,0,ASO,0.53,El Nino,0.20980833,0.41645834,0.16220833,0.30412504,72.322586,69.24875,73.04001,70.8875,78.0,63.5,71.0,7.8,1.7,4.0,97,1.7,1,100,Moderate or heavy rain shower
780986,2018-09-09 13:00:00,2018-09-09 15:00:00,GREENUP CO.,HOPEWELL,0.01,2.58,BRUSHART,38.3998,-82.9001,38.4917,-83.0869,2018,120.0,2.0,0,0,2000,0,0,0,-1.57,279.05,2018-09-09 11:07:44,2018-09-09 23:49:19,-6.02,289.49,New Moon,0.88,41,Deciduous Forest,295.813,0,ASO,0.53,El Nino,0.3151167,0.48954165,0.2820417,0.370375,72.60557,70.377495,72.96126,72.12875,78.0,63.5,71.0,7.8,1.7,4.0,97,1.7,1,100,Moderate or heavy rain shower
773418,2018-09-09 14:30:00,2018-09-09 16:30:00,MENIFEE CO.,DENNISTON,2.07,1.36,FRENCHBURG,37.9472,-83.5458,37.967,-83.635,2018,120.0,2.0,0,0,550000,0,0,0,-1.27,278.62,2018-09-09 11:10:36,2018-09-09 23:51:37,-5.62,289.03,New Moon,0.88,41,Deciduous Forest,279.479,0,ASO,0.53,El Nino,0.23111917,0.37841666,0.20429164,0.27399996,72.99803,71.31875,73.13374,73.0925,79.1,66.4,71.4,7.4,1.27,3.0,97,1.6,1,100,Moderate or heavy rain shower
783659,2018-09-09 14:41:00,2018-09-09 15:01:00,JESSAMINE CO.,UNION MILLS,1.49,1.21,LOGANA,37.86,-84.51,37.8572,-84.4974,2018,20.0,0.33,0,0,0,0,0,0,-0.73,278.03,2018-09-09 11:14:31,2018-09-09 23:55:25,-4.63,288.42,New Moon,0.88,81,Pasture/Hay,243.94,0,ASO,0.53,El Nino,0.2500479,0.39416668,0.22395831,0.2914583,73.434166,71.213745,73.75625,73.07,73.0,59.5,68.0,8.1,1.01,3.0,97,1.2,1,100,Moderate or heavy rain shower
783660,2018-09-09 14:41:00,2018-09-09 15:11:00,JESSAMINE CO.,UNION MILLS,2.34,2.16,UNION MILLS,37.91,-84.5,37.9123,-84.4958,2018,30.0,0.5,0,0,0,0,0,0,-0.73,278.03,2018-09-09 11:14:27,2018-09-09 23:55:24,-4.61,288.43,New Moon,0.88,43,Mixed Forest,259.92,0,ASO,0.53,El Nino,0.2685288,0.41037497,0.24033332,0.31791672,73.272766,71.29625,73.56124,72.9425,73.0,59.5,68.0,8.1,1.01,3.0,97,1.2,1,100,Moderate or heavy rain shower
773421,2018-09-09 16:43:00,2018-09-09 18:53:00,POWELL CO.,BOWEN,2.34,1.98,BOWEN,37.82,-83.79,37.8276,-83.7933,2018,130.0,2.17,0,0,0,0,0,0,-1.15,278.47,2018-09-09 11:11:40,2018-09-09 23:52:30,-5.44,288.87,New Moon,0.88,41,Deciduous Forest,273.988,0,ASO,0.53,El Nino,0.22365123,0.384375,0.19533335,0.26716667,73.18671,71.85875,73.261246,73.37375,78.3,65.2,70.8,6.9,1.39,4.0,97,1.8,1,100,Moderate or heavy rain shower
773419,2018-09-09 16:56:00,2018-09-09 19:06:00,MENIFEE CO.,ROTHWELL,1.38,1.25,ROTHWELL,37.97,-83.7,37.9709,-83.7011,2018,130.0,2.17,0,0,5500,0,0,0,-1.18,278.53,2018-09-09 11:11:13,2018-09-09 23:52:15,-5.47,288.94,New Moon,0.88,21,"Developed, Open Space",288.955,7,ASO,0.53,El Nino,0.2230754,0.35891664,0.20300002,0.24662499,73.17909,70.99625,73.44501,72.994995,78.3,65.2,70.8,6.9,1.39,4.0,97,1.8,1,100,Moderate or heavy rain shower
773420,2018-09-09 18:25:00,2018-09-09 18:55:00,ESTILL CO.,RAVENNA,0.69,0.16,PRYSE,37.69,-83.95,37.6944,-83.8559,2018,30.0,0.5,0,0,0,0,0,0,-1.07,278.37,2018-09-09 11:12:24,2018-09-09 23:53:04,-5.34,288.76,New Moon,0.88,41,Deciduous Forest,400.526,0,ASO,0.53,El Nino,0.19738542,0.36691666,0.168,0.24162501,73.79124,72.40625,73.865005,73.99999,77.8,64.8,70.6,7.6,1.24,4.0,97,1.4,1,100,Moderate or heavy rain shower
773422,2018-09-09 18:35:00,2018-09-09 20:55:00,POWELL CO.,WALTERSVILLE,0.88,0.7,WALTERSVILLE,37.86,-83.94,37.8582,-83.9385,2018,140.0,2.33,0,0,0,0,0,0,-1.06,278.38,2018-09-09 11:12:15,2018-09-09 23:53:08,-5.28,288.78,New Moon,0.88,21,"Developed, Open Space",195.372,0,ASO,0.53,El Nino,0.2324446,0.3740833,0.208,0.2690417,73.4597,71.8325,73.57625,73.6025,78.3,65.2,70.8,6.9,1.39,4.0,97,1.8,1,100,Moderate or heavy rain shower
775945,2018-09-22 17:30:00,2018-09-22 18:30:00,MCCREARY CO.,HOLLYHILL,2.03,2.04,HOLLYHILL,36.6514,-84.3483,36.6519,-84.3463,2018,60.0,1.0,0,0,0,0,0,0,-5.46,274.79,2018-09-22 11:25:01,2018-09-22 23:34:27,19.02,127.97,Waxing Gibbous,90.9,81,Pasture/Hay,321.568,0,ASO,0.53,El Nino,0.3090504,0.42979166,0.28016672,0.36783335,73.79724,74.65056,73.15806,75.7043,75.7,65.0,69.9,6.3,0.78,4.0,94,2.8,1,100,Moderate or heavy rain shower
783677,2018-09-23 08:40:00,2018-09-23 09:10:00,HARRISON CO.,BROADWELL,0.69,0.94,BROADWELL,38.34,-84.37,38.3405,-84.3718,2018,30.0,0.5,0,0,0,0,0,0,-5.65,274.69,2018-09-23 11:25:50,2018-09-23 23:33:04,13.23,117.87,Waxing Gibbous,95.61,81,Pasture/Hay,245.013,0,ASO,0.53,El Nino,0.29518875,0.42712498,0.2503333,0.405,69.97356,63.035,71.6525,66.53,63.3,56.8,59.8,8.7,1.99,4.0,97,0.9,1,100,Moderate or heavy rain shower
783683,2018-09-23 08:40:00,2018-09-23 09:10:00,SCOTT CO.,DELAPLAIN,1.17,1.6,DELAPLAIN,38.2839,-84.5625,38.2862,-84.5684,2018,30.0,0.5,0,0,0,0,0,0,-5.47,274.56,2018-09-23 11:26:36,2018-09-23 23:33:50,13.12,117.72,Waxing Gibbous,95.61,21,"Developed, Open Space",280.361,13,ASO,0.53,El Nino,0.32416916,0.42891666,0.28870836,0.41083336,69.93395,63.06875,71.58875,66.54875,64.2,57.2,60.4,10.1,1.38,4.0,97,0.9,1,100,Moderate or heavy rain shower
783682,2018-09-23 08:40:00,2018-09-23 09:10:00,SCOTT CO.,BIDDLE,0.38,0.95,DELAPLAIN,38.3454,-84.6038,38.2864,-84.5784,2018,30.0,0.5,0,0,0,0,0,0,-5.42,274.54,2018-09-23 11:26:46,2018-09-23 23:34:00,13.07,117.71,Waxing Gibbous,95.61,41,Deciduous Forest,302.312,0,ASO,0.53,El Nino,0.3328071,0.42570832,0.30220836,0.40675005,69.87733,63.12125,71.54001,66.42875,64.2,57.2,60.4,10.1,1.38,4.0,97,0.9,1,100,Moderate or heavy rain shower
783681,2018-09-23 08:40:00,2018-09-23 09:10:00,SCOTT CO.,CRANETOWN,0.54,0.73,ROGERS GAP,38.2849,-84.5222,38.2931,-84.5204,2018,30.0,0.5,0,0,0,0,0,0,-5.51,274.59,2018-09-23 11:26:27,2018-09-23 23:33:41,13.15,117.75,Waxing Gibbous,95.61,81,Pasture/Hay,289.532,0,ASO,0.53,El Nino,0.32416916,0.42891666,0.28870836,0.41083336,69.93395,63.06875,71.58875,66.54875,64.2,57.2,60.4,10.1,1.38,4.0,97,0.9,1,100,Moderate or heavy rain shower
783679,2018-09-23 08:40:00,2018-09-23 09:10:00,HARRISON CO.,CONNERSVILLE,0.54,2.02,CONNERSVILLE,38.3831,-84.4108,38.3843,-84.4144,2018,30.0,0.5,0,0,0,0,0,0,-5.61,274.67,2018-09-23 11:26:00,2018-09-23 23:33:14,13.18,117.85,Waxing Gibbous,95.61,22,"Developed, Low Intensity",270.037,9,ASO,0.53,El Nino,0.29518875,0.42712498,0.2503333,0.405,69.97356,63.035,71.6525,66.53,63.3,56.8,59.8,8.7,1.99,4.0,97,0.9,1,100,Moderate or heavy rain shower
783684,2018-09-23 09:00:00,2018-09-23 09:30:00,SCOTT CO.,TURKEY FOOT,0.99,0.91,TURKEY FOOT,38.3387,-84.5145,38.3461,-84.5239,2018,30.0,0.5,0,0,0,0,0,0,-5.51,274.6,2018-09-23 11:26:25,2018-09-23 23:33:39,13.13,117.77,Waxing Gibbous,95.61,43,Mixed Forest,282.164,0,ASO,0.53,El Nino,0.3083,0.42525002,0.27079162,0.39791664,69.94756,63.035,71.62625,66.49625,64.2,57.2,60.4,10.1,1.38,4.0,97,0.9,1,100,Moderate or heavy rain shower
783685,2018-09-23 09:10:00,2018-09-23 09:40:00,NICHOLAS CO.,CARLISLE,1.08,1.38,CARLISLE,38.32,-84.01,38.3135,-84.0246,2018,30.0,0.5,0,0,0,0,0,0,-5.99,274.91,2018-09-23 11:24:24,2018-09-23 23:31:38,13.49,118.13,Waxing Gibbous,95.61,21,"Developed, Open Space",262.108,0,ASO,0.53,El Nino,0.30945793,0.4304167,0.26554167,0.41970837,70.19322,63.267498,71.847496,66.83,63.1,56.8,59.8,8.3,2.67,4.0,97,0.9,1,100,Moderate or heavy rain shower
783686,2018-09-23 09:40:00,2018-09-23 10:10:00,SCOTT CO.,STAMPING GROUND,0.65,1.09,STAMPING GROUND,38.2795,-84.6795,38.2814,-84.6804,2018,30.0,0.5,0,0,0,0,0,0,-5.35,274.49,2018-09-23 11:27:05,2018-09-23 23:34:18,13.04,117.64,Waxing Gibbous,95.61,21,"Developed, Open Space",244.014,13,ASO,0.53,El Nino,0.32555044,0.42791668,0.29141665,0.40845835,70.01682,63.21125,71.66375,66.63875,64.2,57.2,60.4,10.1,1.38,4.0,97,0.9,1,100,Moderate or heavy rain shower
783687,2018-09-23 09:40:00,2018-09-23 10:10:00,SCOTT CO.,LONGLICK,1.68,1.66,STAMPING GROUND,38.3271,-84.6606,38.2731,-84.6844,2018,30.0,0.5,0,0,0,0,0,0,-5.36,274.51,2018-09-23 11:27:00,2018-09-23 23:34:14,13.04,117.66,Waxing Gibbous,95.61,81,Pasture/Hay,254.941,0,ASO,0.53,El Nino,0.3328071,0.42570832,0.30220836,0.40675005,69.87733,63.12125,71.54001,66.42875,64.2,57.2,60.4,10.1,1.38,4.0,97,0.9,1,100,Moderate or heavy rain shower
783688,2018-09-23 10:00:00,2018-09-23 10:10:00,SCOTT CO.,GEORGETOWN,0.88,0.65,GEORGETOWN,38.21,-84.56,38.2097,-84.5559,2018,10.0,0.17,0,0,0,0,0,0,-5.48,274.56,2018-09-23 11:26:36,2018-09-23 23:33:50,13.16,117.71,Waxing Gibbous,95.61,24,"Developed, High Intensity",260.908,88,ASO,0.53,El Nino,0.328945,0.42937496,0.29591668,0.40870836,70.54832,64.4525,71.975,67.68875,64.2,57.2,60.4,10.1,1.38,4.0,97,0.9,1,100,Moderate or heavy rain shower
783689,2018-09-23 10:00:00,2018-09-23 10:10:00,SCOTT CO.,SADIEVILLE,0.88,0.9,SADIEVILLE,38.39,-84.54,38.3887,-84.5427,2018,10.0,0.17,0,0,0,0,0,0,-5.48,274.59,2018-09-23 11:26:31,2018-09-23 23:33:45,13.09,117.76,Waxing Gibbous,95.61,81,Pasture/Hay,235.622,0,ASO,0.53,El Nino,0.3059271,0.42383337,0.26691666,0.400375,69.88658,63.079998,71.57001,66.38374,64.2,57.2,60.4,10.1,1.38,4.0,97,0.9,1,100,Moderate or heavy rain shower
783690,2018-09-23 10:11:00,2018-09-23 10:21:00,SCOTT CO.,STAMPING GROUND,0.46,0.44,STAMPING GROUND,38.2718,-84.6882,38.2729,-84.6945,2018,10.0,0.17,0,0,0,0,0,0,-5.34,274.48,2018-09-23 11:27:07,2018-09-23 23:34:20,13.04,117.63,Waxing Gibbous,95.61,23,"Developed, Medium Intensity",244.804,0,ASO,0.53,El Nino,0.32555044,0.42791668,0.29141665,0.40845835,70.01682,63.21125,71.66375,66.63875,64.2,57.2,60.4,10.1,1.38,4.0,97,0.9,1,100,Moderate or heavy rain shower
783691,2018-09-23 10:15:00,2018-09-23 10:45:00,NICHOLAS CO.,CARLISLE,0.69,0.78,CARLISLE,38.31,-84.03,38.3086,-84.0451,2018,30.0,0.5,0,0,0,0,0,0,-5.97,274.9,2018-09-23 11:24:28,2018-09-23 23:31:43,13.48,118.11,Waxing Gibbous,95.61,81,Pasture/Hay,270.367,0,ASO,0.53,El Nino,0.32865337,0.4309583,0.29241666,0.41879168,70.15667,63.29,71.791245,66.84125,63.1,56.8,59.8,8.3,2.67,4.0,97,0.9,1,100,Moderate or heavy rain shower
783693,2018-09-23 10:30:00,2018-09-23 11:00:00,SCOTT CO.,STAMPING GROUND,1.06,0.92,STAMPING GROUND,38.2734,-84.699,38.2753,-84.7019,2018,30.0,0.5,0,0,30000,0,0,0,-5.33,274.48,2018-09-23 11:27:09,2018-09-23 23:34:23,13.03,117.62,Waxing Gibbous,95.61,81,Pasture/Hay,227.533,0,ASO,0.53,El Nino,0.32555044,0.42791668,0.29141665,0.40845835,70.01682,63.21125,71.66375,66.63875,64.2,57.2,60.4,10.1,1.38,4.0,97,0.9,1,100,Moderate or heavy rain shower
783694,2018-09-23 10:41:00,2018-09-23 11:11:00,SCOTT CO.,MUDDY FORD,0.85,0.8,MUDDY FORD,38.3122,-84.4982,38.3091,-84.5035,2018,30.0,0.5,0,0,10000,0,0,0,-5.53,274.61,2018-09-23 11:26:21,2018-09-23 23:33:35,13.16,117.78,Waxing Gibbous,95.61,41,Deciduous Forest,276.27,0,ASO,0.53,El Nino,0.3083,0.42525002,0.27079162,0.39791664,69.94756,63.035,71.62625,66.49625,64.2,57.2,60.4,10.1,1.38,4.0,97,0.9,1,100,Moderate or heavy rain shower
775956,2018-09-23 10:56:00,2018-09-23 12:36:00,FLEMING CO.,SUNSET,0.78,0.48,SUNSET,38.2895,-83.6879,38.2895,-83.6907,2018,100.0,1.67,0,0,0,0,0,0,-6.28,275.11,2018-09-23 11:23:06,2018-09-23 23:30:21,13.73,118.35,Waxing Gibbous,95.61,81,Pasture/Hay,266.761,0,ASO,0.53,El Nino,0.34270418,0.43066671,0.31245837,0.41708335,70.10773,63.4925,71.64125,67.055,63.9,56.5,60.1,7.8,2.61,4.0,98,0.9,1,100,Moderate or heavy rain shower
783696,2018-09-23 11:00:00,2018-09-23 11:30:00,SCOTT CO.,MUDDY FORD,0.51,0.52,MUDDY FORD,38.3066,-84.5041,38.3149,-84.5104,2018,30.0,0.5,0,0,0,0,0,0,-5.52,274.6,2018-09-23 11:26:22,2018-09-23 23:33:36,13.15,117.77,Waxing Gibbous,95.61,41,Deciduous Forest,266.199,0,ASO,0.53,El Nino,0.32416916,0.42891666,0.28870836,0.41083336,69.93395,63.06875,71.58875,66.54875,64.2,57.2,60.4,10.1,1.38,4.0,97,0.9,1,100,Moderate or heavy rain shower
775951,2018-09-23 12:00:00,2018-09-23 13:15:00,BATH CO.,BETHEL,2.07,2.14,BETHEL,38.22,-83.87,38.2206,-83.8679,2018,75.0,1.25,0,0,0,0,0,0,-6.12,274.99,2018-09-23 11:23:50,2018-09-23 23:31:04,13.63,118.2,Waxing Gibbous,95.61,81,Pasture/Hay,268.763,0,ASO,0.53,El Nino,0.3277371,0.4298333,0.29341665,0.41137502,70.07176,63.2825,71.667496,66.863754,63.9,56.5,60.1,7.8,2.61,4.0,98,0.9,1,100,Moderate or heavy rain shower
783698,2018-09-25 19:58:00,2018-09-25 20:30:00,CLINTON CO.,HIGHWAY,0.71,1.29,HIGHWAY,36.7391,-85.1942,36.7425,-85.1907,2018,32.0,0.53,0,0,0,0,0,0,-5.74,273.51,2018-09-25 11:30:50,2018-09-25 23:33:19,2.29,96.8,Full Moon,99.85,21,"Developed, Open Space",304.951,11,ASO,0.53,El Nino,0.32816416,0.41816673,0.29479164,0.41258338,72.21579,71.84376,72.50376,71.3525,79.3,67.5,71.9,11.9,0.75,4.0,90,2.8,1,100,Moderate or heavy rain shower
777537,2018-09-27 16:00:00,2018-09-27 17:45:00,HARLAN CO.,VERDA,0.69,0.67,VERDA,36.84,-83.22,36.841,-83.2182,2018,105.0,1.75,0,0,0,0,0,0,-8.11,274.19,2018-09-27 11:24:34,2018-09-27 23:22:24,-8.37,77.53,Waning Gibbous,96.13,41,Deciduous Forest,472.033,0,ASO,0.53,El Nino,0.3036954,0.42841664,0.25654164,0.42379162,69.31813,66.468056,69.97806,68.005554,67.6,60.3,63.9,9.3,1.02,4.0,98,0.9,1,100,Moderate or heavy rain shower
777538,2018-09-27 16:00:00,2018-09-27 17:00:00,HARLAN CO.,KENTENIA,0.49,0.53,KENTENIA,36.8056,-83.4054,36.8066,-83.4062,2018,60.0,1.0,0,0,0,0,0,0,-7.96,274.07,2018-09-27 11:25:19,2018-09-27 23:23:09,-8.52,77.41,Waning Gibbous,96.13,21,"Developed, Open Space",362.625,12,ASO,0.53,El Nino,0.28572586,0.42833328,0.23204166,0.42225,70.91896,68.06495,71.57495,69.6212,67.6,60.3,63.9,9.3,1.02,4.0,98,0.9,1,100,Moderate or heavy rain shower
777540,2018-09-27 16:25:00,2018-09-27 17:55:00,BELL CO.,BINGHAMTON,0.92,0.9,BINGHAMTON,36.6363,-83.7145,36.6358,-83.7135,2018,90.0,1.5,0,0,0,0,0,0,-7.71,273.86,2018-09-27 11:26:32,2018-09-27 23:24:25,-8.8,77.25,Waning Gibbous,96.13,41,Deciduous Forest,356.409,0,ASO,0.53,El Nino,0.25477168,0.42641667,0.19079167,0.4169166,71.11063,68.117905,71.80415,69.7304,69.1,60.3,64.6,9.1,1.4,3.0,98,0.9,1,100,Moderate or heavy rain shower
784989,2018-10-04 22:49:00,2018-10-04 23:20:00,FAYETTE CO.,VILEY,0.98,2.18,SOUTH ELKHORN,38.0689,-84.5388,37.9935,-84.5597,2018,31.0,0.52,0,0,0,0,0,0,-9.1,271.74,2018-10-04 11:36:16,2018-10-04 23:16:44,-31.28,342.73,Waning Crescent,32.24,23,"Developed, Medium Intensity",295.786,55,SON,0.81,El Nino,0.37009504,0.36612502,0.3695,0.37345836,69.51106,73.35125,68.465,71.817505,81.0,68.1,73.0,12.1,0.18,4.0,90,3.6,1,100,Heavy rain at times
778480,2018-10-05 02:50:00,2018-10-05 04:25:00,BREATHITT CO.,HARDSHELL,0.83,0.93,HARDSHELL,37.4587,-83.2448,37.4592,-83.2436,2018,95.0,1.58,0,0,0,0,0,0,-10.44,272.17,2018-10-05 11:31:42,2018-10-05 23:10:21,-30.11,328.59,Waning Crescent,21.93,21,"Developed, Open Space",236.599,11,SON,0.81,El Nino,0.28373292,0.33204168,0.26700005,0.32499996,70.339096,73.208755,69.50751,72.23376,83.8,66.4,73.8,4.7,0.02,4.0,86,4.4,1,100,Patchy rain possible
778481,2018-10-05 03:00:00,2018-10-05 04:15:00,KNOTT CO.,TINA,2.47,2.48,TINA,37.402,-83.0402,37.4018,-83.0399,2018,75.0,1.25,0,0,0,0,0,0,-10.61,272.28,2018-10-05 11:30:51,2018-10-05 23:09:34,-30.24,328.78,Waning Crescent,21.93,21,"Developed, Open Space",313.613,10,SON,0.81,El Nino,0.27371213,0.32033333,0.25654167,0.3170417,70.09062,72.97625,69.2375,72.05374,84.7,66.2,73.8,4.9,0.01,4.0,86,4.4,1,100,Patchy rain possible
786073,2018-11-05 23:46:00,2018-11-06 00:30:00,BUTLER CO.,GRANCER,0.64,0.6,GRANCER,37.3076,-86.5433,37.308,-86.5424,2018,44.0,0.73,0,0,20000,0,0,0,-15.29,261.84,2018-11-05 12:14:38,2018-11-05 22:44:26,-29.43,295.86,Waning Crescent,8.63,81,Pasture/Hay,132.303,0,OND,0.97,El Nino,0.49346462,0.4920833,0.49508336,0.4883751,57.52925,55.295002,58.56875,54.710003,63.6,51.1,57.7,13.3,2.17,4.0,88,0.4,1,100,Moderate or heavy rain shower
793876,2018-11-06 00:00:00,2018-11-06 00:30:00,CUMBERLAND CO.,DUBRE,0.96,1.01,DUBRE,36.8367,-85.5652,36.8365,-85.563,2018,30.0,0.5,0,0,0,0,0,0,-16.17,262.0,2018-11-06 12:10:55,2018-11-06 22:40:25,-24.73,283.43,Waning Crescent,3.5,81,Pasture/Hay,195.625,0,OND,0.97,El Nino,0.49403504,0.5002499,0.48904172,0.50908333,58.22319,58.28,58.41875,57.53375,64.3,49.9,58.1,15.4,1.54,5.0,76,1.3,1,100,Moderate or heavy rain shower
798071,2019-02-07 16:30:00,2019-02-07 19:30:00,CAMPBELL CO.,ONEONTA,1.07,0.81,ONEONTA,38.97,-84.32,38.9677,-84.3206,2019,180.0,3.0,0,0,0,0,0,0,-11.3,259.16,2019-02-07 12:37:40,2019-02-07 23:05:36,8.27,247.97,Waxing Crescent,4.06,21,"Developed, Open Space",171.25,3,JFM,0.86,El Nino,0.41806254,0.428375,0.4135417,0.430125,39.098713,49.43375,36.51125,44.525,65.1,37.8,55.0,16.3,1.08,2.0,91,0.2,1,100,Moderate or heavy rain shower
798075,2019-02-07 16:40:00,2019-02-07 19:40:00,CAMPBELL CO.,NEW RICHMOND,0.64,1.11,PERSIMMON GROVE,38.9058,-84.2907,38.9055,-84.35,2019,180.0,3.0,0,0,0,0,0,0,-11.31,259.16,2019-02-07 12:37:26,2019-02-07 23:05:36,8.28,248.0,Waxing Crescent,4.06,81,Pasture/Hay,241.326,0,JFM,0.86,El Nino,0.41937253,0.42875004,0.41516674,0.4306667,40.359688,52.00625,37.295,46.985,64.2,36.1,54.5,16.2,1.02,3.0,91,0.2,1,100,Moderate or heavy rain shower
802943,2019-02-23 13:40:00,2019-02-23 15:00:00,HICKMAN CO.,CLINTON,2.0,2.0,CLINTON,36.67,-88.9439,36.6411,-88.98,2019,80.0,1.33,0,0,0,0,0,0,-2.66,260.59,2019-02-23 12:34:15,2019-02-23 23:44:30,-39.25,59.88,Waning Gibbous,84.34,82,Cultivated Crops,131.471,0,JFM,0.86,El Nino,0.40147796,0.4316667,0.39004162,0.430625,43.56508,49.085,42.5975,45.0425,64.8,46.4,57.4,16.7,1.87,4.0,92,0.7,1,100,Moderate or heavy rain shower
802945,2019-02-23 14:19:00,2019-02-23 18:45:00,CALLOWAY CO.,LYNN GROVE,1.56,0.89,KIRKSEY,36.6076,-88.4565,36.7008,-88.3609,2019,266.0,4.43,0,0,50000,0,0,0,-3.11,260.87,2019-02-23 12:32:14,2019-02-23 23:42:37,-38.95,60.37,Waning Gibbous,84.34,81,Pasture/Hay,170.888,0,JFM,0.86,El Nino,0.4131571,0.43270835,0.40525004,0.43374994,44.111076,49.6175,43.175,45.485,66.1,46.9,57.9,18.0,1.91,4.0,92,0.6,1,100,Moderate or heavy rain shower
802946,2019-02-23 15:41:00,2019-02-23 17:15:00,TRIGG CO.,CADIZ,3.69,2.28,ROCKCASTLE,36.8259,-87.8577,36.9056,-87.9512,2019,94.0,1.57,0,0,25000,0,0,0,-4.4,261.24,2019-02-23 12:30:04,2019-02-23 23:40:00,-38.43,60.76,Waning Gibbous,84.34,11,Open Water,108.15,0,JFM,0.86,El Nino,0.50054675,0.50816673,0.4955416,0.51516664,44.73639,50.4425,43.925,45.61625,63.5,46.6,56.6,16.7,1.8,4.0,93,0.5,1,100,Moderate or heavy rain shower
800058,2019-02-23 16:20:00,2019-02-23 18:20:00,OHIO CO.,HARTFORD,1.65,1.14,HARTFORD,37.45,-86.89,37.4414,-86.8877,2019,120.0,2.0,0,0,0,0,0,0,-5.68,261.87,2019-02-23 12:26:50,2019-02-23 23:35:29,-37.46,61.22,Waning Gibbous,84.34,82,Cultivated Crops,119.486,0,JFM,0.86,El Nino,0.48854673,0.5049166,0.48120832,0.50825006,43.42681,47.329998,42.89,43.96625,63.0,44.8,54.6,14.1,1.49,3.0,93,0.4,1,100,Moderate or heavy rain shower
800059,2019-02-23 16:24:00,2019-02-23 18:24:00,GRAYSON CO.,SHORT CREEK,0.28,0.36,SHORT CREEK,37.5279,-86.4755,37.5284,-86.4738,2019,120.0,2.0,0,0,0,0,0,0,-6.08,262.12,2019-02-23 12:25:16,2019-02-23 23:33:45,-37.14,61.54,Waning Gibbous,84.34,23,"Developed, Medium Intensity",177.687,63,JFM,0.86,El Nino,0.49587378,0.5083749,0.49041662,0.5104166,43.376377,47.01125,42.95375,43.61375,60.9,44.1,53.5,14.2,1.59,4.0,93,0.4,1,100,Moderate or heavy rain shower
800060,2019-02-23 17:10:00,2019-02-23 22:10:00,LOGAN CO.,DANBY,1.95,0.75,COOPERSTOWN,36.8597,-86.9246,36.9137,-86.8641,2019,300.0,5.0,0,0,0,0,0,0,-5.54,261.79,2019-02-23 12:26:22,2019-02-23 23:36:13,-37.77,61.57,Waning Gibbous,84.34,41,Deciduous Forest,188.801,0,JFM,0.86,El Nino,0.5054317,0.5097917,0.50179166,0.5164583,45.129913,49.89125,44.465,45.822502,63.7,46.6,55.9,14.4,1.94,4.0,93,0.4,1,100,Moderate or heavy rain shower
800061,2019-02-23 17:45:00,2019-02-23 23:45:00,ALLEN CO.,MAYNARD,2.32,2.53,MAYNARD,36.78,-86.12,36.7768,-86.1199,2019,360.0,6.0,0,0,0,0,0,0,-6.28,262.25,2019-02-23 12:23:04,2019-02-23 23:33:05,-37.24,62.33,Waning Gibbous,84.34,81,Pasture/Hay,233.968,0,JFM,0.86,El Nino,0.5001513,0.51212496,0.49662507,0.50825,45.76134,49.6175,45.218746,46.33625,61.3,47.1,55.1,14.1,1.99,3.0,93,0.4,1,100,Moderate or heavy rain shower
800062,2019-02-23 17:45:00,2019-02-23 21:45:00,EDMONSON CO.,HUFF,1.14,1.08,HUFF,37.2548,-86.3502,37.2543,-86.3488,2019,240.0,4.0,0,0,0,0,0,0,-6.15,262.17,2019-02-23 12:24:29,2019-02-23 23:33:31,-37.18,61.82,Waning Gibbous,84.34,21,"Developed, Open Space",132.895,5,JFM,0.86,El Nino,0.49580172,0.50966656,0.48958334,0.5125,44.450226,48.30875,43.962498,44.83625,60.9,44.1,53.5,14.2,1.59,4.0,93,0.4,1,100,Moderate or heavy rain shower
800063,2019-02-23 17:58:00,2019-02-23 20:58:00,HART CO.,PERRYVILLE,2.04,1.1,LOGSDON VLY,37.2522,-85.9328,37.2497,-85.942,2019,180.0,3.0,0,0,0,0,0,0,-6.51,262.42,2019-02-23 12:22:49,2019-02-23 23:31:51,-36.89,62.19,Waning Gibbous,84.34,41,Deciduous Forest,153.729,0,JFM,0.86,El Nino,0.49688795,0.5082916,0.49066666,0.51441664,44.516975,48.1775,44.045,44.915,60.6,44.4,53.6,13.3,1.64,5.0,93,0.4,1,100,Moderate or heavy rain shower
802948,2019-02-23 18:10:00,2019-02-23 21:15:00,TODD CO.,TRENTON,1.12,2.73,TRENTON,36.7193,-87.2498,36.72,-87.27,2019,185.0,3.08,0,0,5000,0,0,0,-5.17,261.58,2019-02-23 12:27:31,2019-02-23 23:37:40,-38.06,61.38,Waning Gibbous,84.34,22,"Developed, Low Intensity",178.48,21,JFM,0.86,El Nino,0.49478295,0.5079167,0.48720828,0.51637495,45.706436,49.83125,45.15125,46.235,64.5,47.5,56.8,15.1,1.99,4.0,93,0.4,1,100,Moderate or heavy rain shower
800068,2019-02-23 18:39:00,2019-02-23 20:30:00,MONROE CO.,OTIA,0.69,0.36,OTIA,36.69,-85.57,36.6912,-85.5655,2019,111.0,1.85,0,0,0,0,0,0,-6.75,262.57,2019-02-23 12:20:47,2019-02-23 23:30:58,-36.89,62.87,Waning Gibbous,84.34,11,Open Water,156.07,0,JFM,0.86,El Nino,0.4958296,0.51020825,0.48966673,0.51216674,46.401352,49.5725,45.968754,46.8275,60.4,47.1,54.5,13.1,2.03,4.0,93,0.4,1,100,Moderate or heavy rain shower
800065,2019-02-23 18:39:00,2019-02-23 20:39:00,EDMONSON CO.,WINDYVILLE,1.1,0.88,WINDYVILLE,37.22,-86.35,37.2249,-86.3591,2019,120.0,2.0,0,0,0,0,0,0,-6.14,262.17,2019-02-23 12:24:27,2019-02-23 23:33:33,-37.2,61.85,Waning Gibbous,84.34,41,Deciduous Forest,203.756,0,JFM,0.86,El Nino,0.49580172,0.50966656,0.48958334,0.5125,44.450226,48.30875,43.962498,44.83625,62.8,45.7,55.3,14.5,1.76,4.0,92,0.4,1,100,Moderate or heavy rain shower
800064,2019-02-23 18:39:00,2019-02-23 21:39:00,BUTLER CO.,MONFORD,3.52,1.33,DAVENPORT,37.2255,-86.6187,37.1751,-86.708,2019,180.0,3.0,0,0,0,0,0,0,-5.89,262.01,2019-02-23 12:25:31,2019-02-23 23:34:38,-37.38,61.6,Waning Gibbous,84.34,82,Cultivated Crops,136.78,0,JFM,0.86,El Nino,0.49245718,0.50883335,0.48524997,0.5117083,44.3186,48.4325,43.8125,44.6825,62.7,45.1,55.1,15.7,1.65,4.0,92,0.4,1,100,Moderate or heavy rain shower
800070,2019-02-23 18:39:00,2019-02-23 21:39:00,WARREN CO.,BOWLING GREEN,2.95,0.93,BLUE LEVEL,37.0119,-86.4655,37.0085,-86.4862,2019,180.0,3.0,0,0,0,0,0,0,-6.0,262.08,2019-02-23 12:24:41,2019-02-23 23:34:14,-37.38,61.88,Waning Gibbous,84.34,81,Pasture/Hay,137.654,0,JFM,0.86,El Nino,0.5057383,0.5095833,0.5025416,0.5154167,44.995552,48.6275,44.48,45.5525,62.8,45.7,55.3,14.5,1.76,4.0,92,0.4,1,100,Moderate or heavy rain shower
800069,2019-02-23 18:39:00,2019-02-23 21:39:00,SIMPSON CO.,MIDDLETON,0.28,2.37,MIDDLETON,36.7495,-86.725,36.767,-86.7391,2019,180.0,3.0,0,0,0,0,0,0,-5.71,261.9,2019-02-23 12:25:27,2019-02-23 23:35:32,-37.68,61.82,Waning Gibbous,84.34,82,Cultivated Crops,185.227,0,JFM,0.86,El Nino,0.51167244,0.51087505,0.511375,0.51295835,46.20706,49.5725,45.77,46.583748,62.8,47.1,55.9,14.4,2.08,3.0,93,0.4,1,100,Moderate or heavy rain shower
800071,2019-02-23 18:55:00,2019-02-23 22:55:00,GREEN CO.,GRESHAM,0.94,0.14,HASKINGSVILLE,37.2134,-85.4477,37.1794,-85.3951,2019,240.0,4.0,0,0,0,0,0,0,-6.92,262.7,2019-02-23 12:20:50,2019-02-23 23:29:57,-36.57,62.64,Waning Gibbous,84.34,81,Pasture/Hay,208.566,0,JFM,0.86,El Nino,0.503935,0.509125,0.49987495,0.516125,45.145023,48.455,44.682503,45.6275,60.3,44.2,53.3,15.2,1.52,3.0,93,0.4,1,100,Moderate or heavy rain shower
800075,2019-02-23 19:25:00,2019-02-23 23:25:00,CUMBERLAND CO.,AMANDAVILLE,2.37,6.19,HEGIRA,36.9186,-85.3361,36.6627,-85.187,2019,240.0,4.0,0,0,0,0,0,0,-6.98,262.73,2019-02-23 12:20:05,2019-02-23 23:29:48,-36.63,62.93,Waning Gibbous,84.34,41,Deciduous Forest,270.578,0,JFM,0.86,El Nino,0.51141924,0.5130417,0.51241666,0.5074582,45.51635,48.676254,45.057503,46.036247,60.6,46.9,54.1,15.6,1.96,4.0,93,0.4,1,100,Moderate or heavy rain shower
800078,2019-02-23 19:35:00,2019-02-23 22:35:00,LOGAN CO.,LEWISBURG,0.93,1.92,JERICO,36.9799,-86.9468,36.9931,-86.9508,2019,180.0,3.0,0,0,0,0,0,0,-5.54,261.79,2019-02-23 12:26:35,2019-02-23 23:36:11,-37.73,61.48,Waning Gibbous,84.34,23,"Developed, Medium Intensity",150.739,65,JFM,0.86,El Nino,0.497498,0.5092917,0.4914166,0.51441664,44.82905,49.53875,44.1875,45.45875,63.7,46.6,55.9,14.4,1.94,4.0,93,0.4,1,100,Moderate or heavy rain shower
800080,2019-02-23 19:35:00,2019-02-23 23:35:00,RUSSELL CO.,WHITTLE,1.52,0.94,DECATUR,37.0029,-84.9874,37.1219,-85.0096,2019,240.0,4.0,0,0,0,0,0,0,-7.28,262.95,2019-02-23 12:18:46,2019-02-23 23:28:19,-36.34,63.17,Waning Gibbous,84.34,41,Deciduous Forest,292.364,0,JFM,0.86,El Nino,0.51117545,0.5120416,0.51145834,0.5099167,45.06474,47.963753,44.645004,45.5375,59.5,44.8,52.4,14.1,1.69,3.0,93,0.4,1,100,Moderate or heavy rain shower
800081,2019-02-23 19:50:00,2019-02-23 21:50:00,CLINTON CO.,WAGO,2.07,1.54,WAGO,36.69,-85.17,36.6899,-85.1732,2019,120.0,2.0,0,0,0,0,0,0,-7.09,262.8,2019-02-23 12:19:11,2019-02-23 23:29:22,-36.61,63.22,Waning Gibbous,84.34,81,Pasture/Hay,298.669,0,JFM,0.86,El Nino,0.43308255,0.435375,0.43245837,0.43445837,45.89994,49.51625,45.245,46.940002,60.4,47.3,53.8,13.9,1.9,4.0,93,0.4,1,100,Moderate or heavy rain shower
800073,2019-02-23 20:13:00,2019-02-23 23:13:00,TAYLOR CO.,HOBSON,2.43,2.27,LORAIN,37.3857,-85.3793,37.3799,-85.3866,2019,180.0,3.0,0,0,0,0,0,0,-7.01,262.76,2019-02-23 12:20:44,2019-02-23 23:29:30,-36.45,62.59,Waning Gibbous,84.34,41,Deciduous Forest,221.795,0,JFM,0.86,El Nino,0.50448084,0.5107084,0.5009167,0.51462495,44.114826,47.123753,43.6775,44.61125,60.1,43.9,52.8,12.2,1.56,4.0,93,0.4,1,100,Moderate or heavy rain shower
800083,2019-02-23 20:39:00,2019-02-23 23:39:00,SIMPSON CO.,FRANKLIN,2.35,2.59,FRANKLIN,36.75,-86.59,36.7466,-86.5979,2019,180.0,3.0,0,0,0,0,0,0,-5.84,261.97,2019-02-23 12:24:55,2019-02-23 23:35:00,-37.58,61.94,Waning Gibbous,84.34,82,Cultivated Crops,208.478,0,JFM,0.86,El Nino,0.50579125,0.51150006,0.502125,0.51645833,46.39756,49.61,45.976254,46.771248,62.8,47.1,55.9,14.4,2.08,3.0,93,0.4,1,100,Moderate or heavy rain shower
800085,2019-02-23 21:09:00,2019-02-23 23:09:00,ADAIR CO.,MILLTOWN,0.69,0.81,MILLTOWN,37.13,-85.4,37.1175,-85.3872,2019,120.0,2.0,0,0,0,0,0,0,-6.95,262.72,2019-02-23 12:20:33,2019-02-23 23:29:51,-36.58,62.73,Waning Gibbous,84.34,41,Deciduous Forest,200.686,0,JFM,0.86,El Nino,0.51216626,0.51187503,0.511125,0.5158334,45.190174,48.4925,44.708748,45.739998,60.3,44.8,53.3,13.6,1.5,4.0,93,0.4,1,100,Moderate or heavy rain shower
800087,2019-02-23 21:30:00,2019-02-23 23:30:00,METCALFE CO.,ESTES,0.59,1.95,GOODLUCK,36.9729,-85.486,36.9244,-85.6808,2019,120.0,2.0,0,0,0,0,0,0,-6.86,262.65,2019-02-23 12:20:44,2019-02-23 23:30:21,-36.71,62.76,Waning Gibbous,84.34,41,Deciduous Forest,277.808,0,JFM,0.86,El Nino,0.5119272,0.51270837,0.51258343,0.50941664,45.351086,48.642498,44.86625,45.916252,60.6,45.1,53.7,14.2,1.67,4.0,93,0.4,1,100,Moderate or heavy rain shower
800082,2019-02-23 21:39:00,2019-02-23 23:39:00,GARRARD CO.,CARTERSVILLE,2.15,3.98,CARTERSVILLE,37.51,-84.39,37.5158,-84.3997,2019,120.0,2.0,0,0,0,0,0,0,-7.84,263.37,2019-02-23 12:16:55,2019-02-23 23:25:25,-35.7,63.37,Waning Gibbous,84.34,81,Pasture/Hay,329.493,0,JFM,0.86,El Nino,0.43329254,0.43200004,0.4330416,0.43458334,43.297287,46.17875,42.87125,43.7975,58.4,42.3,50.4,14.5,1.62,3.0,93,0.4,1,100,Moderate or heavy rain shower
800084,2019-02-23 22:07:00,2019-02-24 00:07:00,MADISON CO.,UNION CITY,2.58,2.19,REEDS CROSSING,37.78,-84.24,37.7537,-84.2058,2019,120.0,2.0,0,0,0,0,0,0,-7.99,263.49,2019-02-23 12:16:36,2019-02-23 23:24:32,-35.47,63.33,Waning Gibbous,84.34,21,"Developed, Open Space",283.879,0,JFM,0.86,El Nino,0.42549333,0.4268333,0.4251667,0.42616668,42.666237,45.072502,42.346252,42.96125,56.4,40.5,49.5,13.9,1.52,4.0,94,0.4,1,100,Moderate or heavy rain shower
800228,2019-02-23 22:28:00,2019-02-24 00:45:00,WOLFE CO.,CAMPTON,0.25,0.17,HAZEL GREEN,37.7325,-83.5533,37.7831,-83.4384,2019,137.0,2.28,0,0,65000,0,0,0,-8.53,263.9,2019-02-23 12:13:48,2019-02-23 23:21:50,-35.01,63.94,Waning Gibbous,84.34,81,Pasture/Hay,315.923,0,JFM,0.86,El Nino,0.51344246,0.51000005,0.51441664,0.51125,43.509842,45.777496,43.235,43.69625,56.2,42.8,49.5,10.6,1.8,3.0,94,0.5,1,100,Moderate or heavy rain shower
800086,2019-02-23 22:30:00,2019-02-24 01:30:00,CASEY CO.,WINDSOR,3.09,3.25,WINDSOR,37.1633,-84.8826,37.1445,-84.8858,2019,180.0,3.0,0,0,0,0,0,0,-7.39,263.03,2019-02-23 12:18:31,2019-02-23 23:27:44,-36.2,63.16,Waning Gibbous,84.34,81,Pasture/Hay,279.431,0,JFM,0.86,El Nino,0.5131729,0.51304173,0.51362497,0.5116666,44.7107,47.8175,44.255,45.2375,59.5,44.8,52.4,14.1,1.69,3.0,93,0.4,1,100,Moderate or heavy rain shower
800230,2019-02-23 22:49:00,2019-02-24 00:05:00,MORGAN CO.,BURG,0.38,0.47,BURG,37.7503,-83.223,37.7517,-83.2319,2019,76.0,1.27,0,0,0,0,0,0,-8.8,264.1,2019-02-23 12:12:30,2019-02-23 23:20:30,-34.77,64.21,Waning Gibbous,84.34,41,Deciduous Forest,320.668,0,JFM,0.86,El Nino,0.5100338,0.511125,0.5092084,0.51250005,43.612812,45.815002,43.370003,43.71125,54.5,41.9,48.2,8.1,1.31,2.0,94,0.5,1,100,Moderate or heavy rain shower
800209,2019-02-23 22:49:00,2019-02-24 02:40:00,MAGOFFIN CO.,SALYERSVILLE,0.58,0.36,SALYERSVILLE,37.7461,-83.0605,37.7554,-83.0608,2019,231.0,3.85,0,0,250000,0,0,0,-8.92,264.2,2019-02-23 12:11:51,2019-02-23 23:19:51,-34.66,64.35,Waning Gibbous,84.34,41,Deciduous Forest,307.212,0,JFM,0.86,El Nino,0.43016458,0.43020833,0.42933333,0.43300006,43.550827,46.197502,43.144997,44.06,54.5,41.9,48.2,8.1,1.31,2.0,94,0.5,1,100,Moderate or heavy rain shower
800231,2019-02-23 22:49:00,2019-02-24 00:40:00,MAGOFFIN CO.,FALCON,0.0,0.99,ROYALTON,37.78,-83.0,37.6966,-83.0221,2019,111.0,1.85,0,0,40000,0,0,0,-8.97,264.24,2019-02-23 12:11:38,2019-02-23 23:19:34,-34.6,64.38,Waning Gibbous,84.34,81,Pasture/Hay,295.791,0,JFM,0.86,El Nino,0.42846623,0.42912498,0.4275416,0.43141672,43.350014,46.017498,42.934998,43.88375,54.5,41.9,48.2,8.1,1.31,2.0,94,0.5,1,100,Moderate or heavy rain shower
800223,2019-02-23 22:50:00,2019-02-24 01:15:00,LEE CO.,OLD LNDG,1.56,1.99,OLD LNDG,37.6408,-83.7949,37.6407,-83.787,2019,145.0,2.42,0,0,0,0,0,0,-8.33,263.74,2019-02-23 12:14:40,2019-02-23 23:22:54,-35.22,63.79,Waning Gibbous,84.34,41,Deciduous Forest,304.19,0,JFM,0.86,El Nino,0.43109462,0.4313334,0.4303333,0.43362498,43.1219,45.63875,42.725,43.64375,56.2,42.8,49.5,10.6,1.8,3.0,94,0.5,1,100,Moderate or heavy rain shower
800229,2019-02-23 23:00:00,2019-02-24 00:15:00,JOHNSON CO.,DAWKINS,0.7,0.7,DAWKINS,37.7708,-82.7572,37.7704,-82.7546,2019,75.0,1.25,0,0,0,0,0,0,-9.16,264.38,2019-02-23 12:10:40,2019-02-23 23:18:37,-34.43,64.59,Waning Gibbous,84.34,21,"Developed, Open Space",211.791,4,JFM,0.86,El Nino,0.4290662,0.4308749,0.4280834,0.43183336,43.944874,46.64375,43.475,44.65625,55.2,42.8,49.0,9.5,1.26,4.0,93,0.6,1,100,Moderate or heavy rain shower
800227,2019-02-23 23:30:00,2019-02-24 00:45:00,FLOYD CO.,PRESTONSBURG,4.0,1.48,BONANZA,37.6922,-82.8476,37.6919,-82.8512,2019,75.0,1.25,0,0,35000,0,0,0,-9.09,264.32,2019-02-23 12:10:56,2019-02-23 23:19:03,-34.53,64.56,Waning Gibbous,84.34,21,"Developed, Open Space",214.52,3,JFM,0.86,El Nino,0.43019423,0.43104163,0.42920837,0.43329167,43.92624,46.56875,43.50125,44.502502,55.4,41.7,48.9,9.3,1.4,3.0,93,0.5,1,100,Moderate or heavy rain shower
800225,2019-02-23 23:35:00,2019-02-24 00:55:00,MARTIN CO.,DEBORD,1.22,1.09,DEBORD,37.8465,-82.5583,37.8475,-82.5554,2019,80.0,1.33,0,0,0,0,0,0,-9.33,264.51,2019-02-23 12:09:57,2019-02-23 23:17:44,-34.26,64.71,Waning Gibbous,84.34,21,"Developed, Open Space",216.276,10,JFM,0.86,El Nino,0.42778042,0.42941666,0.42679164,0.430625,43.978516,46.62125,43.46375,44.862503,55.2,42.8,49.0,9.5,1.26,4.0,93,0.5,1,100,Moderate or heavy rain shower
800088,2019-02-23 23:39:00,2019-02-24 02:39:00,LINCOLN CO.,CHICKEN BRISTLE,2.14,1.81,CHICKEN BRISTLE,37.51,-84.77,37.5129,-84.7788,2019,180.0,3.0,0,0,0,0,0,0,-7.53,263.14,2019-02-23 12:18:26,2019-02-23 23:26:56,-35.96,63.04,Waning Gibbous,84.34,81,Pasture/Hay,298.543,0,JFM,0.86,El Nino,0.4309992,0.43041667,0.430375,0.43333337,43.099327,46.4075,42.59375,43.73,59.2,42.4,51.3,14.5,1.52,3.0,93,0.4,1,100,Moderate or heavy rain shower
800089,2019-02-23 23:40:00,2019-02-24 02:40:00,LARUE CO.,BUFFALO,1.61,1.63,BUFFALO,37.5055,-85.7231,37.5075,-85.717,2019,180.0,3.0,0,0,0,0,0,0,-6.73,262.57,2019-02-23 12:22:14,2019-02-23 23:30:45,-36.63,62.21,Waning Gibbous,84.34,22,"Developed, Low Intensity",221.813,12,JFM,0.86,El Nino,0.40179625,0.42737505,0.39254165,0.42499995,42.938713,46.72625,42.3725,43.6175,59.7,43.5,52.2,16.8,1.45,4.0,94,0.4,1,100,Moderate or heavy rain shower
800221,2019-02-23 23:42:00,2019-02-24 01:45:00,WOLFE CO.,BETHANY,0.42,0.54,BETHANY,37.6444,-83.477,37.6523,-83.4794,2019,123.0,2.05,0,0,15000,0,0,0,-8.58,263.93,2019-02-23 12:13:24,2019-02-23 23:21:37,-35.0,64.06,Waning Gibbous,84.34,41,Deciduous Forest,244.746,0,JFM,0.86,El Nino,0.51366836,0.5112083,0.5143333,0.5122083,43.901978,46.1675,43.61375,44.135,55.6,42.4,48.9,9.7,1.62,3.0,94,0.6,1,100,Moderate or heavy rain shower
800220,2019-02-23 23:45:00,2019-02-24 01:00:00,BREATHITT CO.,PAXTON,1.23,1.79,PAXTON,37.6629,-83.4137,37.6629,-83.4035,2019,75.0,1.25,0,0,0,0,0,0,-8.64,263.97,2019-02-23 12:13:10,2019-02-23 23:21:21,-34.94,64.1,Waning Gibbous,84.34,41,Deciduous Forest,307.14,0,JFM,0.86,El Nino,0.43253878,0.432,0.43225002,0.4337084,43.469635,46.06625,43.0625,44.0,55.6,42.4,48.9,9.7,1.62,3.0,94,0.6,1,100,Moderate or heavy rain shower
800222,2019-02-23 23:45:00,2019-02-24 01:20:00,WOLFE CO.,LEE CITY,0.0,0.28,LEE CITY,37.73,-83.33,37.7311,-83.3329,2019,95.0,1.58,0,0,30000,0,0,0,-8.71,264.03,2019-02-23 12:12:54,2019-02-23 23:20:57,-34.85,64.13,Waning Gibbous,84.34,81,Pasture/Hay,293.344,0,JFM,0.86,El Nino,0.5133591,0.51016676,0.51433337,0.5110833,43.6481,45.878746,43.38875,43.79375,55.6,42.4,48.9,9.7,1.62,3.0,94,0.6,1,100,Moderate or heavy rain shower
800226,2019-02-23 23:54:00,2019-02-24 00:54:00,MORGAN CO.,MIZE,0.29,0.4,MIZE,37.8669,-83.3665,37.8647,-83.3712,2019,60.0,1.0,0,0,0,0,0,0,-8.69,264.03,2019-02-23 12:13:12,2019-02-23 23:20:57,-34.82,64.02,Waning Gibbous,84.34,21,"Developed, Open Space",252.665,11,JFM,0.86,El Nino,0.5106629,0.5067917,0.51120836,0.5100833,43.269688,45.455,43.04,43.32875,56.8,41.5,48.9,8.9,1.32,4.0,93,0.4,1,100,Moderate or heavy rain shower
800090,2019-02-24 00:04:00,2019-02-24 03:04:00,LARUE CO.,HODGENVILLE,2.14,0.86,HODGENVILLE,37.5831,-85.7146,37.5925,-85.7246,2019,180.0,3.0,0,0,0,0,0,0,-6.54,262.9,2019-02-24 12:20:58,2019-02-24 23:31:40,-48.36,54.73,Waning Gibbous,75.29,41,Deciduous Forest,229.574,0,JFM,0.86,El Nino,0.41475043,0.40941668,0.41258332,0.42395833,44.47456,49.471252,42.987503,47.9075,61.7,35.3,46.0,18.3,0.07,6.0,68,2.8,1,100,Overcast
800224,2019-02-24 00:50:00,2019-02-24 02:10:00,POWELL CO.,VAUGHNS MILL,1.39,1.28,KNOWLTON,37.7998,-83.9203,37.8147,-83.7924,2019,80.0,1.33,0,0,0,0,0,0,-8.05,264.01,2019-02-24 12:14:01,2019-02-24 23:24:16,-47.09,56.5,Waning Gibbous,75.29,41,Deciduous Forest,385.574,0,JFM,0.86,El Nino,0.42371377,0.41224995,0.424125,0.42612496,44.810974,50.25125,43.33625,48.05375,60.4,35.8,48.1,19.3,0.29,5.0,72,2.4,1,100,Overcast
807424,2019-03-14 03:22:00,2019-03-14 09:00:00,GRAVES CO.,MAYFIELD,1.28,1.1,MAYFIELD,36.7263,-88.6073,36.7213,-88.6539,2019,338.0,5.63,0,0,25000,0,0,0,-0.25,267.23,2019-03-14 12:06:51,2019-03-14 00:00:07,72.03,198.23,First Quarter,45.41,24,"Developed, High Intensity",148.041,81,FMA,0.84,El Nino,0.38582584,0.42508337,0.37,0.42699996,48.040398,60.455006,44.6825,55.415,70.9,48.3,63.3,21.7,2.68,4.0,72,4.2,1,100,Moderate or heavy rain shower
807432,2019-03-14 07:21:00,2019-03-14 10:00:00,HENDERSON CO.,HENDERSON,1.55,1.46,HENDERSON,37.8303,-87.5516,37.8618,-87.5422,2019,159.0,2.65,0,0,10000,0,0,0,-0.93,267.9,2019-03-14 12:02:52,2019-03-14 23:56:35,70.69,200.17,First Quarter,45.41,82,Cultivated Crops,116.935,0,FMA,0.84,El Nino,0.37344003,0.42,0.35620832,0.41699997,45.116,57.21875,41.91875,52.04375,69.6,49.8,63.2,23.0,2.24,5.0,72,3.6,1,100,Moderate or heavy rain shower
816147,2019-05-31 13:58:00,2019-05-31 14:58:00,MONTGOMERY CO.,BEAN,1.68,1.48,BEAN,37.9579,-83.7907,37.9583,-83.7935,2019,60.0,1.0,0,0,0,0,0,0,8.26,291.39,2019-05-31 10:14:37,2019-05-31 00:50:43,-31.56,307.9,Waning Crescent,12.92,81,Pasture/Hay,254.193,0,AMJ,0.64,El Nino,0.21720213,0.35370827,0.20100003,0.22725002,65.11047,67.64375,64.0925,67.75625,73.0,62.1,66.9,7.6,0.43,2.0,88,6.3,1,100,Moderate or heavy rain shower
817484,2019-06-06 16:08:00,2019-06-06 19:30:00,ROCKCASTLE CO.,BRODHEAD,0.23,0.02,BRODHEAD,37.4033,-84.421,37.4115,-84.4196,2019,202.0,3.37,0,0,125000,0,0,0,9.15,291.58,2019-06-06 10:16:50,2019-06-06 00:55:34,36.27,271.1,Waxing Crescent,8.38,22,"Developed, Low Intensity",282.96,10,MJJ,0.52,El Nino,0.30151835,0.39895836,0.29541665,0.28995833,66.42845,72.158745,64.707504,70.418755,80.0,66.0,71.4,6.9,0.41,3.0,94,4.6,1,100,Moderate or heavy rain shower
817486,2019-06-06 17:28:00,2019-06-06 20:05:00,POWELL CO.,NADA,2.14,3.06,SLADE,37.8,-83.75,37.8,-83.7,2019,157.0,2.62,0,0,150000,0,0,0,8.81,291.9,2019-06-06 10:13:00,2019-06-06 00:54:02,35.74,271.2,Waxing Crescent,8.38,41,Deciduous Forest,341.976,0,MJJ,0.52,El Nino,0.22972918,0.36591664,0.2094584,0.25383332,65.67883,71.198746,64.02875,69.49625,81.3,65.2,72.5,6.5,0.48,4.0,91,4.6,1,100,Moderate or heavy rain shower
817487,2019-06-06 19:04:00,2019-06-06 21:04:00,MENIFEE CO.,SUDITH,0.6,0.58,SUDITH,38.0275,-83.6357,38.0285,-83.6359,2019,120.0,2.0,0,0,0,0,0,0,8.81,291.94,2019-06-06 10:11:53,2019-06-06 00:54:14,35.65,271.1,Waxing Crescent,8.38,21,"Developed, Open Space",224.64,16,MJJ,0.52,El Nino,0.20719127,0.35487497,0.17587505,0.26533335,65.39274,71.165,63.728752,69.17375,79.3,64.4,71.9,7.8,0.37,4.0,89,5.5,1,100,Heavy rain at times
818106,2019-06-06 20:50:00,2019-06-06 22:50:00,NICHOLAS CO.,MIRANDA,1.63,1.5,MIRANDA,38.28,-84.0,38.2813,-83.991,2019,120.0,2.0,0,0,0,0,0,0,9.17,291.69,2019-06-06 10:12:36,2019-06-06 00:56:26,35.95,270.69,Waxing Crescent,8.38,41,Deciduous Forest,290.086,0,MJJ,0.52,El Nino,0.21529543,0.3577917,0.17945836,0.29066667,65.10489,71.32625,63.327503,69.125,78.4,64.8,71.9,8.3,0.24,4.0,89,7.3,1,100,Moderate or heavy rain shower
818108,2019-06-06 20:50:00,2019-06-06 22:50:00,NICHOLAS CO.,HENRYVILLE,1.45,0.82,HENRYVILLE,38.3363,-84.0044,38.3456,-84.0043,2019,120.0,2.0,0,0,0,0,0,0,9.19,291.68,2019-06-06 10:12:27,2019-06-06 00:56:37,35.95,270.65,Waxing Crescent,8.38,41,Deciduous Forest,257.539,0,MJJ,0.52,El Nino,0.23443581,0.37020835,0.19862501,0.31195834,65.05112,71.27,63.31625,68.926254,78.4,64.8,71.9,8.3,0.24,4.0,89,7.3,1,100,Moderate or heavy rain shower
818107,2019-06-06 20:50:00,2019-06-06 22:50:00,NICHOLAS CO.,CARLISLE,1.08,0.52,CARLISLE,38.32,-84.01,38.3142,-84.0023,2019,120.0,2.0,0,0,0,0,0,0,9.19,291.68,2019-06-06 10:12:31,2019-06-06 00:56:36,35.96,270.66,Waxing Crescent,8.38,81,Pasture/Hay,263.994,0,MJJ,0.52,El Nino,0.23443581,0.37020835,0.19862501,0.31195834,65.05112,71.27,63.31625,68.926254,78.4,64.8,71.9,8.3,0.24,4.0,89,7.3,1,100,Moderate or heavy rain shower
841434,2019-06-07 12:45:00,2019-06-07 14:45:00,CUMBERLAND CO.,AMANDAVILLE,1.38,2.37,AMANDAVILLE,36.92,-85.3,36.9036,-85.3211,2019,120.0,2.0,0,0,0,0,0,0,9.72,291.23,2019-06-07 10:21:32,2019-06-07 00:58:17,47.74,259.87,Waxing Crescent,15.86,41,Deciduous Forest,227.683,0,MJJ,0.52,El Nino,0.33644295,0.47804165,0.31425008,0.36533332,67.40296,69.878746,66.274994,70.445,73.8,65.2,69.0,8.9,2.64,4.0,96,3.8,1,100,Moderate or heavy rain shower
818658,2019-06-09 23:30:00,2019-06-10 00:00:00,JACKSON CO.,NATHANTON,0.71,0.73,NATHANTON,37.3599,-83.8717,37.3594,-83.8718,2019,30.0,0.5,0,0,0,0,0,0,9.01,292.05,2019-06-09 10:14:15,2019-06-09 00:54:55,61.25,220.5,Waxing Crescent,35.88,21,"Developed, Open Space",333.323,11,MJJ,0.52,El Nino,0.35748836,0.49220833,0.3155,0.4565417,66.108955,70.955,64.771255,69.08,79.7,65.7,71.7,6.7,0.37,4.0,93,5.6,1,100,Moderate or heavy rain shower
830794,2019-06-16 02:00:00,2019-06-16 04:00:00,CAMPBELL CO.,BELLEVUE,0.0,0.62,BELLEVUE,39.08,-84.45,39.0789,-84.4594,2019,120.0,2.0,0,0,0,0,0,0,10.59,291.6,2019-06-16 10:11:05,2019-06-16 01:05:39,3.98,118.36,Full Moon,97.91,41,Deciduous Forest,243.659,0,MJJ,0.52,El Nino,0.34928462,0.4000834,0.34091675,0.36104164,64.905045,71.24376,63.323753,68.213745,81.5,67.8,73.4,12.3,1.12,5.0,88,5.8,1,100,Moderate or heavy rain shower
830818,2019-06-16 02:00:00,2019-06-16 04:00:00,KENTON CO.,PARK HILLS,0.75,0.72,PARK HILLS,39.0764,-84.5187,39.0774,-84.5193,2019,120.0,2.0,0,0,0,0,0,0,10.64,291.56,2019-06-16 10:11:23,2019-06-16 01:05:55,3.93,118.31,Full Moon,97.91,24,"Developed, High Intensity",151.779,85,MJJ,0.52,El Nino,0.34386417,0.40354168,0.33166662,0.36579168,64.61432,71.003746,63.027496,67.925,81.5,67.8,73.4,12.3,1.12,5.0,88,5.8,1,100,Moderate or heavy rain shower
830812,2019-06-16 02:00:00,2019-06-16 04:00:00,BOONE CO.,CONSTANCE,4.83,4.79,CONSTANCE,39.07,-84.49,39.0693,-84.4896,2019,120.0,2.0,0,0,15000,0,0,0,10.61,291.58,2019-06-16 10:11:17,2019-06-16 01:05:47,3.95,118.33,Full Moon,97.91,22,"Developed, Low Intensity",171.868,35,MJJ,0.52,El Nino,0.34928462,0.4000834,0.34091675,0.36104164,64.905045,71.24376,63.323753,68.213745,81.5,67.8,73.4,12.3,1.12,5.0,88,5.8,1,100,Moderate or heavy rain shower
820090,2019-06-17 15:30:00,2019-06-17 17:45:00,CLAY CO.,BURNING SPGS,0.46,0.77,BURNING SPGS,37.2444,-83.8045,37.2443,-83.8099,2019,135.0,2.25,0,0,75000,0,0,0,9.5,292.26,2019-06-17 10:14:13,2019-06-17 00:57:48,-5.25,112.75,Full Moon,99.82,41,Deciduous Forest,339.953,0,MJJ,0.52,El Nino,0.3223267,0.3401667,0.30858335,0.36349997,66.74679,73.80875,64.520004,72.027504,83.0,67.4,73.7,5.6,0.27,4.0,92,10.0,1,100,Moderate or heavy rain shower
825734,2019-06-17 21:00:00,2019-06-17 23:00:00,PENDLETON CO.,FALMOUTH,0.32,0.37,FALMOUTH,38.6657,-84.332,38.6666,-84.3312,2019,120.0,2.0,0,0,25000,0,0,0,10.41,291.74,2019-06-17 10:12:00,2019-06-17 01:04:14,-6.37,112.32,Full Moon,99.82,22,"Developed, Low Intensity",174.151,4,MJJ,0.52,El Nino,0.37464917,0.41141674,0.3714583,0.37333333,64.62815,71.026245,62.708755,69.07625,81.5,66.0,72.1,6.7,1.26,4.0,90,4.2,1,100,Moderate or heavy rain shower
825735,2019-06-17 23:30:00,2019-06-18 01:30:00,MASON CO.,LEWISBURG,0.33,0.55,LEWISBURG,38.5547,-83.7694,38.5569,-83.7695,2019,120.0,2.0,0,0,25000,0,0,0,9.97,292.08,2019-06-17 10:10:06,2019-06-17 01:01:38,-5.86,112.67,Full Moon,99.82,81,Pasture/Hay,253.272,0,MJJ,0.52,El Nino,0.3174621,0.3818333,0.30349997,0.34387505,64.753624,71.17625,62.761253,69.44375,80.5,65.4,72.2,7.6,0.59,3.0,91,4.7,1,100,Heavy rain at times
841810,2019-06-18 17:01:00,2019-06-18 19:01:00,JEFFERSON CO.,INDIAN HILLS,2.8,2.36,INDIAN HILLS,38.27,-85.7,38.274,-85.7013,2019,120.0,2.0,0,0,0,0,0,0,11.32,291.02,2019-06-18 10:18:49,2019-06-18 01:08:49,-17.55,105.36,Full Moon,99.55,21,"Developed, Open Space",131.454,11,MJJ,0.52,El Nino,0.3894062,0.414875,0.38233328,0.40516666,68.080666,73.895,66.42876,71.80625,79.6,67.6,72.5,8.3,0.6,4.0,92,6.0,1,100,Moderate or heavy rain shower
841811,2019-06-18 17:30:00,2019-06-18 19:30:00,JEFFERSON CO.,INDIAN HILLS,0.95,0.99,INDIAN HILLS,38.277,-85.667,38.2747,-85.6705,2019,120.0,2.0,0,0,0,0,0,0,11.29,291.04,2019-06-18 10:18:39,2019-06-18 01:08:42,-17.53,105.38,Full Moon,99.55,41,Deciduous Forest,143.583,0,MJJ,0.52,El Nino,0.36306834,0.41283333,0.34804168,0.39799997,67.64469,73.32875,65.997505,71.39749,79.6,67.6,72.5,8.3,0.6,4.0,92,6.0,1,100,Moderate or heavy rain shower
833069,2019-06-19 15:45:00,2019-06-19 17:30:00,BOYD CO.,SUMMIT,0.7,0.69,SUMMIT,38.4348,-82.7113,38.4367,-82.6955,2019,105.0,1.75,0,0,2000,0,0,0,9.27,292.68,2019-06-19 10:06:29,2019-06-19 00:57:40,-25.0,100.08,Full Moon,97.23,23,"Developed, Medium Intensity",210.901,59,MJJ,0.52,El Nino,0.29201332,0.38970837,0.262625,0.3602084,65.94864,71.854996,64.32875,69.533745,83.9,64.6,73.2,5.6,0.42,5.0,88,6.3,1,100,Heavy rain at times
820120,2019-06-19 19:05:00,2019-06-19 20:05:00,PIKE CO.,EDGEWATER MINE,1.1,1.01,ASHCAMP,37.28,-82.45,37.278,-82.448,2019,60.0,1.0,0,0,2000,0,0,0,8.64,292.99,2019-06-19 10:08:57,2019-06-19 00:53:06,-24.59,100.73,Full Moon,97.23,41,Deciduous Forest,492.182,0,MJJ,0.52,El Nino,0.22942708,0.3510833,0.20062496,0.28762498,65.286575,70.76375,63.7625,68.68625,77.7,62.4,69.4,6.9,0.75,4.0,89,6.9,1,100,Moderate or heavy rain shower
820151,2019-06-20 07:28:00,2019-06-20 08:48:00,WHITLEY CO.,CORBIN,1.0,1.01,CORBIN,36.9538,-84.0825,36.9539,-84.0821,2019,80.0,1.33,0,0,0,0,0,0,9.75,292.12,2019-06-20 10:16:38,2019-06-20 00:58:56,-35.0,92.26,Waning Gibbous,93.08,24,"Developed, High Intensity",331.831,87,MJJ,0.52,El Nino,0.34798086,0.47795835,0.3239999,0.386875,66.89357,69.89,65.66376,70.11125,74.4,64.8,69.1,13.2,0.65,4.0,93,4.8,1,100,Moderate or heavy rain shower
829439,2019-06-21 17:30:00,2019-06-21 21:30:00,WEBSTER CO.,PROVIDENCE,0.0,1.35,WEBSTER CO ARPT,37.4,-87.77,37.4045,-87.7217,2019,240.0,4.0,0,0,0,0,0,0,12.68,289.99,2019-06-21 10:30:15,2019-06-21 01:15:16,-46.14,79.63,Waning Gibbous,87.35,41,Deciduous Forest,147.058,0,MJJ,0.52,El Nino,0.34502837,0.3697084,0.3362083,0.36704168,69.696236,74.105,68.4575,72.47375,86.5,63.7,73.7,10.2,0.44,5.0,86,12.4,1,100,Moderate or heavy rain shower
829280,2019-06-22 15:48:00,2019-06-22 19:30:00,WEBSTER CO.,DIXON,0.55,0.37,SHELTON,37.52,-87.69,37.5356,-87.7796,2019,222.0,3.7,0,0,0,0,0,0,12.7,289.98,2019-06-22 10:29:47,2019-06-22 01:15:32,-52.88,66.34,Waning Gibbous,80.32,81,Pasture/Hay,125.682,0,MJJ,0.52,El Nino,0.4649233,0.4962083,0.45037505,0.50437504,67.8197,72.11,66.545006,70.76,83.7,67.5,74.9,9.2,0.95,5.0,90,9.7,1,100,Moderate or heavy rain shower
829273,2019-06-23 13:15:00,2019-06-23 19:00:00,DAVIESS CO.,ANDERSONVILLE,0.0,0.0,WEST LOUISVILLE,37.62,-87.08,37.7,-87.28,2019,345.0,5.75,0,0,0,0,0,0,12.32,290.26,2019-06-23 10:27:18,2019-06-23 01:13:35,-57.19,49.91,Waning Gibbous,72.25,82,Cultivated Crops,119.575,0,MJJ,0.52,El Nino,0.38247463,0.39345834,0.37758324,0.39558336,69.138016,74.240005,67.7675,72.136246,84.4,67.3,76.1,12.5,0.27,5.0,89,9.5,1,100,Moderate or heavy rain shower
829262,2019-06-26 21:31:00,2019-06-27 04:00:00,DAVIESS CO.,WHITESVILLE,0.0,0.0,KNOTTSVILLE,37.68,-86.88,37.7618,-86.8557,2019,389.0,6.48,0,0,10000,0,0,0,12.28,290.22,2019-06-26 10:27:13,2019-06-26 01:13:22,-53.16,351.81,Waning Crescent,44.42,82,Cultivated Crops,134.142,0,MJJ,0.52,El Nino,0.3646237,0.37012497,0.35829163,0.3845,68.91212,74.1725,67.47125,72.098755,87.1,66.6,76.8,7.3,0.49,4.0,84,11.9,1,100,Overcast
841624,2019-06-26 21:51:00,2019-06-26 23:51:00,OHIO CO.,HAYNESVILLE,0.84,1.34,HAYNESVILLE,37.6869,-86.7573,37.6817,-86.7622,2019,120.0,2.0,0,0,0,0,0,0,12.19,290.29,2019-06-26 10:26:43,2019-06-26 01:12:54,-53.16,352.02,Waning Crescent,44.42,21,"Developed, Open Space",139.939,18,MJJ,0.52,El Nino,0.38945794,0.3620417,0.39337507,0.38516667,68.609566,74.045006,67.14875,71.80625,86.0,66.4,75.9,7.4,0.11,4.0,83,12.5,1,100,Partly cloudy
841625,2019-06-26 21:58:00,2019-06-26 23:00:00,OHIO CO.,HORTON,0.88,0.61,HORTON,37.44,-86.79,37.4395,-86.7852,2019,62.0,1.03,0,0,0,0,0,0,12.13,290.32,2019-06-26 10:27:35,2019-06-26 01:12:17,-53.4,351.92,Waning Crescent,44.42,41,Deciduous Forest,130.544,0,MJJ,0.52,El Nino,0.48463878,0.45874998,0.48954162,0.47645828,68.5763,74.43126,66.995,72.04625,87.1,66.6,76.8,7.3,0.49,4.0,84,11.9,1,100,Overcast
841628,2019-06-26 22:01:00,2019-06-26 23:31:00,OHIO CO.,ROB ROY,0.55,0.51,ROB ROY,37.38,-86.79,37.3733,-86.7827,2019,90.0,1.5,0,0,0,0,0,0,12.11,290.33,2019-06-26 10:27:46,2019-06-26 01:12:06,-53.46,351.91,Waning Crescent,44.42,82,Cultivated Crops,142.739,0,MJJ,0.52,El Nino,0.48315248,0.45487502,0.4882915,0.4749584,68.74869,74.525,67.175,72.21875,87.1,66.6,76.8,7.3,0.49,4.0,84,11.9,1,100,Overcast
841629,2019-06-26 23:00:00,2019-06-26 23:59:00,LOGAN CO.,AUBURN,0.88,0.38,AUBURN,36.86,-86.71,36.8637,-86.7139,2019,59.0,0.98,0,0,0,0,0,0,11.87,290.48,2019-06-26 10:28:59,2019-06-26 01:10:15,-53.98,351.94,Waning Crescent,44.42,24,"Developed, High Intensity",194.417,81,MJJ,0.52,El Nino,0.43820667,0.4546666,0.42850006,0.46599996,69.75612,75.57125,68.104996,73.478745,87.2,67.3,76.7,6.7,0.53,5.0,82,12.5,1,100,Cloudy
841631,2019-06-26 23:44:00,2019-06-27 02:00:00,LOGAN CO.,BEECHLAND,3.08,2.49,BEECHLAND,37.05,-86.85,37.0456,-86.8469,2019,136.0,2.27,0,0,0,0,0,0,12.04,290.37,2019-06-26 10:28:59,2019-06-26 01:11:22,-53.77,351.74,Waning Crescent,44.42,21,"Developed, Open Space",149.668,0,MJJ,0.52,El Nino,0.44314876,0.44000003,0.438625,0.45970833,69.53784,75.725,67.83501,73.31374,88.0,67.0,76.7,7.2,0.36,4.0,83,12.5,1,100,Cloudy
826058,2019-06-30 22:40:00,2019-06-30 23:59:00,LAUREL CO.,(LOZ)MCGEE FLD LONDO,2.0,0.28,LESBAS,37.0997,-84.0535,37.108,-84.008,2019,79.0,1.32,0,0,2500,0,0,0,10.04,291.63,2019-06-30 10:19:11,2019-06-30 01:00:29,-21.46,312.04,Waning Crescent,9.87,11,Open Water,362.908,0,MJJ,0.52,El Nino,0.31436583,0.3175833,0.3069167,0.3388333,70.00246,77.3225,67.73,75.35375,86.9,67.6,77.0,6.0,0.17,4.0,87,11.0,1,100,Patchy rain possible
826065,2019-07-02 14:15:00,2019-07-02 16:15:00,PULASKI CO.,OAK HILL,1.31,1.25,SHEPOLA,37.0585,-84.6512,37.059,-84.6514,2019,120.0,2.0,0,0,0,0,0,0,10.46,291.15,2019-07-02 10:22:36,2019-07-02 01:02:39,0.58,296.75,New Moon,0.89,22,"Developed, Low Intensity",289.481,22,JJA,0.33,Neutral,0.29633036,0.2887917,0.28700006,0.33083335,71.36364,78.76625,69.0875,76.7,88.5,70.5,78.8,6.0,0.09,4.0,84,12.8,1,100,Moderate or heavy rain shower
843677,2019-07-03 14:30:00,2019-07-03 16:30:00,HARRISON CO.,CYNTHIANA,1.28,0.83,CYNTHIANA,38.3953,-84.3132,38.3997,-84.2718,2019,120.0,2.0,0,0,0,0,0,0,10.69,291.02,2019-07-03 10:17:47,2019-07-03 01:05:10,11.41,288.92,New Moon,0.05,22,"Developed, Low Intensity",218.306,49,JJA,0.33,Neutral,0.26396665,0.2165417,0.27195832,0.25237498,70.81408,76.853745,68.869995,75.46625,84.0,68.8,76.0,6.9,0.19,5.0,88,10.2,1,100,Moderate or heavy rain shower
843679,2019-07-03 15:08:00,2019-07-03 17:08:00,BOURBON CO.,ESCONDIDA,1.23,1.38,ESCONDIDA,38.1331,-84.2078,38.1438,-84.2175,2019,120.0,2.0,0,0,0,0,0,0,10.51,291.13,2019-07-03 10:18:09,2019-07-03 01:03:57,11.25,289.03,New Moon,0.05,81,Pasture/Hay,264.073,0,JJA,0.33,Neutral,0.2587175,0.22774999,0.26645824,0.24249999,70.768105,77.003746,68.77626,75.51875,84.4,68.9,76.0,7.8,0.13,4.0,87,10.3,1,100,Heavy rain at times
833022,2019-07-04 13:30:00,2019-07-04 15:45:00,HOPKINS CO.,EAST DIAMOND,1.72,0.51,MADISONVILLE,37.3517,-87.4654,37.33,-87.5364,2019,135.0,2.25,0,0,0,0,0,0,12.63,289.37,2019-07-04 10:34:00,2019-07-04 01:14:32,24.37,278.62,New Moon,2.0,22,"Developed, Low Intensity",146.365,38,JJA,0.33,Neutral,0.41699335,0.44283333,0.4254167,0.37950006,73.56785,78.94624,71.94876,77.32625,88.9,70.0,79.6,6.0,0.02,5.0,83,12.8,1,100,Patchy rain possible
833025,2019-07-04 14:16:00,2019-07-04 16:00:00,CRITTENDEN CO.,MARION,0.0,1.0,MARION,37.33,-88.08,37.33,-88.0618,2019,104.0,1.73,0,0,0,0,0,0,13.09,289.04,2019-07-04 10:36:32,2019-07-04 01:16:56,24.85,278.29,New Moon,2.0,22,"Developed, Low Intensity",187.087,30,JJA,0.33,Neutral,0.29394963,0.28320837,0.30212504,0.2695,72.512825,78.54125,70.77875,76.448746,88.5,70.5,79.3,6.9,0.02,4.0,85,13.2,1,100,Patchy rain possible
826086,2019-07-07 14:46:00,2019-07-07 14:46:00,KNOX CO.,WARREN,1.2,1.11,WARREN,36.7441,-83.8504,36.7415,-83.8468,2019,0.0,0.0,0,0,6000,0,0,0,9.67,291.16,2019-07-07 10:22:54,2019-07-07 00:57:47,48.14,240.73,Waxing Crescent,23.13,41,Deciduous Forest,321.831,0,JJA,0.33,Neutral,0.1949771,0.20170833,0.19983333,0.17608334,73.23508,79.53575,71.33825,77.63826,87.2,69.1,78.0,4.7,0.29,4.0,83,12.8,1,100,Moderate or heavy rain shower
826087,2019-07-07 15:15:00,2019-07-07 16:45:00,BELL CO.,DAVISBURG,2.12,2.62,DAVISBURG,36.7019,-83.8468,36.7041,-83.8484,2019,90.0,1.5,0,0,5000,0,0,0,9.65,291.17,2019-07-07 10:23:00,2019-07-07 00:57:39,48.16,240.78,Waxing Crescent,23.13,41,Deciduous Forest,354.974,0,JJA,0.33,Neutral,0.1949771,0.20170833,0.19983333,0.17608334,73.09468,79.39535,71.197845,77.497856,88.7,70.3,77.4,4.0,0.22,5.0,82,13.0,1,100,Moderate or heavy rain shower
833222,2019-07-10 14:02:00,2019-07-10 15:30:00,HOPKINS CO.,MADISONVILLE,2.0,2.0,MADISONVILLE,37.359,-87.5,37.33,-87.5364,2019,88.0,1.47,0,0,4000,0,0,0,12.49,288.7,2019-07-10 10:37:33,2019-07-10 01:13:17,47.16,173.25,Waxing Gibbous,56.24,23,"Developed, Medium Intensity",138.817,17,JJA,0.33,Neutral,0.39657715,0.36070833,0.408375,0.36808333,75.549805,83.43874,73.317505,80.57375,91.0,73.5,82.5,3.4,0.02,5.0,80,13.0,1,100,Patchy rain possible
833223,2019-07-10 15:25:00,2019-07-10 17:00:00,MCCRACKEN CO.,PADUCAH,2.0,0.0,(PAH)BARKLEY ARPT PA,37.08,-88.6663,37.07,-88.77,2019,95.0,1.58,0,0,0,0,0,0,13.28,288.12,2019-07-10 10:43:00,2019-07-10 01:17:10,47.31,171.48,Waxing Gibbous,56.24,81,Pasture/Hay,113.433,0,JJA,0.33,Neutral,0.2915955,0.25466672,0.30020833,0.27437496,77.14497,84.3875,75.034996,81.965,90.3,74.9,82.4,5.1,0.19,5.0,81,12.3,1,100,Moderate or heavy rain shower
826439,2019-07-11 15:57:00,2019-07-11 17:45:00,MONTGOMERY CO.,EWINGTON,1.68,1.41,EWINGTON,38.0829,-83.9306,38.0841,-83.9308,2019,108.0,1.8,0,0,0,0,0,0,10.04,290.43,2019-07-11 10:21:51,2019-07-11 01:00:43,40.15,163.18,Waxing Gibbous,66.99,23,"Developed, Medium Intensity",284.541,50,JJA,0.33,Neutral,0.23688793,0.21954168,0.24612497,0.21099997,72.70869,78.136246,70.89875,77.104996,87.8,71.4,77.4,8.5,0.13,4.0,91,8.8,1,100,Moderate or heavy rain shower
826443,2019-07-11 16:00:00,2019-07-11 17:30:00,FLEMING CO.,RINGOS MILLS,0.88,1.0,RINGOS MILLS,38.28,-83.59,38.2797,-83.5883,2019,90.0,1.5,0,0,0,0,0,0,9.86,290.6,2019-07-11 10:19:55,2019-07-11 00:59:55,40.04,163.66,Waxing Gibbous,66.99,41,Deciduous Forest,204.335,0,JJA,0.33,Neutral,0.2407067,0.24129164,0.2508333,0.2057917,72.25029,77.29626,70.44875,76.744995,87.6,70.4,76.8,6.3,0.3,4.0,93,8.1,1,100,Moderate or heavy rain shower
826459,2019-07-11 16:30:00,2019-07-11 18:00:00,MONTGOMERY CO.,MT STERLING,0.77,0.71,MT STERLING,38.0572,-83.9393,38.0573,-83.939,2019,90.0,1.5,0,0,0,0,0,0,10.04,290.43,2019-07-11 10:21:57,2019-07-11 01:00:41,40.17,163.16,Waxing Gibbous,66.99,24,"Developed, High Intensity",292.751,88,JJA,0.33,Neutral,0.23688793,0.21954168,0.24612497,0.21099997,72.70869,78.136246,70.89875,77.104996,87.8,71.4,77.4,8.5,0.13,4.0,91,8.8,1,100,Moderate or heavy rain shower
826497,2019-07-11 19:00:00,2019-07-11 20:15:00,PULASKI CO.,BURNETTA,0.79,0.8,BURNETTA,37.072,-84.7659,37.072,-84.7655,2019,75.0,1.25,0,0,0,0,0,0,10.31,290.13,2019-07-11 10:28:02,2019-07-11 01:01:12,40.92,161.85,Waxing Gibbous,66.99,81,Pasture/Hay,323.528,0,JJA,0.33,Neutral,0.33668876,0.33275002,0.34491658,0.30979162,73.23894,79.44499,71.213745,78.113754,89.5,73.1,78.6,5.6,0.45,4.0,92,7.9,1,100,Moderate or heavy rain shower
826915,2019-07-15 15:22:00,2019-07-15 17:22:00,BATH CO.,OLYMPIA,5.0,5.01,OLYMPIA,38.0326,-83.6662,38.0324,-83.6659,2019,120.0,2.0,0,0,500,0,0,0,9.57,290.07,2019-07-15 10:23:40,2019-07-15 00:57:47,5.98,124.68,Waxing Gibbous,96.43,21,"Developed, Open Space",235.88,13,JJA,0.33,Neutral,0.1991146,0.21095832,0.19962494,0.19341667,73.13056,78.56375,71.386246,77.299995,88.2,70.2,78.0,5.6,0.07,5.0,86,11.2,1,100,Moderate or heavy rain shower
828120,2019-07-15 17:15:00,2019-07-15 18:15:00,KENTON CO.,SOUTH FT MITCHELL,1.48,1.96,FT WRIGHT,39.01,-84.56,39.0119,-84.549,2019,60.0,1.0,0,0,0,0,0,0,10.55,289.39,2019-07-15 10:24:29,2019-07-15 01:04:07,4.88,124.17,Waxing Gibbous,96.43,23,"Developed, Medium Intensity",256.559,21,JJA,0.33,Neutral,0.257475,0.20300001,0.28016666,0.19783334,72.63032,78.53375,70.8125,76.895004,86.6,72.7,78.9,5.4,0.09,5.0,80,11.4,1,100,Heavy rain at times
828121,2019-07-15 17:15:00,2019-07-15 18:15:00,KENTON CO.,ERLANGER,0.91,1.02,ERLANGER,39.0087,-84.5915,39.0049,-84.5855,2019,60.0,1.0,0,0,20000,0,0,0,10.58,289.37,2019-07-15 10:24:37,2019-07-15 01:04:14,4.86,124.15,Waxing Gibbous,96.43,22,"Developed, Low Intensity",251.763,21,JJA,0.33,Neutral,0.257475,0.20300001,0.28016666,0.19783334,72.63032,78.53375,70.8125,76.895004,86.6,72.7,78.9,5.4,0.09,5.0,80,11.4,1,100,Heavy rain at times
843707,2019-07-17 22:45:00,2019-07-18 00:45:00,GARRARD CO.,MC CREARY,1.09,1.59,JUDSON,37.6603,-84.5359,37.6975,-84.5749,2019,120.0,2.0,0,0,20000,0,0,0,9.94,289.34,2019-07-17 10:29:35,2019-07-17 00:59:12,-12.02,109.01,Full Moon,99.99,81,Pasture/Hay,246.666,0,JJA,0.33,Neutral,0.2124179,0.2690417,0.21583338,0.18183334,73.59571,77.705,72.12125,77.28125,82.8,71.0,76.0,10.7,0.49,5.0,92,5.4,1,100,Moderate or heavy rain shower
843708,2019-07-17 23:10:00,2019-07-18 01:10:00,MERCER CO.,EBENEZER,0.55,0.21,EBENEZER,37.88,-84.81,37.8788,-84.8112,2019,120.0,2.0,0,0,0,0,0,0,10.21,289.15,2019-07-17 10:30:06,2019-07-17 01:00:54,-12.29,108.81,Full Moon,99.99,21,"Developed, Open Space",257.127,10,JJA,0.33,Neutral,0.27367297,0.28504166,0.28549996,0.22933339,73.26005,76.94375,71.91501,76.64375,83.4,70.2,75.9,11.6,0.59,5.0,93,3.8,1,100,Moderate or heavy rain shower
827487,2019-07-18 04:04:00,2019-07-18 05:31:00,KNOX CO.,KAYJAY,1.01,1.19,KAYJAY,36.7364,-83.8465,36.7399,-83.847,2019,87.0,1.45,0,0,3000,0,0,0,9.03,289.72,2019-07-18 10:29:59,2019-07-18 00:53:28,-19.46,101.67,Full Moon,98.84,41,Deciduous Forest,361.997,0,JJA,0.33,Neutral,0.20826584,0.3469583,0.193,0.214375,72.08817,74.7425,71.2025,74.240005,83.1,69.7,75.9,6.3,0.41,3.0,91,6.8,1,100,Moderate or heavy rain shower
827486,2019-07-18 05:45:00,2019-07-18 06:25:00,BELL CO.,MELDRUM,0.91,0.9,MELDRUM,36.6687,-83.6963,36.6688,-83.6955,2019,40.0,0.67,0,0,0,0,0,0,8.9,289.82,2019-07-18 10:29:33,2019-07-18 00:52:41,-19.33,101.77,Full Moon,98.84,22,"Developed, Low Intensity",357.659,28,JJA,0.33,Neutral,0.25065666,0.37154165,0.22391665,0.30204168,72.868706,75.853546,71.95729,74.99855,81.6,68.7,74.8,6.5,0.24,3.0,91,5.7,1,100,Moderate or heavy rain shower
828280,2019-07-20 21:30:00,2019-07-20 22:15:00,LETCHER CO.,BLACKEY,0.69,0.73,BLACKEY,37.14,-82.98,37.1391,-82.9809,2019,45.0,0.75,0,0,0,0,0,0,8.34,289.84,2019-07-20 10:26:56,2019-07-20 00:49:52,-33.33,83.48,Waning Gibbous,91.26,23,"Developed, Medium Intensity",304.08,60,JJA,0.33,Neutral,0.19470622,0.274375,0.17899996,0.22199999,73.18141,79.216255,71.4875,76.9775,93.7,71.1,81.3,4.4,0.0,6.0,73,12.5,0,0,Overcast
843735,2019-07-21 14:45:00,2019-07-21 16:45:00,FAYETTE CO.,YARNALLTON,3.18,1.57,(LEX)BLU GRS FLD LEX,38.1398,-84.6094,38.0426,-84.5575,2019,120.0,2.0,0,0,0,0,0,0,9.77,288.6,2019-07-21 10:31:37,2019-07-21 00:58:20,-40.07,70.04,Waning Gibbous,85.2,81,Pasture/Hay,283.841,0,JJA,0.33,Neutral,0.26023751,0.257,0.26983336,0.22841668,74.554405,80.62625,72.52999,79.47125,85.5,73.2,78.8,7.8,0.23,3.0,88,7.7,1,100,Moderate or heavy rain shower
843736,2019-07-22 09:10:00,2019-07-22 11:10:00,LOGAN CO.,COOPERSTOWN,2.49,2.61,COOPERSTOWN,36.9255,-86.8254,36.9283,-86.823,2019,120.0,2.0,0,0,15000,0,0,0,10.95,287.4,2019-07-22 10:44:21,2019-07-22 01:03:25,-46.36,55.25,Waning Gibbous,77.88,41,Deciduous Forest,149.987,0,JJA,0.33,Neutral,0.38260463,0.47158337,0.37300006,0.385875,74.69502,76.182495,73.55,78.125,79.4,64.5,73.2,9.9,2.26,4.0,92,4.8,1,100,Moderate or heavy rain shower
843737,2019-07-22 09:15:00,2019-07-22 11:15:00,LOGAN CO.,ANDERSON,1.47,1.4,ANDERSON,37.0039,-86.7625,37.0071,-86.7651,2019,120.0,2.0,0,0,0,0,0,0,10.93,287.42,2019-07-22 10:43:55,2019-07-22 01:03:22,-46.27,55.25,Waning Gibbous,77.88,21,"Developed, Open Space",158.842,7,JJA,0.33,Neutral,0.3849359,0.47945833,0.37099996,0.40120837,74.71959,76.28749,73.5575,78.181244,79.4,64.5,73.2,9.9,2.26,4.0,92,4.8,1,100,Moderate or heavy rain shower
843741,2019-07-22 10:37:00,2019-07-22 12:37:00,LOGAN CO.,CHANDLERS CHAPEL,1.38,1.42,CHANDLERS CHAPEL,36.97,-86.78,36.9679,-86.7775,2019,120.0,2.0,0,0,0,0,0,0,10.93,287.41,2019-07-22 10:44:04,2019-07-22 01:03:21,-46.3,55.26,Waning Gibbous,77.88,21,"Developed, Open Space",201.8,9,JJA,0.33,Neutral,0.38260463,0.47158337,0.37300006,0.385875,74.69502,76.182495,73.55,78.125,79.4,64.5,73.2,9.9,2.26,4.0,92,4.8,1,100,Moderate or heavy rain shower
833233,2019-07-22 13:30:00,2019-07-22 16:30:00,GRAVES CO.,MAYFIELD,0.89,0.55,MAYFIELD,36.74,-88.62,36.7516,-88.6263,2019,180.0,3.0,0,0,0,0,0,0,12.26,286.44,2019-07-22 10:52:00,2019-07-22 01:10:08,-47.62,53.45,Waning Gibbous,77.88,22,"Developed, Low Intensity",132.949,20,JJA,0.33,Neutral,0.25751543,0.30854163,0.25433338,0.25141665,75.74541,77.19125,74.592514,79.216255,78.3,66.1,72.8,11.0,0.83,4.0,92,8.2,1,100,Moderate or heavy rain shower
833243,2019-07-22 13:45:00,2019-07-22 15:00:00,HOPKINS CO.,MADISONVILLE,2.0,2.0,MADISONVILLE,37.359,-87.5,37.33,-87.5364,2019,75.0,1.25,0,0,0,0,0,0,11.59,286.94,2019-07-22 10:45:58,2019-07-22 01:07:12,-46.54,54.16,Waning Gibbous,77.88,23,"Developed, Medium Intensity",138.817,17,JJA,0.33,Neutral,0.40018794,0.49629164,0.3835833,0.4250833,76.312065,76.84251,75.27124,79.70375,78.4,65.4,72.5,10.3,1.13,4.0,92,6.7,1,100,Moderate or heavy rain shower
829577,2019-07-22 15:42:00,2019-07-22 17:30:00,ROWAN CO.,HAYS CROSSING,2.76,2.74,MOREHEAD,38.19,-83.35,38.19,-83.44,2019,108.0,1.8,0,0,15000,0,0,0,8.75,289.16,2019-07-22 10:27:14,2019-07-22 00:52:45,-43.39,57.82,Waning Gibbous,77.88,41,Deciduous Forest,228.594,0,JJA,0.33,Neutral,0.31110626,0.387875,0.31500003,0.27216667,73.07706,74.2475,71.847496,76.9025,75.9,63.9,70.7,7.6,1.2,2.0,95,4.2,1,100,Moderate or heavy rain shower
839685,2019-07-22 18:30:00,2019-07-22 20:00:00,LAWRENCE CO.,YATESVILLE,1.57,0.8,FIVE FORKS,38.1296,-82.693,38.1377,-82.6473,2019,90.0,1.5,0,0,1000,0,0,0,8.25,289.55,2019-07-22 10:24:46,2019-07-22 00:49:58,-42.99,58.52,Waning Gibbous,77.88,41,Deciduous Forest,209.005,0,JJA,0.33,Neutral,0.21643044,0.31554165,0.20587502,0.21958332,74.096596,75.57124,72.95,77.536255,75.7,67.7,72.3,7.4,1.45,4.0,95,4.2,1,100,Moderate or heavy rain shower
832652,2019-07-30 18:31:00,2019-07-30 19:30:00,JACKSON CO.,GRAY HAWK,0.76,0.78,GRAY HAWK,37.3924,-83.9399,37.3923,-83.9391,2019,59.0,0.98,0,0,1500,0,0,0,7.9,287.52,2019-07-30 10:38:02,2019-07-30 00:46:46,-12.26,309.76,Waning Crescent,6.4,21,"Developed, Open Space",374.044,0,JJA,0.33,Neutral,0.30654544,0.31829163,0.28966665,0.3605,71.49196,75.3875,70.175,74.70875,85.8,67.9,74.7,8.3,0.22,5.0,79,10.4,1,100,Moderate or heavy rain shower
834424,2019-08-07 03:00:00,2019-08-07 05:30:00,BATH CO.,PEBBLE,0.54,3.59,PEBBLE,38.27,-83.76,38.2699,-83.7619,2019,150.0,2.5,0,0,1000,0,0,0,6.67,285.96,2019-08-07 10:42:13,2019-08-07 00:39:58,39.89,202.58,Waxing Crescent,42.05,81,Pasture/Hay,254.731,0,JAS,0.19,Neutral,0.21873622,0.25475,0.21499996,0.21954168,72.5903,74.802505,71.659996,75.0425,82.1,66.9,73.6,8.9,0.19,5.0,87,8.9,1,100,Patchy rain possible
834418,2019-08-07 03:00:00,2019-08-07 05:30:00,BATH CO.,BETHEL,1.94,1.95,BETHEL,38.2386,-83.8372,38.2386,-83.8369,2019,150.0,2.5,0,0,500,0,0,0,6.71,285.91,2019-08-07 10:42:36,2019-08-07 00:40:13,39.95,202.5,Waxing Crescent,42.05,81,Pasture/Hay,219.487,0,JAS,0.19,Neutral,0.20502834,0.2392083,0.20466666,0.19487496,72.881004,75.2075,71.862495,75.597496,82.1,66.9,73.6,8.9,0.19,5.0,87,8.9,1,100,Patchy rain possible
847128,2019-08-07 03:00:00,2019-08-07 05:00:00,NICHOLAS CO.,MYERS,0.38,0.32,MYERS,38.3519,-83.9434,38.3513,-83.9441,2019,120.0,2.0,0,0,0,0,0,0,6.82,285.84,2019-08-07 10:42:47,2019-08-07 00:40:52,39.87,202.33,Waxing Crescent,42.05,21,"Developed, Open Space",184.669,19,JAS,0.19,Neutral,0.217905,0.26312497,0.21354164,0.21779166,72.684845,74.817505,71.78001,75.07625,82.1,66.0,73.3,8.6,0.19,5.0,84,10.5,1,100,Patchy rain possible
847123,2019-08-07 03:00:00,2019-08-07 05:00:00,NICHOLAS CO.,CARLISLE,0.65,0.84,CARLISLE,38.3126,-84.0227,38.3146,-84.0198,2019,120.0,2.0,0,0,0,0,0,0,6.87,285.79,2019-08-07 10:43:11,2019-08-07 00:41:06,39.93,202.24,Waxing Crescent,42.05,21,"Developed, Open Space",262.105,16,JAS,0.19,Neutral,0.20421709,0.27520832,0.20129162,0.19058333,72.970215,75.14,72.005005,75.55625,82.1,66.0,73.3,8.6,0.19,5.0,84,10.5,1,100,Patchy rain possible
841255,2019-08-27 22:10:00,2019-08-27 22:59:00,BATH CO.,REYNOLDSVILLE,3.33,3.35,REYNOLDSVILLE,38.1418,-83.8575,38.1407,-83.8572,2019,49.0,0.82,0,0,0,0,0,0,2.16,281.56,2019-08-27 11:00:20,2019-08-27 00:14:22,-21.62,324.62,Waning Crescent,16.5,81,Pasture/Hay,268.224,0,JAS,0.19,Neutral,0.22543375,0.36362502,0.19433336,0.286,71.216675,70.89874,71.54375,70.20125,81.6,67.3,72.7,11.0,0.32,5.0,89,3.2,1,100,Moderate or heavy rain shower
847202,2019-08-31 18:14:00,2019-08-31 19:14:00,HARRISON CO.,CYNTHIANA,0.63,0.7,CYNTHIANA,38.3838,-84.2894,38.3844,-84.2893,2019,60.0,1.0,0,0,0,0,0,0,1.49,280.36,2019-08-31 11:05:16,2019-08-31 00:10:32,7.97,275.54,New Moon,0.63,21,"Developed, Open Space",231.999,3,JAS,0.19,Neutral,0.23332627,0.28950006,0.20745827,0.30329168,71.49771,73.340004,70.895004,72.95,82.6,67.1,72.8,8.9,0.17,4.0,89,6.0,1,100,Moderate or heavy rain shower
856247,2019-10-06 15:31:00,2019-10-06 18:20:00,MUHLENBERG CO.,CENTRAL CITY,0.0,0.0,NELSON,37.3,-87.13,37.3005,-87.0415,2019,169.0,2.82,0,0,35000,0,0,0,-7.56,269.58,2019-10-06 11:47:51,2019-10-06 23:24:51,29.2,179.97,First Quarter,53.11,41,Deciduous Forest,141.247,0,SON,0.39,Neutral,0.2658129,0.27616665,0.26875004,0.25229165,75.73423,72.18125,76.58,74.01875,77.9,57.7,68.6,10.5,1.57,5.0,88,1.4,1,100,Moderate or heavy rain shower
863305,2019-11-30 11:25:00,2019-11-30 16:00:00,DAVIESS CO.,OWENSBORO,3.0,3.0,OWENSBORO,37.77,-87.1749,37.7866,-87.0693,2019,275.0,4.58,0,0,0,0,0,0,-17.37,255.84,2019-11-30 12:43:47,2019-11-30 22:30:36,12.16,226.66,Waxing Crescent,12.82,11,Open Water,109.728,0,OND,0.58,El Nino,0.3857883,0.4337084,0.36899996,0.427375,49.499603,47.46875,50.600002,46.40375,58.8,41.7,50.5,16.2,1.67,3.0,96,0.1,1,100,Moderate or heavy rain shower
863307,2019-11-30 12:40:00,2019-11-30 15:00:00,HENDERSON CO.,HENDERSON,0.0,5.0,HENDERSON,37.83,-87.58,37.7788,-87.6448,2019,140.0,2.33,0,0,50000,0,0,0,-17.07,255.64,2019-11-30 12:45:33,2019-11-30 22:32:04,12.35,226.35,Waxing Crescent,12.82,82,Cultivated Crops,116.878,0,OND,0.58,El Nino,0.3717425,0.43275002,0.35095832,0.42266664,49.447403,47.525,50.536255,46.355003,60.1,41.5,51.0,15.2,1.41,4.0,96,0.1,1,100,Moderate or heavy rain shower
866696,2019-11-30 15:00:00,2019-11-30 15:30:00,MEADE CO.,GUSTON,1.29,1.39,HILLGROVE,37.89,-86.2,37.8898,-86.1881,2019,30.0,0.5,0,0,0,0,0,0,-18.15,256.42,2019-11-30 12:40:11,2019-11-30 22:26:23,11.52,227.35,Waxing Crescent,12.82,81,Pasture/Hay,225.437,0,OND,0.58,El Nino,0.45585993,0.50762504,0.43616664,0.50612503,48.394215,45.16625,49.760006,44.7875,59.3,39.9,47.9,13.9,2.06,3.0,97,0.1,1,100,Moderate or heavy rain shower
858559,2019-11-30 15:07:00,2019-11-30 16:07:00,ROCKCASTLE CO.,BRODHEAD,0.33,0.32,BRODHEAD,37.403,-84.4153,37.4029,-84.4149,2019,60.0,1.0,0,0,500,0,0,0,-19.41,257.24,2019-11-30 12:31:47,2019-11-30 22:20:31,10.8,228.72,Waxing Crescent,12.82,23,"Developed, Medium Intensity",285.388,76,OND,0.58,El Nino,0.35057795,0.4171667,0.32537502,0.4147916,48.3236,45.282497,49.523746,45.2225,55.6,39.6,47.2,15.9,1.8,3.0,97,0.1,1,100,Moderate or heavy rain shower
866704,2019-11-30 15:30:00,2019-11-30 16:30:00,BRECKINRIDGE CO.,CUSTER,1.49,0.54,HIGH PLAINS,37.75,-86.24,37.7577,-86.2493,2019,60.0,1.0,0,0,10000,0,0,0,-18.08,256.35,2019-11-30 12:39:59,2019-11-30 22:26:55,11.64,227.35,Waxing Crescent,12.82,81,Pasture/Hay,233.761,0,OND,0.58,El Nino,0.47869837,0.5090833,0.46712503,0.50825006,48.458374,45.631252,49.752502,44.96375,59.7,40.5,48.9,14.7,1.88,4.0,97,0.1,1,100,Moderate or heavy rain shower
866713,2019-11-30 15:30:00,2019-11-30 16:30:00,GRAYSON CO.,PETH,1.76,1.31,MILLWOOD,37.42,-86.41,37.4241,-86.4048,2019,60.0,1.0,0,0,10000,0,0,0,-17.87,256.15,2019-11-30 12:39:49,2019-11-30 22:28:27,11.96,227.28,Waxing Crescent,12.82,22,"Developed, Low Intensity",186.401,21,OND,0.58,El Nino,0.46685085,0.51058334,0.44991663,0.51033336,49.412037,47.375,50.540005,46.223747,60.5,41.2,50.0,15.2,2.11,4.0,97,0.1,1,100,Moderate or heavy rain shower
866697,2019-11-30 15:35:00,2019-11-30 16:35:00,GARRARD CO.,LANCASTER,1.65,2.3,LANCASTER,37.6049,-84.6034,37.6384,-84.5905,2019,60.0,1.0,0,0,0,0,0,0,-19.31,257.2,2019-11-30 12:33:04,2019-11-30 22:20:45,10.78,228.55,Waxing Crescent,12.82,81,Pasture/Hay,294.531,0,OND,0.58,El Nino,0.34047458,0.42408335,0.31050003,0.415375,48.586926,45.27875,49.879993,45.25625,56.5,39.2,46.9,15.7,2.02,3.0,97,0.1,1,100,Moderate or heavy rain shower
866700,2019-11-30 15:35:00,2019-11-30 16:35:00,LINCOLN CO.,ROWLAND,0.76,1.4,STANFORD,37.5225,-84.6434,37.542,-84.7045,2019,60.0,1.0,0,0,0,0,0,0,-19.26,257.15,2019-11-30 12:33:01,2019-11-30 22:21:07,10.85,228.54,Waxing Crescent,12.82,81,Pasture/Hay,285.2,0,OND,0.58,El Nino,0.3337183,0.4193333,0.30270836,0.41149998,48.563934,45.409996,49.820004,45.30875,56.2,39.2,47.5,15.6,2.26,3.0,97,0.1,1,100,Moderate or heavy rain shower
866702,2019-11-30 15:45:00,2019-11-30 16:45:00,BOYLE CO.,BAUGHAM HGTS,1.9,2.2,GWINN IS,37.6175,-84.8109,37.6704,-84.8104,2019,60.0,1.0,0,0,0,0,0,0,-19.15,257.09,2019-11-30 12:33:55,2019-11-30 22:21:32,10.89,228.4,Waxing Crescent,12.82,82,Cultivated Crops,302.476,0,OND,0.58,El Nino,0.3562529,0.42816672,0.33116665,0.4182916,48.348797,44.9675,49.68125,44.9075,55.8,39.2,47.1,15.5,2.22,3.0,97,0.1,1,100,Moderate or heavy rain shower
866703,2019-11-30 15:45:00,2019-11-30 16:45:00,HARDIN CO.,GLENDALE,1.23,1.62,GAITHERS,37.6144,-85.9332,37.6593,-85.9048,2019,60.0,1.0,0,0,0,0,0,0,-18.29,256.48,2019-11-30 12:38:24,2019-11-30 22:26:02,11.55,227.59,Waxing Crescent,12.82,82,Cultivated Crops,208.229,0,OND,0.58,El Nino,0.48735377,0.50587505,0.48033336,0.50525004,49.46964,46.4075,50.768745,46.03625,59.5,40.1,48.4,14.7,1.85,3.0,97,0.1,1,100,Moderate or heavy rain shower
866705,2019-11-30 16:30:00,2019-11-30 17:30:00,MARION CO.,DANTS,0.56,0.23,NURKES SPG,37.6238,-85.4434,37.6498,-85.3721,2019,60.0,1.0,0,0,0,0,0,0,-18.67,256.75,2019-11-30 12:36:28,2019-11-30 22:24:03,11.26,227.95,Waxing Crescent,12.82,23,"Developed, Medium Intensity",225.513,0,OND,0.58,El Nino,0.38345754,0.42937502,0.3685417,0.41929173,48.96999,46.325,50.120003,45.90875,59.0,40.1,48.6,15.5,2.21,3.0,97,0.1,1,100,Moderate or heavy rain shower
866706,2019-11-30 16:51:00,2019-11-30 17:51:00,WASHINGTON CO.,RINELTOWN,1.36,1.78,FENWICK,37.6884,-85.1411,37.6958,-85.1572,2019,60.0,1.0,0,0,0,0,0,0,-18.91,256.94,2019-11-30 12:35:26,2019-11-30 22:22:41,11.04,228.15,Waxing Crescent,12.82,81,Pasture/Hay,236.319,0,OND,0.58,El Nino,0.3884246,0.42870834,0.37408328,0.4241667,48.56675,45.6575,49.790005,45.3425,58.8,39.9,48.0,15.8,2.24,3.0,97,0.1,1,100,Moderate or heavy rain shower
866709,2019-11-30 17:00:00,2019-11-30 18:00:00,HARDIN CO.,GAITHERS,2.29,2.35,GAITHERS,37.64,-85.86,37.6381,-85.8584,2019,60.0,1.0,0,0,15000,0,0,0,-18.35,256.53,2019-11-30 12:38:11,2019-11-30 22:25:41,11.49,227.64,Waxing Crescent,12.82,23,"Developed, Medium Intensity",234.787,42,OND,0.58,El Nino,0.48735377,0.50587505,0.48033336,0.50525004,49.46964,46.4075,50.768745,46.03625,59.5,40.1,48.4,14.7,1.85,3.0,97,0.1,1,100,Moderate or heavy rain shower
866711,2019-11-30 17:04:00,2019-11-30 18:04:00,MADISON CO.,MIDDLETOWN,1.75,1.05,MAYDE,37.5822,-84.2681,37.5977,-84.278,2019,60.0,1.0,0,0,0,0,0,0,-19.56,257.38,2019-11-30 12:31:40,2019-11-30 22:19:28,10.59,228.8,Waxing Crescent,12.82,21,"Developed, Open Space",280.491,0,OND,0.58,El Nino,0.33755168,0.42141664,0.3077083,0.41191673,48.4607,44.80625,49.8425,44.941254,57.3,38.5,46.6,15.9,1.96,3.0,97,0.1,1,100,Moderate or heavy rain shower
866712,2019-11-30 17:12:00,2019-11-30 18:12:00,LINCOLN CO.,WAYNESBURG,0.69,1.77,WAYNESBURG,37.34,-84.68,37.3195,-84.6856,2019,60.0,1.0,0,0,0,0,0,0,-19.19,257.07,2019-11-30 12:32:41,2019-11-30 22:21:44,11.0,228.54,Waxing Crescent,12.82,41,Deciduous Forest,318.112,0,OND,0.58,El Nino,0.3566117,0.42541668,0.3335,0.41291663,48.489613,45.5825,49.647503,45.48875,56.2,39.2,47.5,15.6,2.26,3.0,97,0.1,1,100,Moderate or heavy rain shower
865943,2019-12-16 15:56:00,2019-12-16 20:15:00,CALLOWAY CO.,MURRAY,2.65,2.14,MURRAY,36.5899,-88.2903,36.5895,-88.3372,2019,259.0,4.32,0,0,0,0,0,0,-15.85,252.48,2019-12-16 12:58:10,2019-12-16 22:39:12,-22.25,41.5,Waning Gibbous,83.52,41,Deciduous Forest,156.639,0,NDJ,0.66,El Nino,0.3910879,0.42629167,0.37949994,0.41908333,47.52661,41.915,49.14125,43.86125,45.1,36.6,39.7,12.5,1.66,4.0,95,0.1,1,100,Moderate or heavy rain shower
869324,2019-12-16 17:00:00,2019-12-16 19:00:00,CASEY CO.,BEECH BOTTOM,1.38,1.15,BEECH BOTTOM,37.35,-84.95,37.3486,-84.9454,2019,120.0,2.0,0,0,15000,0,0,0,-18.62,254.48,2019-12-16 12:46:54,2019-12-16 22:23:44,-19.9,44.04,Waning Gibbous,83.52,81,Pasture/Hay,253.048,0,NDJ,0.66,El Nino,0.4095229,0.43479168,0.40116665,0.42975,46.692802,45.5075,47.311253,44.9675,46.0,41.1,43.3,10.5,2.19,3.0,98,0.1,1,100,Moderate or heavy rain shower
865945,2019-12-16 17:30:00,2019-12-16 20:30:00,TODD CO.,SHARON GROVE,2.15,0.84,PEA RIDGE,36.95,-87.09,36.8843,-87.066,2019,180.0,3.0,0,0,5000,0,0,0,-16.87,253.21,2019-12-16 12:54:21,2019-12-16 22:33:24,-21.35,42.4,Waning Gibbous,83.52,82,Cultivated Crops,199.916,0,NDJ,0.66,El Nino,0.49158132,0.511125,0.4849166,0.5079166,47.681114,42.47,49.280003,43.93625,45.5,37.9,41.0,12.1,1.52,3.0,97,0.1,1,100,Moderate or heavy rain shower
865946,2019-12-16 17:30:00,2019-12-16 20:30:00,CHRISTIAN CO.,PEMBROKE,1.43,1.76,HOPKINSVILLE,36.7615,-87.3385,36.8563,-87.5036,2019,180.0,3.0,0,0,0,0,0,0,-16.63,253.03,2019-12-16 12:54:50,2019-12-16 22:34:55,-21.62,42.24,Waning Gibbous,83.52,23,"Developed, Medium Intensity",185.297,0,NDJ,0.66,El Nino,0.48907462,0.50795823,0.48324993,0.50275,49.012024,44.588753,50.344997,45.91625,44.6,37.0,39.9,13.1,1.22,4.0,96,0.1,1,100,Moderate or heavy rain shower
868893,2020-01-11 08:00:00,2020-01-11 12:00:00,MARSHALL CO.,BENTON,0.0,0.0,CALVERT CITY,36.87,-88.35,37.03,-88.35,2020,240.0,4.0,0,0,0,0,0,0,-12.77,252.03,2020-01-11 13:06:04,2020-01-11 22:56:35,10.18,69.69,Full Moon,99.94,23,"Developed, Medium Intensity",135.503,53,DJF,0.64,El Nino,0.40497962,0.41920832,0.4003334,0.41616657,51.02979,54.889996,49.6325,54.533752,64.2,42.6,55.7,20.6,2.06,5.0,85,0.1,1,100,Moderate or heavy rain shower
868897,2020-01-11 08:30:00,2020-01-11 10:15:00,CRITTENDEN CO.,DYCUSBURG,3.5,4.23,DYCUSBURG,37.2,-88.19,37.1916,-88.1785,2020,105.0,1.75,0,0,0,0,0,0,-12.99,252.19,2020-01-11 13:06:16,2020-01-11 22:55:06,10.42,69.84,Full Moon,99.94,42,Evergreen Forest,136.686,0,DJF,0.64,El Nino,0.50544375,0.50475,0.5086667,0.494625,50.094387,53.386253,48.905003,53.075,63.1,41.5,55.0,21.0,2.52,5.0,84,0.1,1,100,Moderate or heavy rain shower
868895,2020-01-11 09:00:00,2020-01-11 12:00:00,WEBSTER CO.,DIXON,1.64,1.65,CATESVILLE,37.52,-87.67,37.519,-87.6223,2020,180.0,3.0,0,0,0,0,0,0,-13.48,252.55,2020-01-11 13:05:00,2020-01-11 22:52:11,10.91,70.19,Full Moon,99.94,82,Cultivated Crops,134.346,0,DJF,0.64,El Nino,0.5052188,0.50799996,0.50820833,0.49404168,50.190086,54.53,48.78125,53.573753,64.2,41.8,55.5,18.4,2.64,4.0,84,0.1,1,100,Moderate or heavy rain shower
868896,2020-01-11 09:02:00,2020-01-11 10:45:00,BALLARD CO.,HINKLEVILLE,1.3,1.37,HINKLEVILLE,37.06,-88.93,37.0643,-88.9438,2020,103.0,1.72,0,0,0,0,0,0,-12.39,251.76,2020-01-11 13:08:52,2020-01-11 22:58:25,9.82,69.41,Full Moon,99.94,82,Cultivated Crops,110.477,0,DJF,0.64,El Nino,0.42701507,0.4265,0.42658332,0.42866668,50.413887,52.216248,49.392498,53.315,64.2,40.4,52.4,20.8,2.58,5.0,86,0.1,1,100,Moderate or heavy rain shower
867883,2020-02-05 21:18:00,2020-02-05 23:00:00,MCCREARY CO.,HOLLYHILL,2.03,2.02,HOLLYHILL,36.6499,-84.3467,36.6505,-84.3428,2020,102.0,1.7,0,0,5000,0,0,0,-11.26,258.15,2020-02-05 12:35:52,2020-02-05 23:07:16,60.55,113.89,Waxing Gibbous,77.92,41,Deciduous Forest,344.398,0,JFM,0.63,El Nino,0.4962492,0.51229167,0.48950002,0.51404166,49.735367,54.890903,48.260902,53.07215,61.0,47.7,54.4,9.4,2.39,3.0,95,0.3,1,100,Moderate or heavy rain shower
872338,2020-02-12 15:40:00,2020-02-12 19:00:00,CALLOWAY CO.,MURRAY,0.69,1.9,MURRAY,36.61,-88.32,36.6015,-88.309,2020,200.0,3.33,0,0,0,0,0,0,-6.72,257.66,2020-02-12 12:44:48,2020-02-12 23:30:38,-28.05,60.46,Waning Gibbous,89.55,22,"Developed, Low Intensity",160.448,33,JFM,0.63,El Nino,0.42392835,0.4207083,0.42420837,0.42404172,44.735786,40.91,45.706253,42.68375,43.5,36.6,39.5,8.7,1.33,4.0,92,0.3,1,100,Moderate or heavy rain shower
872339,2020-02-12 17:27:00,2020-02-12 19:00:00,TRIGG CO.,CADIZ,2.76,3.19,CADIZ,36.91,-87.82,36.9097,-87.8439,2020,93.0,1.55,0,0,0,0,0,0,-7.21,257.98,2020-02-12 12:43:14,2020-02-12 23:28:11,-27.56,60.73,Waning Gibbous,89.55,21,"Developed, Open Space",136.754,11,JFM,0.63,El Nino,0.50940955,0.49758324,0.5150417,0.49404168,44.062553,40.04,45.079998,41.915,43.1,37.0,39.5,12.0,1.27,4.0,92,0.3,1,100,Moderate or heavy rain shower
883049,2020-03-02 23:20:00,2020-03-03 00:20:00,BARREN CO.,CORAL HILL,1.77,1.78,CORAL HILL,37.07,-85.83,37.0697,-85.8365,2020,60.0,1.0,0,0,0,0,0,0,-4.7,264.99,2020-03-02 12:11:53,2020-03-02 23:39:17,67.08,215.46,Waxing Crescent,41.89,81,Pasture/Hay,223.693,0,FMA,0.53,El Nino,0.47920012,0.49249998,0.47645822,0.48416662,44.673428,50.322502,43.6775,46.205,58.6,48.7,52.8,16.3,0.76,5.0,91,0.5,1,100,Moderate or heavy rain shower
876304,2020-03-02 23:30:00,2020-03-03 03:00:00,CHRISTIAN CO.,HOPKINSVILLE ARPT,1.49,1.33,CASKY,36.83,-87.46,36.8178,-87.4513,2020,210.0,3.5,0,0,10000,0,0,0,-2.42,264.0,2020-03-02 12:18:14,2020-03-02 23:45:58,68.02,212.14,Waxing Crescent,41.89,82,Cultivated Crops,165.595,0,FMA,0.53,El Nino,0.45954874,0.494375,0.4507084,0.47825006,44.99574,51.695,43.714996,47.15375,63.3,50.9,55.9,13.9,1.02,4.0,89,0.5,1,100,Moderate or heavy rain shower
876308,2020-03-02 23:45:00,2020-03-03 03:00:00,TODD CO.,ELKTON,2.0,0.0,ELKTON,36.8405,-87.1756,36.8243,-87.1291,2020,195.0,3.25,0,0,0,0,0,0,-2.61,264.17,2020-03-02 12:17:06,2020-03-02 23:44:49,67.89,212.78,Waxing Crescent,41.89,22,"Developed, Low Intensity",194.296,21,FMA,0.53,El Nino,0.4525971,0.48858333,0.44320843,0.47279158,44.83021,51.33125,43.6025,46.8725,61.5,50.4,55.1,14.8,0.81,4.0,89,0.6,1,100,Moderate or heavy rain shower
883151,2020-03-12 17:13:00,2020-03-12 18:13:00,HART CO.,BONNIEVILLE,1.1,1.16,BONNIEVILLE,37.37,-85.9,37.3643,-85.902,2020,60.0,1.0,0,0,0,0,0,0,-1.99,268.44,2020-03-12 11:58:00,2020-03-12 23:48:53,-27.4,74.92,Waning Gibbous,92.2,81,Pasture/Hay,216.748,0,FMA,0.53,El Nino,0.44952336,0.45945835,0.44191667,0.47229162,48.358665,52.6925,47.326252,50.45375,66.3,48.9,58.1,14.9,0.35,4.0,89,0.8,1,100,Moderate rain at times
883152,2020-03-12 17:30:00,2020-03-12 18:30:00,GREEN CO.,CREAL,0.69,1.57,CREAL,37.44,-85.65,37.4316,-85.6534,2020,60.0,1.0,0,0,0,0,0,0,-2.13,268.6,2020-03-12 11:57:01,2020-03-12 23:47:52,-27.19,75.07,Waning Gibbous,92.2,41,Deciduous Forest,277.066,0,FMA,0.53,El Nino,0.46145168,0.46366668,0.4564583,0.47783336,48.18279,52.553753,47.11625,50.3825,65.7,48.2,57.1,12.4,1.13,5.0,88,0.9,1,100,Moderate or heavy rain shower
883255,2020-03-12 17:55:00,2020-03-12 18:55:00,EDMONSON CO.,CHALYBEATE,1.3,1.62,PIG,37.12,-86.21,37.1135,-86.1844,2020,60.0,1.0,0,0,0,0,0,0,-1.82,268.24,2020-03-12 11:59:10,2020-03-12 23:50:11,-27.7,74.82,Waning Gibbous,92.2,81,Pasture/Hay,208.9,0,FMA,0.53,El Nino,0.46701086,0.45708326,0.471625,0.45449996,48.81106,53.50625,47.791252,50.7425,66.4,49.0,58.7,12.2,0.42,3.0,92,1.0,1,100,Moderate or heavy rain shower
883254,2020-03-12 18:40:00,2020-03-12 20:40:00,HARDIN CO.,GLENDALE JCT,4.36,4.51,GLENDALE JCT,37.61,-85.8,37.613,-85.8017,2020,120.0,2.0,0,0,3000,0,0,0,-2.05,268.52,2020-03-12 11:57:40,2020-03-12 23:48:25,-27.27,74.88,Waning Gibbous,92.2,23,"Developed, Medium Intensity",220.006,32,FMA,0.53,El Nino,0.45897332,0.46158338,0.45649993,0.46658328,48.827637,53.25125,47.7275,51.125,65.7,48.2,57.1,12.4,1.13,5.0,88,0.9,1,100,Moderate or heavy rain shower
883259,2020-03-12 19:38:00,2020-03-12 21:38:00,CLINTON CO.,CUMBERLAND CITY,0.55,0.65,MARLOW,36.8,-85.06,36.7749,-85.0903,2020,120.0,2.0,0,0,0,0,0,0,-2.48,268.91,2020-03-12 11:54:29,2020-03-12 23:45:40,-26.9,75.78,Waning Gibbous,92.2,41,Deciduous Forest,404.84,0,FMA,0.53,El Nino,0.43293872,0.41762507,0.43620828,0.42683342,49.9535,55.7225,48.541252,52.8725,68.4,50.7,59.7,14.0,0.48,4.0,87,1.0,1,100,Moderate rain at times
883260,2020-03-12 19:54:00,2020-03-12 20:54:00,BARREN CO.,GLASGOW,1.49,1.63,GLASGOW,37.0,-85.91,37.0006,-85.9108,2020,60.0,1.0,0,0,0,0,0,0,-1.98,268.42,2020-03-12 11:57:56,2020-03-12 23:49:01,-27.51,75.09,Waning Gibbous,92.2,22,"Developed, Low Intensity",229.922,27,FMA,0.53,El Nino,0.44473457,0.4469584,0.44587505,0.44008338,49.004677,54.02375,47.877502,51.19625,65.9,48.9,58.5,12.6,0.38,3.0,91,0.9,1,100,Patchy rain possible
883256,2020-03-12 20:05:00,2020-03-12 21:05:00,TAYLOR CO.,BENGAL,1.79,0.76,BENGAL,37.36,-85.44,37.3563,-85.4358,2020,60.0,1.0,0,0,0,0,0,0,-2.25,268.72,2020-03-12 11:56:09,2020-03-12 23:47:03,-27.06,75.25,Waning Gibbous,92.2,81,Pasture/Hay,220.59,0,FMA,0.53,El Nino,0.4622421,0.46670827,0.45879173,0.4725833,48.409626,52.83875,47.28875,50.776253,65.8,48.0,57.5,14.6,0.56,5.0,86,0.9,1,100,Moderate or heavy rain shower
883257,2020-03-12 20:10:00,2020-03-12 21:10:00,TAYLOR CO.,CAMPBELLSVILLE ARPT,0.0,0.86,ARISTA,37.35,-85.32,37.3664,-85.2994,2020,60.0,1.0,0,0,0,0,0,0,-2.32,268.79,2020-03-12 11:55:40,2020-03-12 23:46:34,-26.97,75.34,Waning Gibbous,92.2,23,"Developed, Medium Intensity",273.884,57,FMA,0.53,El Nino,0.4725459,0.45508337,0.47566676,0.46766663,48.286175,52.79,47.153748,50.6675,65.8,48.0,57.5,14.6,0.56,5.0,86,0.9,1,100,Moderate or heavy rain shower
883258,2020-03-12 20:10:00,2020-03-12 22:10:00,TAYLOR CO.,ARISTA,1.59,2.16,SPURLINGTON,37.3921,-85.3082,37.4262,-85.306,2020,120.0,2.0,0,0,0,0,0,0,-2.33,268.8,2020-03-12 11:55:38,2020-03-12 23:46:31,-26.95,75.33,Waning Gibbous,92.2,81,Pasture/Hay,311.805,0,FMA,0.53,El Nino,0.4725459,0.45508337,0.47566676,0.46766663,48.286175,52.79,47.153748,50.6675,65.8,48.0,57.5,14.6,0.56,5.0,86,0.9,1,100,Moderate or heavy rain shower
883284,2020-03-28 20:30:00,2020-03-28 21:30:00,GRAYSON CO.,CLARKSON,0.59,0.64,CLARKSON,37.4927,-86.2145,37.4874,-86.1997,2020,60.0,1.0,0,0,0,0,0,0,0.37,273.98,2020-03-28 11:35:16,2020-03-28 00:03:54,35.87,258.28,Waxing Crescent,11.46,22,"Developed, Low Intensity",206.106,46,FMA,0.53,El Nino,0.4719404,0.4432917,0.47645834,0.46599996,54.400024,67.41875,50.9975,61.72625,77.3,65.1,70.2,15.9,0.24,6.0,87,3.6,1,100,Overcast
880246,2020-05-05 08:30:00,2020-05-05 09:30:00,LAUREL CO.,TUTTLE,1.21,1.2,TUTTLE,37.0098,-83.9319,37.0102,-83.9317,2020,60.0,1.0,0,0,200,0,0,0,4.6,287.13,2020-05-05 10:36:13,2020-05-05 00:28:12,28.77,114.59,Waxing Gibbous,91.09,21,"Developed, Open Space",369.01,14,AMJ,0.01,Neutral,0.46267962,0.49420834,0.44916663,0.49850002,55.658943,60.6725,53.975002,59.761253,70.1,52.0,59.5,11.8,1.02,4.0,91,2.1,1,100,Moderate or heavy rain shower
880257,2020-05-05 08:38:00,2020-05-05 09:38:00,KNOX CO.,MOORE HILL,1.65,1.67,MOORE HILL,36.9511,-84.0939,36.9512,-84.0935,2020,60.0,1.0,0,0,200,0,0,0,4.7,287.04,2020-05-05 10:36:59,2020-05-05 00:28:44,28.68,114.44,Waxing Gibbous,91.09,23,"Developed, Medium Intensity",327.787,71,AMJ,0.01,Neutral,0.46939504,0.493125,0.45841667,0.499125,55.90055,61.017498,54.203754,60.012497,71.3,52.7,60.0,12.2,1.19,4.0,92,2.0,1,100,Moderate or heavy rain shower
880249,2020-05-05 08:40:00,2020-05-05 09:40:00,CLAY CO.,HIMA,0.22,0.38,HIMA,37.121,-83.7738,37.1208,-83.7733,2020,60.0,1.0,0,0,100,0,0,0,4.52,287.22,2020-05-05 10:35:22,2020-05-05 00:27:47,28.84,114.78,Waxing Gibbous,91.09,21,"Developed, Open Space",262.203,29,AMJ,0.01,Neutral,0.4745387,0.49812505,0.46462497,0.5006667,55.601,60.155003,54.005,59.555,70.3,51.0,59.9,10.4,1.11,5.0,91,2.6,1,100,Moderate or heavy rain shower
880255,2020-05-05 08:40:00,2020-05-05 09:40:00,CLAY CO.,PIGEONROOST,3.03,3.03,PIGEONROOST,37.0977,-83.8473,37.0977,-83.8471,2020,60.0,1.0,0,0,200,0,0,0,4.56,287.18,2020-05-05 10:35:43,2020-05-05 00:28:02,28.8,114.71,Waxing Gibbous,91.09,81,Pasture/Hay,275.407,0,AMJ,0.01,Neutral,0.38779128,0.41300002,0.3768334,0.41695842,55.68151,60.24125,54.158752,59.3825,70.3,51.0,59.9,10.4,1.11,5.0,91,2.6,1,100,Moderate or heavy rain shower
880252,2020-05-05 08:40:00,2020-05-05 09:40:00,CLAY CO.,PIGEONROOST,1.33,1.34,PIGEONROOST,37.1108,-83.8213,37.1106,-83.8218,2020,60.0,1.0,0,0,100,0,0,0,4.55,287.19,2020-05-05 10:35:35,2020-05-05 00:27:57,28.81,114.73,Waxing Gibbous,91.09,21,"Developed, Open Space",269.431,10,AMJ,0.01,Neutral,0.38779128,0.41300002,0.3768334,0.41695842,55.68151,60.24125,54.158752,59.3825,70.3,51.0,59.9,10.4,1.11,5.0,91,2.6,1,100,Moderate or heavy rain shower
880261,2020-05-05 08:57:00,2020-05-05 10:17:00,PULASKI CO.,STAB,1.1,1.03,STAB,37.15,-84.44,37.1517,-84.4391,2020,80.0,1.33,0,0,100,0,0,0,5.02,286.83,2020-05-05 10:37:59,2020-05-05 00:30:31,28.34,114.27,Waxing Gibbous,91.09,41,Deciduous Forest,246.934,0,AMJ,0.01,Neutral,0.37952748,0.41750002,0.36395827,0.42025006,55.86999,60.132496,54.394997,59.506256,70.7,52.8,60.4,11.0,1.2,5.0,92,2.5,1,100,Moderate or heavy rain shower
895612,2020-05-18 14:54:00,2020-05-18 15:54:00,FAYETTE CO.,LEXINGTON,1.77,1.8,LEXINGTON,38.0277,-84.4843,38.0266,-84.4826,2020,60.0,1.0,0,0,10000,0,0,0,7.23,289.37,2020-05-18 10:24:23,2020-05-18 00:44:03,-42.93,309.06,Waning Crescent,19.69,22,"Developed, Low Intensity",307.757,31,AMJ,0.01,Neutral,0.3674388,0.392625,0.36516663,0.36683336,58.11256,66.8375,55.32875,64.74875,70.3,61.0,66.1,11.3,2.02,4.0,94,3.6,1,100,Moderate or heavy rain shower
895613,2020-05-18 15:06:00,2020-05-18 16:06:00,FAYETTE CO.,LEXINGTON,1.29,1.28,LEXINGTON,38.04,-84.48,38.0411,-84.4812,2020,60.0,1.0,0,0,0,0,0,0,7.23,289.37,2020-05-18 10:24:20,2020-05-18 00:44:03,-42.93,309.07,Waning Crescent,19.69,24,"Developed, High Intensity",301.434,86,AMJ,0.01,Neutral,0.35995212,0.38895833,0.35600007,0.3638333,57.03973,65.9675,54.2,63.8,70.3,61.0,66.1,11.3,2.02,4.0,94,3.6,1,100,Moderate or heavy rain shower
882012,2020-05-18 16:41:00,2020-05-18 17:41:00,PULASKI CO.,OAK HILL,1.73,1.74,OAK HILL,37.0287,-84.6466,37.029,-84.6463,2020,60.0,1.0,0,0,100,0,0,0,7.02,289.39,2020-05-18 10:27:29,2020-05-18 00:42:15,-43.45,308.17,Waning Crescent,19.69,23,"Developed, Medium Intensity",281.279,21,AMJ,0.01,Neutral,0.4478096,0.43945828,0.4546666,0.42708337,58.56669,67.722496,55.7225,65.26625,73.8,62.8,68.0,9.2,1.74,4.0,94,4.5,1,100,Moderate or heavy rain shower
882014,2020-05-18 16:41:00,2020-05-18 17:41:00,PULASKI CO.,OAK HILL,0.0,0.01,OAK HILL,37.05,-84.63,37.0499,-84.6298,2020,60.0,1.0,0,0,100,0,0,0,7.02,289.4,2020-05-18 10:27:22,2020-05-18 00:42:15,-43.45,308.2,Waning Crescent,19.69,22,"Developed, Low Intensity",291.818,28,AMJ,0.01,Neutral,0.4548979,0.4501667,0.46025005,0.438125,58.1222,67.27251,55.2725,64.8425,73.8,62.8,68.0,9.2,1.74,4.0,94,4.5,1,100,Moderate or heavy rain shower
882098,2020-05-18 21:30:00,2020-05-18 22:30:00,FLEMING CO.,MT CARMEL,0.89,0.9,MT CARMEL,38.49,-83.6197,38.4902,-83.6194,2020,60.0,1.0,0,0,100,0,0,0,6.75,289.82,2020-05-18 10:19:46,2020-05-18 00:41:44,-43.16,310.32,Waning Crescent,19.69,21,"Developed, Open Space",247.384,15,AMJ,0.01,Neutral,0.35298586,0.37645832,0.35200012,0.34854165,56.48765,65.896255,53.555,63.40625,73.6,63.9,67.3,10.3,1.88,5.0,93,4.9,1,100,Moderate or heavy rain shower
882097,2020-05-18 21:33:00,2020-05-18 22:33:00,FLEMING CO.,PLUMMERS LNDG,1.17,1.18,PLUMMERS LNDG,38.3161,-83.571,38.316,-83.5703,2020,60.0,1.0,0,0,100,0,0,0,6.66,289.87,2020-05-18 10:20:01,2020-05-18 00:41:06,-43.3,310.25,Waning Crescent,19.69,81,Pasture/Hay,207.467,0,AMJ,0.01,Neutral,0.34102044,0.35829166,0.34508324,0.32133332,56.450264,66.005,53.4575,63.526253,72.3,63.1,67.5,8.5,1.3,4.0,95,4.9,1,100,Moderate or heavy rain shower
895614,2020-05-19 04:15:00,2020-05-19 06:15:00,HARRISON CO.,ANTIOCH MILLS,0.54,0.79,ANTIOCH MILLS,38.57,-84.29,38.5662,-84.2931,2020,120.0,2.0,0,0,20000,0,0,0,7.41,289.58,2020-05-19 10:21:29,2020-05-19 00:45:29,-32.91,303.82,Waning Crescent,12.74,81,Pasture/Hay,227.372,0,AMJ,0.01,Neutral,0.39418045,0.4354167,0.37808335,0.43562505,56.79725,61.4075,54.991253,61.452503,62.7,57.1,60.1,13.9,3.11,3.0,98,1.5,1,100,Moderate or heavy rain shower
882780,2020-05-19 07:00:00,2020-05-19 08:00:00,KENTON CO.,KENTON,0.54,1.14,KENTON,38.87,-84.46,38.8749,-84.4571,2020,60.0,1.0,0,0,0,0,0,0,7.63,289.44,2020-05-19 10:21:23,2020-05-19 00:46:56,-32.63,303.83,Waning Crescent,12.74,81,Pasture/Hay,161.676,0,AMJ,0.01,Neutral,0.3875613,0.43575004,0.36883333,0.43570837,56.471485,61.220005,54.67625,61.04375,62.4,55.5,60.3,13.6,3.42,3.0,97,1.5,1,100,Moderate or heavy rain shower
891280,2020-05-19 08:00:00,2020-05-19 08:15:00,CAMPBELL CO.,NEWPORT,0.73,0.89,NEWPORT,39.0755,-84.4923,39.0741,-84.4917,2020,15.0,0.25,0,0,50000,0,0,0,7.72,289.4,2020-05-19 10:20:59,2020-05-19 00:47:36,-32.5,303.9,Waning Crescent,12.74,41,Deciduous Forest,202.598,0,AMJ,0.01,Neutral,0.40603545,0.43616667,0.39420834,0.43654168,57.24534,61.7675,55.516254,61.66625,63.9,56.2,61.3,14.3,2.76,3.0,96,1.5,1,100,Moderate or heavy rain shower
895617,2020-05-19 09:52:00,2020-05-19 11:52:00,CLARK CO.,FORD,1.64,1.24,ELKIN,37.88,-84.22,37.9,-84.2058,2020,120.0,2.0,0,0,0,0,0,0,7.13,289.7,2020-05-19 10:22:57,2020-05-19 00:43:28,-33.33,303.52,Waning Crescent,12.74,41,Deciduous Forest,244.384,0,AMJ,0.01,Neutral,0.38587168,0.4317917,0.36762497,0.43312502,57.504463,61.872505,55.74125,62.09375,61.5,57.4,59.3,12.8,2.73,3.0,97,1.6,1,100,Moderate or heavy rain shower
895622,2020-05-19 09:52:00,2020-05-19 10:52:00,CLARK CO.,WINCHESTER,1.59,1.07,FOREST GROVE,37.9689,-84.2056,37.9518,-84.2202,2020,60.0,1.0,0,0,0,0,0,0,7.15,289.7,2020-05-19 10:22:40,2020-05-19 00:43:38,-33.29,303.58,Waning Crescent,12.74,22,"Developed, Low Intensity",280.99,0,AMJ,0.01,Neutral,0.38793755,0.43275002,0.3702917,0.43350005,56.906975,61.16375,55.175,61.42625,61.5,57.4,59.3,12.8,2.73,3.0,97,1.6,1,100,Moderate or heavy rain shower
897323,2020-05-19 09:54:00,2020-05-19 11:54:00,CLARK CO.,BLOOMINGDALE,0.55,1.38,BLOOMINGDALE,37.88,-84.12,37.8844,-84.1238,2020,120.0,2.0,0,0,0,0,0,0,7.05,289.76,2020-05-19 10:22:33,2020-05-19 00:43:04,-33.4,303.61,Waning Crescent,12.74,41,Deciduous Forest,178.157,0,AMJ,0.01,Neutral,0.38444707,0.43395832,0.36537495,0.4333333,57.59544,61.981247,55.8275,62.195,61.5,57.4,59.3,12.8,2.73,3.0,97,1.6,1,100,Moderate or heavy rain shower
897330,2020-05-19 09:57:00,2020-05-19 10:57:00,HARRISON CO.,CYNTHIANA,0.69,0.48,CYNTHIANA,38.39,-84.3,38.3942,-84.3044,2020,60.0,1.0,0,0,0,0,0,0,7.36,289.59,2020-05-19 10:21:59,2020-05-19 00:45:04,-33.0,303.72,Waning Crescent,12.74,23,"Developed, Medium Intensity",216.491,52,AMJ,0.01,Neutral,0.4091896,0.4350833,0.39879164,0.43620837,56.799126,60.92,55.11125,61.2125,60.9,57.9,59.8,14.5,3.19,3.0,98,1.7,1,100,Moderate or heavy rain shower
897334,2020-05-19 09:58:00,2020-05-19 10:58:00,BOURBON CO.,CENTERVILLE,0.54,1.54,ELIZABETH STATION,38.22,-84.39,38.2189,-84.3623,2020,60.0,1.0,0,0,0,0,0,0,7.37,289.56,2020-05-19 10:22:46,2020-05-19 00:45:00,-33.04,303.55,Waning Crescent,12.74,81,Pasture/Hay,281.887,0,AMJ,0.01,Neutral,0.38849,0.433375,0.37108335,0.43320838,56.711,60.82625,55.062504,60.99125,61.8,57.7,59.8,14.2,2.61,3.0,97,1.8,1,100,Moderate or heavy rain shower
897337,2020-05-19 09:58:00,2020-05-19 10:58:00,BOURBON CO.,JACKSONVILLE,0.96,0.82,KISERTON,38.2689,-84.3524,38.2838,-84.319,2020,60.0,1.0,0,0,0,0,0,0,7.35,289.58,2020-05-19 10:22:30,2020-05-19 00:44:59,-33.03,303.61,Waning Crescent,12.74,81,Pasture/Hay,264.963,0,AMJ,0.01,Neutral,0.3901138,0.43387505,0.37337503,0.43291673,56.638474,60.6275,55.00625,60.905006,61.8,57.7,59.8,14.2,2.61,3.0,97,1.8,1,100,Moderate or heavy rain shower
897338,2020-05-19 10:37:00,2020-05-19 11:37:00,HARRISON CO.,CLAYSVILLE,2.34,1.86,AVENA,38.49,-84.2,38.4916,-84.2079,2020,60.0,1.0,0,0,0,0,0,0,7.32,289.64,2020-05-19 10:21:20,2020-05-19 00:44:56,-33.01,303.86,Waning Crescent,12.74,41,Deciduous Forest,215.596,0,AMJ,0.01,Neutral,0.40679243,0.43525,0.39545837,0.43616673,56.843224,61.145,55.11125,61.3475,60.9,57.9,59.8,14.5,3.19,3.0,98,1.7,1,100,Moderate or heavy rain shower
897340,2020-05-19 10:39:00,2020-05-19 11:39:00,HARRISON CO.,ROBINSON,1.48,1.09,ROBINSON,38.5,-84.34,38.4938,-84.3512,2020,60.0,1.0,0,0,0,0,0,0,7.42,289.56,2020-05-19 10:21:52,2020-05-19 00:45:31,-32.91,303.74,Waning Crescent,12.74,81,Pasture/Hay,206.369,0,AMJ,0.01,Neutral,0.37903377,0.43462503,0.35779166,0.43333337,56.73414,60.94625,55.025,61.189995,60.9,57.9,59.8,14.5,3.19,3.0,98,1.7,1,100,Moderate or heavy rain shower
897341,2020-05-19 10:44:00,2020-05-19 11:44:00,BOURBON CO.,MILLERSBURG,3.96,3.54,MILLERSBURG,38.3555,-84.1682,38.3274,-84.1449,2020,60.0,1.0,0,0,0,0,0,0,7.25,289.68,2020-05-19 10:21:33,2020-05-19 00:44:27,-33.1,303.82,Waning Crescent,12.74,81,Pasture/Hay,248.587,0,AMJ,0.01,Neutral,0.40188292,0.43566677,0.38870835,0.43579173,56.82676,61.09625,55.088753,61.362503,62.8,57.2,59.9,14.1,3.13,3.0,98,1.6,1,100,Moderate or heavy rain shower
897343,2020-05-19 10:49:00,2020-05-19 11:49:00,BOURBON CO.,NORTH MIDDLETOWN,1.48,2.3,NORTH MIDDLETOWN,38.13,-84.11,38.1397,-84.1037,2020,60.0,1.0,0,0,0,0,0,0,7.13,289.74,2020-05-19 10:21:53,2020-05-19 00:43:39,-33.27,303.75,Waning Crescent,12.74,81,Pasture/Hay,259.334,0,AMJ,0.01,Neutral,0.38364252,0.4357501,0.3637917,0.43433335,56.7836,61.054996,55.0175,61.414997,61.8,57.7,59.8,14.2,2.61,3.0,97,1.8,1,100,Moderate or heavy rain shower
897347,2020-05-19 12:19:00,2020-05-19 13:19:00,NICHOLAS CO.,EAST UNION,3.86,3.8,EAST UNION,38.24,-84.05,38.2415,-84.0531,2020,60.0,1.0,0,0,0,0,0,0,7.12,289.76,2020-05-19 10:21:22,2020-05-19 00:43:42,-33.24,303.87,Waning Crescent,12.74,81,Pasture/Hay,260.851,0,AMJ,0.01,Neutral,0.39113295,0.43629172,0.373875,0.43525004,56.85294,61.25,55.058754,61.53875,62.8,57.2,59.9,14.1,3.13,3.0,98,1.6,1,100,Moderate or heavy rain shower
897354,2020-05-19 12:30:00,2020-05-19 14:30:00,BOURBON CO.,NORTH MIDDLETOWN,2.97,3.36,NORTH MIDDLETOWN,38.11,-84.12,38.1186,-84.1215,2020,120.0,2.0,0,0,0,0,0,0,7.13,289.73,2020-05-19 10:21:58,2020-05-19 00:43:39,-33.27,303.73,Waning Crescent,12.74,81,Pasture/Hay,257.111,0,AMJ,0.01,Neutral,0.3865762,0.4358751,0.368,0.43383333,56.762035,60.89,55.055,61.23875,61.8,57.7,59.8,14.2,2.61,3.0,97,1.8,1,100,Moderate or heavy rain shower
882817,2020-05-24 16:45:00,2020-05-24 17:45:00,KENTON CO.,RYLAND,1.28,0.86,RYLAND,38.92,-84.45,38.9152,-84.4481,2020,60.0,1.0,0,0,0,0,0,0,8.32,290.17,2020-05-24 10:17:46,2020-05-24 00:51:16,19.65,282.07,New Moon,1.61,41,Deciduous Forest,160.5,0,AMJ,0.01,Neutral,0.39258623,0.35575,0.4033749,0.36787498,58.79889,69.207504,55.966248,65.04125,84.4,64.6,72.3,5.8,0.07,4.0,83,4.0,1,100,Patchy rain possible
882873,2020-05-24 16:56:00,2020-05-24 16:56:00,LESLIE CO.,CONFLUENCE,0.34,0.33,CONFLUENCE,37.272,-83.3857,37.2716,-83.3842,2020,0.0,0.0,0,0,40000,0,0,0,6.97,290.99,2020-05-24 10:17:55,2020-05-24 00:42:38,18.47,283.24,New Moon,1.61,21,"Developed, Open Space",242.128,5,AMJ,0.01,Neutral,0.36971167,0.36579168,0.36608338,0.38345838,61.070488,70.069695,58.602196,66.53345,83.2,62.5,72.4,5.2,0.24,3.0,85,7.0,1,100,Moderate or heavy rain shower
882815,2020-05-24 17:00:00,2020-05-24 18:00:00,CAMPBELL CO.,CLARYVILLE,3.23,3.49,CLARYVILLE,38.92,-84.44,38.9127,-84.4391,2020,60.0,1.0,0,0,0,0,0,0,8.31,290.18,2020-05-24 10:17:44,2020-05-24 00:51:14,19.64,282.08,New Moon,1.61,42,Evergreen Forest,220.353,0,AMJ,0.01,Neutral,0.39258623,0.35575,0.4033749,0.36787498,58.79889,69.207504,55.966248,65.04125,84.4,64.6,72.3,5.8,0.07,4.0,83,4.0,1,100,Patchy rain possible
882812,2020-05-24 17:15:00,2020-05-24 18:15:00,BOONE CO.,WALTON,2.1,2.18,WALTON,38.8482,-84.6271,38.846,-84.6219,2020,60.0,1.0,0,0,0,0,0,0,8.42,290.07,2020-05-24 10:18:41,2020-05-24 00:51:47,19.77,282.0,New Moon,1.61,81,Pasture/Hay,243.349,0,AMJ,0.01,Neutral,0.37761,0.36175,0.3835833,0.36241665,58.69201,69.01624,55.846252,65.00749,83.2,66.4,73.4,7.9,0.01,6.0,81,8.3,1,100,Patchy rain possible
882875,2020-05-24 17:19:00,2020-05-24 19:15:00,FLOYD CO.,DOTSON,0.0,0.07,DOTSON,37.65,-82.87,37.6477,-82.8724,2020,116.0,1.93,0,0,3000,0,0,0,6.73,291.25,2020-05-24 10:14:52,2020-05-24 00:41:33,18.15,283.4,New Moon,1.61,81,Pasture/Hay,209.999,8,AMJ,0.01,Neutral,0.35597417,0.38166663,0.34420827,0.38775003,59.432823,68.667496,56.885,65.09,81.7,63.7,73.1,3.6,0.08,4.0,83,4.5,1,100,Heavy rain at times
882872,2020-05-24 17:30:00,2020-05-24 18:30:00,KNOTT CO.,FISTY,0.3,0.24,FISTY,37.3342,-83.1014,37.3343,-83.1007,2020,60.0,1.0,0,0,20000,0,0,0,6.79,291.15,2020-05-24 10:16:37,2020-05-24 00:41:39,18.26,283.38,New Moon,1.61,21,"Developed, Open Space",280.438,8,AMJ,0.01,Neutral,0.3617525,0.39174998,0.3510833,0.3883334,60.746414,69.73505,58.29755,66.1463,83.2,62.5,72.4,5.2,0.24,3.0,85,7.0,1,100,Moderate or heavy rain shower
882811,2020-05-24 17:30:00,2020-05-24 18:30:00,GRANT CO.,DRY RIDGE,2.07,2.15,WILLIAMSTOWN,38.65,-84.58,38.6417,-84.5799,2020,60.0,1.0,0,0,0,0,0,0,8.32,290.13,2020-05-24 10:19:02,2020-05-24 00:51:04,19.69,282.1,New Moon,1.61,41,Deciduous Forest,272.244,0,AMJ,0.01,Neutral,0.36713672,0.3572916,0.3709166,0.35745835,58.887463,69.00876,56.09,65.105,81.7,65.1,72.0,6.5,0.19,4.0,86,7.1,1,100,Moderate or heavy rain shower
882883,2020-05-24 17:30:00,2020-05-24 19:00:00,PERRY CO.,BULAN,0.71,0.69,BULAN,37.2898,-83.1692,37.2901,-83.1691,2020,90.0,1.5,0,0,4000,0,0,0,6.82,291.11,2020-05-24 10:17:00,2020-05-24 00:41:48,18.3,283.35,New Moon,1.61,43,Mixed Forest,267.535,0,AMJ,0.01,Neutral,0.3666346,0.37370834,0.3599584,0.3871666,60.79299,69.7445,58.351997,66.17825,83.2,62.5,72.4,5.2,0.24,3.0,85,7.0,1,100,Moderate or heavy rain shower
882877,2020-05-24 17:33:00,2020-05-24 18:53:00,KNOTT CO.,HINDMAN,1.5,1.47,HINDMAN,37.3419,-83.0028,37.342,-83.0025,2020,80.0,1.33,0,0,1000,0,0,0,6.72,291.2,2020-05-24 10:16:12,2020-05-24 00:41:17,18.19,283.43,New Moon,1.61,21,"Developed, Open Space",313.089,4,AMJ,0.01,Neutral,0.37387374,0.37987503,0.36695838,0.3955834,58.955376,67.71125,56.585,64.16375,83.2,62.5,72.4,5.2,0.24,3.0,85,7.0,1,100,Moderate or heavy rain shower
882879,2020-05-24 17:36:00,2020-05-24 18:45:00,PERRY CO.,HILTON,0.38,0.36,HILTON,37.2756,-83.184,37.276,-83.1839,2020,69.0,1.15,0,0,6000,0,0,0,6.83,291.11,2020-05-24 10:17:06,2020-05-24 00:41:50,18.31,283.35,New Moon,1.61,21,"Developed, Open Space",267.054,7,AMJ,0.01,Neutral,0.3666346,0.37370834,0.3599584,0.3871666,60.909992,69.861496,58.468998,66.29525,83.2,62.5,72.4,5.2,0.24,3.0,85,7.0,1,100,Moderate or heavy rain shower
882810,2020-05-24 18:30:00,2020-05-24 19:30:00,BRACKEN CO.,NEAVE,3.22,3.4,MILFORD,38.6105,-84.2115,38.5962,-84.2118,2020,60.0,1.0,0,0,0,0,0,0,8.04,290.35,2020-05-24 10:17:40,2020-05-24 00:49:29,19.4,282.32,New Moon,1.61,81,Pasture/Hay,237.007,0,AMJ,0.01,Neutral,0.39776954,0.34320834,0.41433325,0.35916665,59.1425,69.256256,56.38625,65.22125,83.7,63.1,72.4,5.6,0.07,4.0,86,6.2,1,100,Heavy rain at times
898062,2020-05-24 18:55:00,2020-05-24 19:55:00,HARRISON CO.,COLBYS STORE,2.13,1.74,ODDVILLE,38.46,-84.27,38.4571,-84.2669,2020,60.0,1.0,0,0,10000,0,0,0,8.03,290.34,2020-05-24 10:18:18,2020-05-24 00:49:18,19.41,282.34,New Moon,1.61,81,Pasture/Hay,234.493,0,AMJ,0.01,Neutral,0.39519632,0.35075,0.41049996,0.35754165,59.290474,69.3275,56.539997,65.37499,82.5,64.4,72.3,7.6,0.17,4.0,86,8.5,1,100,Moderate or heavy rain shower
882863,2020-05-25 15:30:00,2020-05-25 16:40:00,BELL CO.,TINSLEY,0.24,0.0,TINSLEY,36.7787,-83.774,36.7791,-83.7773,2020,70.0,1.17,0,0,10000,0,0,0,7.21,290.96,2020-05-25 10:20:12,2020-05-25 00:43:40,29.56,278.08,Waxing Crescent,5.16,21,"Developed, Open Space",304.253,8,AMJ,0.01,Neutral,0.3861612,0.38525,0.38254163,0.398875,62.165714,70.82091,59.702152,67.72715,82.1,63.0,73.0,5.0,0.24,4.0,80,7.5,1,100,Moderate or heavy rain shower
882865,2020-05-25 19:08:00,2020-05-25 20:08:00,ROWAN CO.,MOREHEAD,1.49,2.33,BRADY,38.1755,-83.4569,38.1337,-83.4447,2020,60.0,1.0,0,0,25000,200,0,0,7.47,290.97,2020-05-25 10:15:14,2020-05-25 00:46:05,29.49,277.45,Waxing Crescent,5.16,81,Pasture/Hay,213.565,0,AMJ,0.01,Neutral,0.39229834,0.37233338,0.40079173,0.36983338,59.898315,69.58625,57.15125,66.0875,85.4,63.9,73.8,2.9,0.05,4.0,80,8.6,1,100,Heavy rain at times
882866,2020-05-25 19:15:00,2020-05-25 20:15:00,ROWAN CO.,BRADY,1.59,1.44,BRADY,38.1484,-83.4198,38.1483,-83.3907,2020,60.0,1.0,0,0,3000,0,0,0,7.43,291.0,2020-05-25 10:15:10,2020-05-25 00:45:52,29.46,277.48,Waxing Crescent,5.16,41,Deciduous Forest,321.201,0,AMJ,0.01,Neutral,0.3927745,0.3723333,0.39908326,0.37795833,60.058292,69.5975,57.35375,66.151245,85.4,63.9,73.8,2.9,0.05,4.0,80,8.6,1,100,Heavy rain at times
882867,2020-05-25 19:40:00,2020-05-25 20:55:00,ROWAN CO.,FARMERS,0.88,0.14,MOREHEAD ROWAN ARPT,38.14,-83.54,38.1396,-83.5393,2020,75.0,1.25,0,0,11000,0,0,0,7.52,290.93,2020-05-25 10:15:40,2020-05-25 00:46:19,29.56,277.42,Waxing Crescent,5.16,41,Deciduous Forest,234.083,0,AMJ,0.01,Neutral,0.380685,0.362,0.38945833,0.35683334,60.332676,69.755005,57.64625,66.402504,85.4,63.9,73.8,2.9,0.05,4.0,80,8.6,1,100,Heavy rain at times
883635,2020-05-25 19:45:00,2020-05-25 20:45:00,ROWAN CO.,BLUESTONE,0.0,0.3,BLUESTONE,38.15,-83.52,38.1467,-83.5182,2020,60.0,1.0,0,0,0,1000,0,0,7.51,290.94,2020-05-25 10:15:33,2020-05-25 00:46:16,29.54,277.43,Waxing Crescent,5.16,22,"Developed, Low Intensity",232.809,11,AMJ,0.01,Neutral,0.380685,0.362,0.38945833,0.35683334,60.332676,69.755005,57.64625,66.402504,85.4,63.9,73.8,2.9,0.05,4.0,80,8.6,1,100,Heavy rain at times
899007,2020-06-04 16:25:00,2020-06-04 21:00:00,DAVIESS CO.,(OWB)OWENSBORO ARPT,2.17,1.21,MOSELEYVILLE,37.7363,-87.1344,37.6912,-87.1921,2020,275.0,4.58,0,0,30000,0,0,0,11.14,289.93,2020-06-04 10:27:01,2020-06-04 01:06:38,10.93,118.86,Waxing Gibbous,95.49,21,"Developed, Open Space",119.658,0,MJJ,-0.23,Neutral,0.30389667,0.2899167,0.31195828,0.28091666,67.241486,74.90375,64.737495,73.2725,82.2,68.2,74.1,9.2,1.7,6.0,84,6.9,1,100,Moderate or heavy rain shower
906614,2020-06-18 19:00:00,2020-06-18 21:00:00,TAYLOR CO.,LORAIN,2.07,2.17,LORAIN,37.38,-85.38,37.3817,-85.3845,2020,120.0,2.0,0,0,0,0,0,0,10.8,291.36,2020-06-18 10:20:20,2020-06-18 01:05:03,-23.21,310.56,Waning Crescent,10.69,43,Mixed Forest,231.742,0,MJJ,-0.23,Neutral,0.3572546,0.30795833,0.36870834,0.33441666,65.701065,69.878746,64.7075,67.715004,78.0,59.4,69.0,5.4,0.04,5.0,84,10.3,1,100,Patchy rain possible
906615,2020-06-18 19:00:00,2020-06-18 21:00:00,TAYLOR CO.,HOBSON,0.68,1.37,SALOMA,37.4195,-85.3823,37.4149,-85.3884,2020,120.0,2.0,0,0,0,0,0,0,10.82,291.35,2020-06-18 10:20:13,2020-06-18 01:05:11,-23.19,310.57,Waning Crescent,10.69,82,Cultivated Crops,274.69,0,MJJ,-0.23,Neutral,0.2827763,0.23037499,0.29529172,0.2573334,65.55189,69.17,64.70374,67.25375,78.0,59.4,69.0,5.4,0.04,5.0,84,10.3,1,100,Patchy rain possible
899012,2020-06-28 07:00:00,2020-06-28 18:45:00,HENDERSON CO.,HENDERSON,0.0,0.0,CORYDON,37.83,-87.58,37.73,-87.7,2020,705.0,11.75,0,0,100000,0,0,0,12.89,289.64,2020-06-28 10:30:37,2020-06-28 01:16:46,55.29,188.64,First Quarter,46.16,82,Cultivated Crops,120.311,0,MJJ,-0.23,Neutral,0.26119167,0.34566665,0.24900003,0.27483335,72.215454,77.041245,70.583755,76.20125,83.2,71.8,76.9,11.9,1.19,5.0,87,8.9,1,100,Moderate or heavy rain shower
906553,2020-06-28 07:41:00,2020-06-28 09:41:00,OHIO CO.,DUNDEE,0.0,0.98,DUNDEE,37.55,-86.78,37.5676,-86.7828,2020,120.0,2.0,0,0,0,0,0,0,12.21,290.14,2020-06-28 10:28:15,2020-06-28 01:12:44,55.47,190.12,First Quarter,46.16,82,Cultivated Crops,125.427,0,MJJ,-0.23,Neutral,0.37809464,0.46620834,0.3715001,0.37133333,69.390236,74.42,67.700005,73.50875,82.1,70.2,76.1,9.8,1.28,5.0,91,4.2,1,100,Moderate or heavy rain shower
899013,2020-06-28 07:41:00,2020-06-28 19:00:00,MCLEAN CO.,CALHOUN,0.0,0.0,CALHOUN,37.53,-87.27,37.555,-87.2445,2020,679.0,11.32,0,0,250000,0,0,0,12.56,289.87,2020-06-28 10:30:16,2020-06-28 01:14:38,55.55,189.26,First Quarter,46.16,22,"Developed, Low Intensity",117.933,25,MJJ,-0.23,Neutral,0.2718304,0.37066662,0.26133338,0.27487502,71.57319,76.79375,69.85249,75.7325,82.1,70.7,76.6,10.7,1.75,5.0,90,3.1,1,100,Moderate or heavy rain shower
899021,2020-06-28 07:45:00,2020-06-28 19:00:00,DAVIESS CO.,OWENSBORO,0.0,0.0,CURDSVILLE,37.77,-87.12,37.73,-87.33,2020,675.0,11.25,0,0,100000,0,0,0,12.53,289.9,2020-06-28 10:28:57,2020-06-28 01:14:45,55.29,189.46,First Quarter,46.16,82,Cultivated Crops,120.115,0,MJJ,-0.23,Neutral,0.2918884,0.38095832,0.279125,0.3059583,71.73722,76.11875,70.23125,75.439995,81.2,71.2,75.9,11.6,1.38,5.0,89,4.1,1,100,Moderate or heavy rain shower
906554,2020-06-28 08:30:00,2020-06-28 09:30:00,GRAYSON CO.,BIG CLIFTY,1.21,1.33,BIG CLIFTY,37.5331,-86.156,37.5414,-86.1598,2020,60.0,1.0,0,0,0,0,0,0,11.74,290.48,2020-06-28 10:25:48,2020-06-28 01:10:11,55.39,191.22,First Quarter,46.16,81,Pasture/Hay,222.914,0,MJJ,-0.23,Neutral,0.39018378,0.46524993,0.37074998,0.4317917,68.51825,73.07,66.98,72.275,80.2,69.3,74.0,10.7,2.41,6.0,92,4.2,1,100,Moderate or heavy rain shower
906555,2020-06-28 08:42:00,2020-06-28 10:42:00,GRAYSON CO.,CHURCH,1.92,2.77,CANEYVILLE,37.4153,-86.3202,37.3892,-86.5046,2020,120.0,2.0,0,0,30000,0,0,0,11.82,290.42,2020-06-28 10:26:49,2020-06-28 01:10:29,55.53,190.97,First Quarter,46.16,43,Mixed Forest,194.676,0,MJJ,-0.23,Neutral,0.38622585,0.47108328,0.36987498,0.41400003,68.59993,73.42999,67.021255,72.4025,80.2,69.3,74.0,10.7,2.41,6.0,92,4.5,1,100,Moderate or heavy rain shower
906556,2020-06-28 09:00:00,2020-06-28 11:00:00,OHIO CO.,BEAVER DAM,1.4,0.75,BEAVER DAM,37.4179,-86.892,37.4246,-86.8657,2020,120.0,2.0,0,0,50000,0,0,0,12.24,290.1,2020-06-28 10:29:05,2020-06-28 01:12:47,55.61,189.95,First Quarter,46.16,21,"Developed, Open Space",133.843,0,MJJ,-0.23,Neutral,0.3729504,0.47816667,0.36366662,0.36970833,69.716415,75.09875,67.96999,73.909996,82.1,70.2,76.1,9.8,1.28,5.0,91,4.2,1,100,Moderate or heavy rain shower
906557,2020-06-28 09:28:00,2020-06-28 11:28:00,GRAYSON CO.,CHURCH,2.35,2.63,CHURCH,37.4,-86.33,37.4134,-86.3354,2020,120.0,2.0,0,0,15000,0,0,0,11.82,290.41,2020-06-28 10:26:54,2020-06-28 01:10:29,55.55,190.95,First Quarter,46.16,41,Deciduous Forest,188.312,0,MJJ,-0.23,Neutral,0.38247502,0.47862503,0.3596667,0.428625,68.60544,73.48625,67.021255,72.41,80.2,69.3,74.0,10.7,2.41,6.0,92,4.5,1,100,Moderate or heavy rain shower
906558,2020-06-28 10:00:00,2020-06-28 12:00:00,GRAYSON CO.,PEONIA,3.42,3.29,MEREDITH,37.432,-86.2805,37.4258,-86.2795,2020,120.0,2.0,0,0,0,0,0,0,11.8,290.43,2020-06-28 10:26:36,2020-06-28 01:10:23,55.51,191.03,First Quarter,46.16,41,Deciduous Forest,173.904,0,MJJ,-0.23,Neutral,0.38622585,0.47108328,0.36987498,0.41400003,68.59993,73.42999,67.021255,72.4025,80.2,69.3,74.0,10.7,2.41,6.0,92,4.5,1,100,Moderate or heavy rain shower
906559,2020-06-28 12:10:00,2020-06-28 14:10:00,BUTLER CO.,MORGANTOWN,1.37,1.15,MORGANTOWN,37.207,-86.7188,37.2067,-86.7234,2020,120.0,2.0,0,0,0,0,0,0,12.04,290.24,2020-06-28 10:29:01,2020-06-28 01:11:28,55.8,190.32,First Quarter,46.16,24,"Developed, High Intensity",158.978,0,MJJ,-0.23,Neutral,0.3852725,0.47399995,0.3715001,0.40291667,69.29435,74.84375,67.564995,73.37375,80.1,69.8,74.9,9.4,1.38,5.0,94,6.3,1,100,Moderate or heavy rain shower
906560,2020-06-28 13:00:00,2020-06-28 15:00:00,WARREN CO.,BOWLING GREEN,0.88,1.31,(BWG)BOWLING GREEN A,36.97,-86.44,36.9649,-86.4332,2020,120.0,2.0,0,0,0,0,0,0,11.75,290.44,2020-06-28 10:28:36,2020-06-28 01:09:39,55.99,190.88,First Quarter,46.16,24,"Developed, High Intensity",161.631,80,MJJ,-0.23,Neutral,0.3627467,0.4719167,0.35150006,0.36491665,69.182526,74.956245,67.46,73.16375,81.5,69.3,74.6,10.4,0.65,5.0,93,3.6,1,100,Moderate or heavy rain shower
906561,2020-06-28 14:00:00,2020-06-28 16:00:00,OHIO CO.,BEAVER DAM,0.69,0.6,BEAVER DAM,37.41,-86.88,37.4014,-86.8571,2020,120.0,2.0,0,0,10000,0,0,0,12.23,290.11,2020-06-28 10:29:04,2020-06-28 01:12:43,55.62,189.98,First Quarter,46.16,82,Cultivated Crops,123.115,0,MJJ,-0.23,Neutral,0.3729504,0.47816667,0.36366662,0.36970833,69.716415,75.09875,67.96999,73.909996,82.1,70.2,76.1,9.8,1.28,5.0,91,4.2,1,100,Moderate or heavy rain shower
906562,2020-06-28 15:00:00,2020-06-28 17:00:00,SIMPSON CO.,FRANKLIN WHAK ARPT,1.03,0.4,FRANKLIN WHAK ARPT,36.7228,-86.6118,36.7368,-86.6094,2020,120.0,2.0,0,0,0,0,0,0,11.8,290.39,2020-06-28 10:30:01,2020-06-28 01:09:37,56.27,190.64,First Quarter,46.16,82,Cultivated Crops,213.569,0,MJJ,-0.23,Neutral,0.39315212,0.49295828,0.37245843,0.43083334,70.94416,76.4075,69.34999,74.588745,81.9,69.4,75.7,11.2,0.46,4.0,90,4.2,1,100,Moderate or heavy rain shower
906563,2020-06-28 15:00:00,2020-06-28 17:00:00,SIMPSON CO.,MIDDLETON,0.77,1.47,MIDDLETON,36.7408,-86.7121,36.7469,-86.7093,2020,120.0,2.0,0,0,0,0,0,0,11.88,290.33,2020-06-28 10:30:22,2020-06-28 01:10:04,56.26,190.46,First Quarter,46.16,82,Cultivated Crops,195.851,0,MJJ,-0.23,Neutral,0.3892571,0.49170828,0.36583337,0.43541673,71.05156,76.7975,69.417496,74.738754,81.9,69.4,75.7,11.2,0.46,4.0,90,4.2,1,100,Moderate or heavy rain shower
906564,2020-06-29 05:00:00,2020-06-29 07:00:00,WASHINGTON CO.,SPRINGFIELD,1.38,1.23,SPRINGFIELD,37.7,-85.22,37.7086,-85.2112,2020,120.0,2.0,0,0,0,0,0,0,11.11,290.9,2020-06-29 10:21:59,2020-06-29 01:06:56,49.62,172.54,Waxing Gibbous,57.67,81,Pasture/Hay,221.058,0,MJJ,-0.23,Neutral,0.32037833,0.42620835,0.28087506,0.4205416,68.187614,73.07,66.8675,71.08625,84.7,67.6,75.6,6.5,1.11,5.0,89,4.9,1,100,Moderate or heavy rain shower
906565,2020-06-29 09:39:00,2020-06-29 11:39:00,BOYLE CO.,PERRYVILLE,0.0,0.12,PERRYVILLE,37.65,-84.95,37.6497,-84.9525,2020,120.0,2.0,0,0,0,0,0,0,10.9,291.06,2020-06-29 10:21:03,2020-06-29 01:05:43,49.7,172.95,Waxing Gibbous,57.67,23,"Developed, Medium Intensity",256.875,64,MJJ,-0.23,Neutral,0.31465253,0.42562506,0.27429163,0.41604164,67.71823,72.3575,66.45875,70.49,83.8,67.2,74.3,6.0,0.91,4.0,89,5.2,1,100,Moderate or heavy rain shower
906566,2020-06-29 09:45:00,2020-06-29 11:45:00,WASHINGTON CO.,WILLISBURG,0.69,1.25,BRUSH GROVE,37.81,-85.12,37.808,-85.1821,2020,120.0,2.0,0,0,0,0,0,0,11.08,290.94,2020-06-29 10:21:15,2020-06-29 01:06:52,49.52,172.71,Waxing Gibbous,57.67,41,Deciduous Forest,238.376,0,MJJ,-0.23,Neutral,0.30829585,0.42470837,0.265625,0.41579163,68.208305,72.935005,66.931244,71.01125,84.7,67.6,75.6,6.5,1.11,5.0,89,4.9,1,100,Moderate or heavy rain shower
906567,2020-06-29 09:56:00,2020-06-29 11:56:00,BOYLE CO.,PERRYVILLE,1.49,1.11,MITCHELLSBURG,37.63,-84.94,37.6242,-84.9359,2020,120.0,2.0,0,0,0,0,0,0,10.88,291.07,2020-06-29 10:21:04,2020-06-29 01:05:37,49.72,172.96,Waxing Gibbous,57.67,81,Pasture/Hay,269.461,0,MJJ,-0.23,Neutral,0.31465253,0.42562506,0.27429163,0.41604164,67.71823,72.3575,66.45875,70.49,83.8,67.2,74.3,6.0,0.91,4.0,89,5.2,1,100,Moderate or heavy rain shower
906568,2020-06-29 10:15:00,2020-06-29 12:15:00,WASHINGTON CO.,THOMPSONVILLE,1.59,2.18,PLEASANT GROVE,37.7394,-85.1146,37.7704,-85.1661,2020,120.0,2.0,0,0,60000,0,0,0,11.05,290.95,2020-06-29 10:21:26,2020-06-29 01:06:38,49.59,172.7,Waxing Gibbous,57.67,81,Pasture/Hay,242.437,0,MJJ,-0.23,Neutral,0.31348127,0.42725,0.27158332,0.41920832,68.05179,72.785,66.770004,70.86875,84.7,67.6,75.6,6.5,1.11,5.0,89,4.9,1,100,Moderate or heavy rain shower
906569,2020-06-29 10:15:00,2020-06-29 11:15:00,WASHINGTON CO.,WILLISBURG,2.05,1.96,WILLISBURG,37.7764,-85.0972,37.7822,-85.0994,2020,60.0,1.0,0,0,0,0,0,0,11.05,290.95,2020-06-29 10:21:15,2020-06-29 01:06:41,49.56,172.74,Waxing Gibbous,57.67,81,Pasture/Hay,241.24,0,MJJ,-0.23,Neutral,0.30829585,0.42470837,0.265625,0.41579163,68.208305,72.935005,66.931244,71.01125,84.7,67.6,75.6,6.5,1.11,5.0,89,4.9,1,100,Moderate or heavy rain shower
906570,2020-06-29 10:30:00,2020-06-29 12:30:00,WASHINGTON CO.,WILLISBURG,1.09,1.15,WILLISBURG,37.8,-85.14,37.8009,-85.144,2020,120.0,2.0,0,0,0,0,0,0,11.09,290.93,2020-06-29 10:21:21,2020-06-29 01:06:55,49.53,172.67,Waxing Gibbous,57.67,81,Pasture/Hay,235.838,0,MJJ,-0.23,Neutral,0.32116333,0.42708325,0.2819167,0.42041662,68.24,73.1225,66.927505,71.1125,84.7,67.6,75.6,6.5,1.11,5.0,89,4.9,1,100,Moderate or heavy rain shower
914808,2020-06-29 10:45:00,2020-06-29 12:45:00,WASHINGTON CO.,WILLISBURG,1.14,0.95,WILLISBURG,37.7951,-85.1399,37.7972,-85.1465,2020,120.0,2.0,1,1,30000,0,0,0,11.09,290.93,2020-06-29 10:21:22,2020-06-29 01:06:54,49.53,172.67,Waxing Gibbous,57.67,21,"Developed, Open Space",240.151,9,MJJ,-0.23,Neutral,0.32116333,0.42708325,0.2819167,0.42041662,68.24,73.1225,66.927505,71.1125,84.7,67.6,75.6,6.5,1.11,5.0,89,4.9,1,100,Moderate or heavy rain shower
892422,2020-06-29 17:17:00,2020-06-29 17:57:00,PULASKI CO.,SCIENCE HILL,1.96,1.96,SCIENCE HILL,37.1735,-84.5853,37.1734,-84.5852,2020,40.0,0.67,0,0,300,0,0,0,10.46,291.34,2020-06-29 10:21:00,2020-06-29 01:02:50,50.21,173.45,Waxing Gibbous,57.67,21,"Developed, Open Space",309.394,7,MJJ,-0.23,Neutral,0.4113979,0.5091667,0.37649992,0.49845836,67.328186,72.368744,65.94875,70.3775,83.3,69.1,74.7,6.2,1.11,4.0,91,3.7,1,100,Moderate or heavy rain shower
906571,2020-06-29 18:00:00,2020-06-29 20:00:00,CASEY CO.,LANHAMTOWN,1.73,1.03,LIBERTY,37.3421,-84.9076,37.3152,-84.95,2020,120.0,2.0,0,0,0,0,0,0,10.76,291.14,2020-06-29 10:21:47,2020-06-29 01:04:37,50.01,172.97,Waxing Gibbous,57.67,41,Deciduous Forest,301.108,0,MJJ,-0.23,Neutral,0.34178463,0.42983338,0.3089167,0.425125,67.36981,72.00875,66.113754,70.130005,82.9,66.7,74.5,6.0,1.19,4.0,89,4.7,1,100,Moderate or heavy rain shower
906572,2020-06-29 19:22:00,2020-06-29 20:22:00,JEFFERSON CO.,STRATHMOOR VLG,1.26,1.35,STRATHMOOR VLG,38.228,-85.5791,38.2298,-85.5785,2020,60.0,1.0,0,0,0,0,0,0,11.56,290.6,2020-06-29 10:21:49,2020-06-29 01:09:58,49.05,172.06,Waxing Gibbous,57.67,23,"Developed, Medium Intensity",201.499,76,MJJ,-0.23,Neutral,0.2900692,0.40141666,0.263125,0.3453333,70.59887,75.99875,69.068756,74.045,87.0,70.0,77.0,4.9,0.76,5.0,77,6.6,1,100,Moderate or heavy rain shower
892424,2020-06-29 19:30:00,2020-06-29 20:10:00,PULASKI CO.,COIN,0.41,0.43,COIN,37.1641,-84.5012,37.1643,-84.5008,2020,40.0,0.67,0,0,200,0,0,0,10.39,291.39,2020-06-29 10:20:41,2020-06-29 01:02:28,50.23,173.58,Waxing Gibbous,57.67,21,"Developed, Open Space",274.766,10,MJJ,-0.23,Neutral,0.4222871,0.50745827,0.38983333,0.5051666,67.21986,72.14375,65.87375,70.19375,83.3,69.1,74.7,6.2,1.11,4.0,91,3.7,1,100,Moderate or heavy rain shower
906589,2020-06-29 19:40:00,2020-06-29 21:40:00,TAYLOR CO.,MANNSVILLE,0.88,0.35,MANNSVILLE,37.38,-85.19,37.392,-85.1909,2020,120.0,2.0,0,0,0,0,0,0,10.98,290.97,2020-06-29 10:22:49,2020-06-29 01:05:52,49.94,172.53,Waxing Gibbous,57.67,81,Pasture/Hay,228.164,0,MJJ,-0.23,Neutral,0.41642502,0.5046249,0.3827083,0.50262505,67.82529,73.3325,66.33875,71.08625,84.7,67.2,75.6,6.3,0.95,4.0,89,4.5,1,100,Moderate or heavy rain shower
906573,2020-06-29 19:40:00,2020-06-29 21:40:00,MARION CO.,BRADFORDSVILLE,2.3,1.85,BRADFORDSVILLE,37.51,-85.11,37.4825,-85.1579,2020,120.0,2.0,0,0,0,0,0,0,10.97,291.0,2020-06-29 10:22:06,2020-06-29 01:05:56,49.82,172.68,Waxing Gibbous,57.67,41,Deciduous Forest,265.62,0,MJJ,-0.23,Neutral,0.3217971,0.42545834,0.28458336,0.41483334,67.8638,72.50375,66.57125,70.74875,84.9,67.8,75.6,6.5,0.87,4.0,89,5.4,1,100,Moderate or heavy rain shower
906590,2020-06-29 19:51:00,2020-06-29 21:51:00,JEFFERSON CO.,ST REGIS PARK,0.69,0.46,ST REGIS PARK,38.22,-85.55,38.2212,-85.5635,2020,120.0,2.0,0,0,0,0,0,0,11.54,290.62,2020-06-29 10:21:44,2020-06-29 01:09:50,49.06,172.11,Waxing Gibbous,57.67,23,"Developed, Medium Intensity",208.742,67,MJJ,-0.23,Neutral,0.30606294,0.4115417,0.27312505,0.38383332,68.81825,73.7525,67.385,72.0875,87.0,70.0,77.0,4.9,0.76,5.0,77,6.6,1,100,Moderate or heavy rain shower
906591,2020-06-29 20:00:00,2020-06-29 23:00:00,WASHINGTON CO.,CROAKES,0.43,1.34,FREDRICKTOWN,37.7644,-85.3268,37.7546,-85.3426,2020,180.0,3.0,0,0,50000,0,0,0,11.22,290.83,2020-06-29 10:22:13,2020-06-29 01:07:34,49.54,172.38,Waxing Gibbous,57.67,81,Pasture/Hay,212.109,0,MJJ,-0.23,Neutral,0.32599086,0.42583337,0.28879166,0.42025003,68.424835,73.43749,67.073746,71.38626,86.7,68.4,76.7,6.3,1.09,5.0,86,5.9,1,100,Moderate or heavy rain shower
906592,2020-06-29 20:15:00,2020-06-29 23:15:00,MARION CO.,BRADFORDSVILLE,3.02,3.41,BRADFORDSVILLE,37.47,-85.11,37.4723,-85.1118,2020,180.0,3.0,0,0,0,0,0,0,10.95,291.0,2020-06-29 10:22:13,2020-06-29 01:05:49,49.86,172.67,Waxing Gibbous,57.67,82,Cultivated Crops,214.291,0,MJJ,-0.23,Neutral,0.33422458,0.42695832,0.29987496,0.42108342,67.79079,72.503746,66.4775,70.722496,84.9,67.8,75.6,6.5,0.87,4.0,89,5.4,1,100,Moderate or heavy rain shower
906593,2020-06-29 20:15:00,2020-06-29 22:15:00,MARION CO.,RILEY,9.57,2.97,JESSIETOWN,37.4549,-84.9731,37.4428,-85.3191,2020,120.0,2.0,0,0,50000,0,0,0,10.85,291.08,2020-06-29 10:21:43,2020-06-29 01:05:13,49.89,172.88,Waxing Gibbous,57.67,41,Deciduous Forest,284.906,0,MJJ,-0.23,Neutral,0.34256458,0.42895833,0.31058332,0.42341664,67.47114,72.083755,66.1925,70.317505,82.9,66.7,74.5,6.0,1.19,4.0,89,4.7,1,100,Moderate or heavy rain shower
906594,2020-06-29 20:17:00,2020-06-29 22:17:00,JEFFERSON CO.,JEFFERSONTOWN,1.29,1.45,JEFFERSONTOWN,38.19,-85.55,38.1913,-85.5532,2020,120.0,2.0,0,0,0,0,0,0,11.53,290.62,2020-06-29 10:21:49,2020-06-29 01:09:44,49.09,172.1,Waxing Gibbous,57.67,41,Deciduous Forest,190.352,0,MJJ,-0.23,Neutral,0.30606294,0.4115417,0.27312505,0.38383332,68.81825,73.7525,67.385,72.0875,87.0,70.0,77.0,4.9,0.76,5.0,77,6.6,1,100,Moderate or heavy rain shower
906595,2020-06-29 20:30:00,2020-06-29 22:30:00,MARION CO.,RILEY,6.94,6.13,BRADFORDSVILLE,37.4662,-85.0303,37.4446,-85.0555,2020,120.0,2.0,0,0,10000,0,0,0,10.89,291.05,2020-06-29 10:21:55,2020-06-29 01:05:29,49.87,172.79,Waxing Gibbous,57.67,41,Deciduous Forest,288.338,0,MJJ,-0.23,Neutral,0.34256458,0.42895833,0.31058332,0.42341664,67.47114,72.083755,66.1925,70.317505,82.9,66.7,74.5,6.0,1.19,4.0,89,4.7,1,100,Moderate or heavy rain shower
892425,2020-06-29 20:30:00,2020-06-29 21:00:00,MCCREARY CO.,WHITE OAK JCT,1.11,1.31,WHITE OAK JCT,36.7,-84.6,36.6991,-84.5991,2020,30.0,0.5,0,0,400,0,0,0,10.3,291.42,2020-06-29 10:22:27,2020-06-29 01:01:31,50.69,173.36,Waxing Gibbous,57.67,41,Deciduous Forest,267.921,0,MJJ,-0.23,Neutral,0.25536373,0.37900004,0.23483334,0.28454167,68.0444,73.0925,66.67625,71.0525,82.0,68.3,74.0,5.6,0.75,3.0,95,4.0,1,100,Moderate or heavy rain shower
906596,2020-06-29 21:30:00,2020-06-29 23:30:00,NELSON CO.,BARDSTOWN,1.76,2.66,EARLY TIMES,37.8,-85.45,37.8,-85.4435,2020,120.0,2.0,0,0,0,0,0,0,11.32,290.75,2020-06-29 10:22:36,2020-06-29 01:08:10,49.5,172.19,Waxing Gibbous,57.67,21,"Developed, Open Space",175.822,4,MJJ,-0.23,Neutral,0.32177165,0.42079172,0.28433338,0.41712508,68.710434,73.95125,67.31,71.765,86.7,68.4,76.7,6.3,1.09,5.0,86,5.9,1,100,Moderate or heavy rain shower
906597,2020-06-29 23:01:00,2020-06-30 01:01:00,NELSON CO.,COXS CREEK,2.58,2.91,COXS CREEK,37.88,-85.43,37.8765,-85.4399,2020,120.0,2.0,0,0,0,0,0,0,11.33,290.75,2020-06-29 10:22:17,2020-06-29 01:08:19,49.42,172.24,Waxing Gibbous,57.67,82,Cultivated Crops,198.024,0,MJJ,-0.23,Neutral,0.32779667,0.42429164,0.29187503,0.41879165,68.593475,73.7525,67.1975,71.659996,86.7,68.4,76.7,6.3,1.09,5.0,86,5.9,1,100,Moderate or heavy rain shower
891207,2020-06-30 00:30:00,2020-06-30 02:30:00,BRACKEN CO.,FOSTER,0.5,0.63,FOSTER,38.7936,-84.2156,38.794,-84.2146,2020,120.0,2.0,0,0,20000,0,0,0,10.77,291.2,2020-06-30 10:15:04,2020-06-30 01:06:13,40.68,158.8,Waxing Gibbous,68.81,23,"Developed, Medium Intensity",171.114,0,MJJ,-0.23,Neutral,0.2603092,0.35604167,0.2419167,0.29145834,68.16065,73.996254,66.372505,72.34625,83.7,68.3,74.4,4.3,0.45,4.0,87,5.9,1,100,Moderate or heavy rain shower
899101,2020-06-30 14:30:00,2020-06-30 15:30:00,MCCRACKEN CO.,CECIL,0.65,0.99,ROWLANDTOWN,37.103,-88.6588,37.1007,-88.6116,2020,60.0,1.0,0,0,0,0,0,0,13.47,289.06,2020-06-30 10:37:56,2020-06-30 01:18:53,40.78,152.63,Waxing Gibbous,68.81,82,Cultivated Crops,99.8962,0,MJJ,-0.23,Neutral,0.27074084,0.39383337,0.24724998,0.31025,73.749054,78.54875,72.10999,77.76875,84.0,70.7,76.6,11.2,1.6,2.0,92,3.7,1,100,Moderate or heavy rain shower
892106,2020-06-30 14:45:00,2020-06-30 16:30:00,GREENUP CO.,TRUITT,0.33,0.47,BENNETT,38.5753,-83.0007,38.529,-82.9979,2020,105.0,1.75,0,0,2000,0,0,0,9.82,291.93,2020-06-30 10:10:53,2020-06-30 01:00:41,41.22,160.28,Waxing Gibbous,68.81,41,Deciduous Forest,292.569,0,MJJ,-0.23,Neutral,0.2367542,0.29416665,0.23433328,0.22591667,67.82428,73.759995,65.96001,72.237495,85.6,68.2,75.8,3.8,0.46,5.0,73,6.4,1,100,Moderate or heavy rain shower
892433,2020-06-30 16:10:00,2020-06-30 16:30:00,FLOYD CO.,WEST PRESTONSBURG,2.01,2.0,WEST PRESTONSBURG,37.6872,-82.8297,37.6871,-82.8293,2020,20.0,0.33,0,0,800,0,0,0,9.37,292.16,2020-06-30 10:12:53,2020-06-30 00:57:18,42.11,160.23,Waxing Gibbous,68.81,41,Deciduous Forest,198.494,0,MJJ,-0.23,Neutral,0.2559017,0.36066672,0.23299998,0.29950002,67.66992,72.128746,66.275,70.96625,79.1,68.7,73.3,3.8,0.27,4.0,90,4.6,1,100,Moderate or heavy rain shower
905101,2020-07-01 15:01:00,2020-07-01 20:30:00,CALLOWAY CO.,MURRAY,3.0,2.41,HAZEL,36.6507,-88.3583,36.5,-88.41,2020,329.0,5.48,0,0,30000,0,0,0,13.09,289.24,2020-07-01 10:38:30,2020-07-01 01:16:19,31.02,141.94,Waxing Gibbous,78.96,82,Cultivated Crops,155.867,0,JJA,-0.36,Neutral,0.23608585,0.35708332,0.21870834,0.25533327,71.86651,75.841255,70.52749,75.1325,82.8,71.2,77.0,7.7,0.23,3.0,91,6.3,1,100,Moderate or heavy rain shower
908084,2020-07-05 16:45:00,2020-07-05 18:45:00,WARREN CO.,GLENMORE,31.32,31.37,GLENMORE,37.6193,-86.3247,37.6224,-86.326,2020,120.0,2.0,0,0,0,0,0,0,11.84,289.77,2020-07-05 10:29:35,2020-07-05 01:10:27,-11.57,112.28,Full Moon,99.94,41,Deciduous Forest,215.456,0,JJA,-0.36,Neutral,0.36075544,0.36479166,0.35387507,0.38300002,71.01332,77.9225,68.869995,76.05875,89.9,70.0,79.0,5.6,0.13,6.0,79,11.1,1,100,Moderate or heavy rain shower
905229,2020-07-05 16:50:00,2020-07-05 18:00:00,TODD CO.,GUTHRIE,2.0,1.0,GUTHRIE,36.679,-87.17,36.6634,-87.184,2020,70.0,1.17,0,0,0,0,0,0,12.16,289.5,2020-07-05 10:35:40,2020-07-05 01:11:07,-11.84,111.98,Full Moon,99.94,82,Cultivated Crops,176.335,0,JJA,-0.36,Neutral,0.37558126,0.39675006,0.35958347,0.42337498,71.91226,77.6825,70.08501,76.253746,86.8,70.5,78.5,7.6,0.35,5.0,80,8.1,1,100,Moderate or heavy rain shower
913357,2020-07-05 17:18:00,2020-07-05 18:18:00,GRAYSON CO.,CLARKSON,0.76,0.34,CLARKSON,37.4917,-86.2108,37.4863,-86.2047,2020,60.0,1.0,0,0,0,0,0,0,11.71,289.86,2020-07-05 10:29:30,2020-07-05 01:09:37,-11.44,112.36,Full Moon,99.94,22,"Developed, Low Intensity",212.02,10,JJA,-0.36,Neutral,0.34973505,0.355875,0.34491658,0.3642083,71.2088,78.23375,68.9975,76.448746,89.9,70.0,79.0,5.6,0.13,6.0,79,11.1,1,100,Moderate or heavy rain shower
905237,2020-07-08 14:47:00,2020-07-08 17:00:00,WEBSTER CO.,ORTIZ,1.78,2.47,ORTIZ,37.54,-87.65,37.5472,-87.6302,2020,133.0,2.22,0,0,0,0,0,0,12.71,288.73,2020-07-08 10:36:51,2020-07-08 01:14:46,-39.76,83.9,Waning Gibbous,91.32,82,Cultivated Crops,132.139,0,JJA,-0.36,Neutral,0.3725375,0.37275,0.3653332,0.3971666,73.16488,80.5775,70.988754,78.155,90.0,74.1,82.2,2.5,0.1,6.0,78,10.9,1,100,Heavy rain at times
913358,2020-07-08 15:50:00,2020-07-08 17:50:00,JEFFERSON CO.,SPRINGDALE,1.01,0.87,SPRINGDALE,38.3,-85.5814,38.3032,-85.5827,2020,120.0,2.0,0,0,0,0,0,0,11.42,289.73,2020-07-08 10:26:23,2020-07-08 01:08:42,-38.08,84.7,Waning Gibbous,91.32,41,Deciduous Forest,184.006,0,JJA,-0.36,Neutral,0.26358962,0.24683328,0.26229164,0.273625,74.892395,82.463745,72.590004,80.2625,90.3,76.5,82.6,3.0,0.17,5.0,69,6.8,1,100,Moderate or heavy rain shower
905361,2020-07-17 11:34:00,2020-07-17 14:00:00,CHRISTIAN CO.,HOPKINSVILLE,3.0,6.0,HOPKINSVILLE,36.85,-87.5343,36.85,-87.48,2020,146.0,2.43,0,0,0,0,0,0,11.86,287.71,2020-07-17 10:44:16,2020-07-17 01:08:38,-22.22,319.11,Waning Crescent,14.89,43,Mixed Forest,162.866,0,JJA,-0.36,Neutral,0.35973668,0.44529167,0.34800002,0.37145832,73.86084,78.84874,72.2525,77.7125,86.0,72.3,79.0,4.3,0.3,5.0,88,4.7,1,100,Moderate or heavy rain shower
905369,2020-07-17 11:58:00,2020-07-17 15:15:00,GRAVES CO.,HICKORY,1.49,1.49,MAYFIELD GRAVES ARPT,36.8,-88.62,36.7479,-88.5929,2020,197.0,3.28,0,0,0,0,0,0,12.67,287.12,2020-07-17 10:48:44,2020-07-17 01:12:51,-21.69,318.19,Waning Crescent,14.89,81,Pasture/Hay,155.273,0,JJA,-0.36,Neutral,0.23998922,0.36129165,0.22312503,0.25737497,75.78537,79.8725,74.307495,79.49,86.2,72.9,79.0,6.0,0.81,5.0,87,5.0,1,100,Moderate or heavy rain shower
913756,2020-07-17 13:00:00,2020-07-17 15:00:00,LARUE CO.,TANNER,1.78,1.8,TANNER,37.49,-85.75,37.489,-85.7425,2020,120.0,2.0,0,0,0,0,0,0,10.72,288.58,2020-07-17 10:35:26,2020-07-17 01:03:11,-22.64,320.78,Waning Crescent,14.89,41,Deciduous Forest,223.486,0,JJA,-0.36,Neutral,0.3436246,0.4032083,0.335,0.35333338,74.58024,79.655,72.9425,78.50375,86.9,70.7,78.0,4.0,0.32,3.0,87,8.3,1,100,Moderate or heavy rain shower
913757,2020-07-17 13:44:00,2020-07-17 15:44:00,LARUE CO.,BROOKS,1.3,1.42,BROOKS,37.44,-85.78,37.4425,-85.7794,2020,120.0,2.0,0,0,0,0,0,0,10.73,288.57,2020-07-17 10:35:42,2020-07-17 01:03:10,-22.67,320.74,Waning Crescent,14.89,81,Pasture/Hay,241.265,0,JJA,-0.36,Neutral,0.33741915,0.3994167,0.32383326,0.3633333,74.744865,79.94,73.0625,78.78125,86.9,70.7,78.0,4.0,0.32,3.0,87,8.3,1,100,Moderate or heavy rain shower
913758,2020-07-17 13:47:00,2020-07-17 15:47:00,LARUE CO.,MAXINE,1.3,1.64,TANNER,37.48,-85.78,37.4888,-85.7878,2020,120.0,2.0,0,0,0,0,0,0,10.74,288.56,2020-07-17 10:35:35,2020-07-17 01:03:16,-22.63,320.75,Waning Crescent,14.89,21,"Developed, Open Space",254.041,12,JJA,-0.36,Neutral,0.3436246,0.4032083,0.335,0.35333338,74.58024,79.655,72.9425,78.50375,86.9,70.7,78.0,4.0,0.32,3.0,87,8.3,1,100,Moderate or heavy rain shower
913761,2020-07-17 13:51:00,2020-07-17 14:30:00,HART CO.,HIGH HICKORY,2.05,1.68,BONNIEVILLE,37.433,-85.8637,37.3719,-85.876,2020,39.0,0.65,0,0,0,0,0,0,10.79,288.52,2020-07-17 10:36:03,2020-07-17 01:03:29,-22.63,320.67,Waning Crescent,14.89,41,Deciduous Forest,222.054,0,JJA,-0.36,Neutral,0.33741915,0.3994167,0.32383326,0.3633333,74.744865,79.94,73.0625,78.78125,86.9,70.7,78.0,4.0,0.32,3.0,87,8.3,1,100,Moderate or heavy rain shower
905378,2020-07-17 14:10:00,2020-07-17 15:15:00,MARSHALL CO.,SHARPE,1.77,1.1,SHARPE,36.99,-88.47,36.9913,-88.4759,2020,65.0,1.08,0,0,0,0,0,0,12.61,287.16,2020-07-17 10:47:38,2020-07-17 01:12:44,-21.62,318.36,Waning Crescent,14.89,81,Pasture/Hay,122.954,0,JJA,-0.36,Neutral,0.24768543,0.34916672,0.22716664,0.28420833,75.939644,80.405,74.38249,79.78999,86.0,71.8,78.8,5.6,0.43,5.0,86,4.5,1,100,Heavy rain at times
913759,2020-07-17 14:43:00,2020-07-17 16:43:00,LARUE CO.,BARREN RUN,0.88,0.6,BARREN RUN,37.51,-85.81,37.5129,-85.8093,2020,120.0,2.0,0,0,0,0,0,0,10.77,288.54,2020-07-17 10:35:38,2020-07-17 01:03:28,-22.6,320.73,Waning Crescent,14.89,81,Pasture/Hay,217.783,0,JJA,-0.36,Neutral,0.3436246,0.4032083,0.335,0.35333338,74.58024,79.655,72.9425,78.50375,86.9,70.7,78.0,4.0,0.32,3.0,87,8.3,1,100,Moderate or heavy rain shower
905472,2020-07-20 15:08:00,2020-07-20 17:30:00,MCCRACKEN CO.,CAMMELIA,3.4,1.54,CAMMELIA,36.9926,-88.8312,36.969,-88.8062,2020,142.0,2.37,0,0,0,0,0,0,12.62,286.48,2020-07-20 10:51:17,2020-07-20 01:12:25,6.54,294.44,New Moon,0.68,82,Cultivated Crops,117.268,0,JJA,-0.36,Neutral,0.25543085,0.27808332,0.250875,0.26350006,76.40405,82.61,74.58125,80.585,91.3,73.9,81.9,7.8,0.09,5.0,84,12.1,1,100,Moderate or heavy rain shower
913763,2020-07-26 16:59:00,2020-07-26 18:30:00,ADAIR CO.,COLUMBIA LUDOT ARPT,1.52,1.34,COLUMBIA,37.1018,-85.334,37.1018,-85.3116,2020,91.0,1.52,0,0,0,0,0,0,9.32,287.37,2020-07-26 10:41:40,2020-07-26 00:54:25,45.24,216.91,Waxing Crescent,32.87,23,"Developed, Medium Intensity",224.653,53,JJA,-0.36,Neutral,0.37898836,0.44870833,0.35975012,0.42170835,73.53642,77.66,72.31999,76.3325,86.1,70.3,78.2,4.9,0.35,5.0,83,5.8,1,100,Moderate or heavy rain shower
913765,2020-07-26 17:20:00,2020-07-26 19:20:00,ADAIR CO.,GRADYVILLE,1.08,1.42,PYRUS,37.0646,-85.4238,37.0914,-85.4553,2020,120.0,2.0,0,0,0,0,0,0,9.38,287.32,2020-07-26 10:42:07,2020-07-26 00:54:41,45.31,216.82,Waxing Crescent,32.87,43,Mixed Forest,220.152,0,JJA,-0.36,Neutral,0.3812621,0.4499583,0.35808325,0.43783334,73.63509,77.75001,72.41001,76.463745,86.1,70.3,78.2,4.9,0.35,5.0,83,5.8,1,100,Moderate or heavy rain shower
896306,2020-07-26 20:05:00,2020-07-26 21:00:00,HARLAN CO.,CUMBERLAND,0.89,0.5,CUMBERLAND,36.9829,-82.9789,36.9747,-82.9824,2020,55.0,0.92,0,0,10000,0,0,0,7.51,288.72,2020-07-26 10:32:31,2020-07-26 00:44:43,44.15,219.9,Waxing Crescent,32.87,41,Deciduous Forest,469.47,0,JJA,-0.36,Neutral,0.25369626,0.323625,0.24741669,0.25191662,72.31052,75.950005,71.307495,74.53625,83.6,67.8,75.0,4.0,0.06,5.0,83,9.6,1,100,Patchy rain possible
905688,2020-07-29 13:03:00,2020-07-29 15:00:00,MCCRACKEN CO.,PADUCAH,2.0,2.0,PADUCAH,37.0595,-88.6044,37.109,-88.63,2020,117.0,1.95,0,0,0,0,0,0,11.38,284.97,2020-07-29 10:57:16,2020-07-29 01:04:53,33.74,161.79,Waxing Gibbous,66.66,22,"Developed, Low Intensity",103.675,47,JJA,-0.36,Neutral,0.26332584,0.31033334,0.25799993,0.26591668,78.026634,80.48375,77.36751,79.4675,86.0,73.5,79.6,4.9,0.15,4.0,85,5.1,1,100,Moderate rain at times
913635,2020-07-30 19:45:00,2020-07-30 20:45:00,JEFFERSON CO.,LOUISVILLE,1.53,1.47,LOUISVILLE,38.2079,-85.7786,38.2128,-85.7829,2020,60.0,1.0,0,0,0,0,0,0,9.4,286.2,2020-07-30 10:44:09,2020-07-30 00:55:19,25.9,152.73,Waxing Gibbous,76.76,22,"Developed, Low Intensity",138.726,38,JJA,-0.36,Neutral,0.25034502,0.32512498,0.25149998,0.22145833,77.34793,78.41375,76.336235,80.46124,80.7,73.0,77.6,9.1,1.63,5.0,82,2.8,1,100,Moderate or heavy rain shower
913639,2020-07-30 19:45:00,2020-07-30 21:45:00,JEFFERSON CO.,LOUISVILLE,0.5,0.44,LOUISVILLE,38.2372,-85.7804,38.2373,-85.7812,2020,120.0,2.0,0,0,0,0,0,0,9.41,286.19,2020-07-30 10:44:06,2020-07-30 00:55:23,25.88,152.73,Waxing Gibbous,76.76,23,"Developed, Medium Intensity",136.954,60,JJA,-0.36,Neutral,0.25034502,0.32512498,0.25149998,0.22145833,77.34793,78.41375,76.336235,80.46124,79.0,68.8,76.8,9.5,1.7,5.0,82,2.5,1,100,Moderate or heavy rain shower
913641,2020-07-30 20:00:00,2020-07-30 22:00:00,JEFFERSON CO.,LOUISVILLE,1.56,1.48,LOUISVILLE,38.2131,-85.7608,38.2135,-85.7649,2020,120.0,2.0,0,0,0,0,0,0,9.39,286.21,2020-07-30 10:44:04,2020-07-30 00:55:15,25.9,152.74,Waxing Gibbous,76.76,24,"Developed, High Intensity",140.45,89,JJA,-0.36,Neutral,0.25034502,0.32512498,0.25149998,0.22145833,77.34793,78.41375,76.336235,80.46124,80.7,73.0,77.6,9.1,1.63,5.0,82,2.8,1,100,Moderate or heavy rain shower
900786,2020-08-06 21:32:00,2020-08-06 22:32:00,FLOYD CO.,DANA,1.39,1.42,DANA,37.5698,-82.6952,37.5685,-82.694,2020,60.0,1.0,0,0,0,0,0,0,5.73,286.71,2020-08-06 10:39:09,2020-08-06 00:34:32,-25.61,86.07,Waning Gibbous,94.35,21,"Developed, Open Space",203.74,18,JAS,-0.53,La Nina,0.24578546,0.2870417,0.22433333,0.30558333,71.4932,72.8675,71.14251,72.2375,84.6,63.5,73.3,3.8,0.15,5.0,82,6.4,1,100,Heavy rain at times
910215,2020-08-12 12:25:00,2020-08-12 15:15:00,MARSHALL CO.,DOGTOWN,0.88,1.22,DOGTOWN,36.86,-88.31,36.851,-88.3119,2020,170.0,2.83,0,0,0,0,0,0,8.63,282.26,2020-08-12 11:08:00,2020-08-12 00:48:53,-38.13,1.38,Third Quarter,47.23,82,Cultivated Crops,111.702,0,JAS,-0.53,La Nina,0.2662921,0.27133334,0.2649999,0.26904175,75.21008,78.965004,73.87999,78.51875,83.9,72.8,77.9,6.9,0.56,3.0,86,4.1,1,100,Moderate or heavy rain shower
918516,2020-08-13 15:32:00,2020-08-13 16:32:00,MONROE CO.,OTIA,1.52,1.95,OTIA,36.6991,-85.5838,36.7048,-85.6133,2020,60.0,1.0,0,0,0,0,0,0,6.28,283.63,2020-08-13 10:58:11,2020-08-13 00:36:32,-34.41,351.68,Waning Crescent,37.64,41,Deciduous Forest,195.669,0,JAS,-0.53,La Nina,0.36448252,0.319625,0.3723751,0.35237503,73.26579,78.19249,71.847496,76.48625,85.1,70.5,76.3,7.8,0.08,5.0,92,6.6,1,100,Heavy rain at times
918680,2020-08-14 02:27:00,2020-08-14 04:27:00,HANCOCK CO.,SKILLMAN,1.29,1.09,SKILLMAN,37.86,-86.7,37.8588,-86.7052,2020,120.0,2.0,0,0,0,0,0,0,7.18,282.62,2020-08-14 11:01:31,2020-08-14 00:41:47,-28.02,338.71,Waning Crescent,28.3,81,Pasture/Hay,126.615,0,JAS,-0.53,La Nina,0.2950838,0.40250006,0.26987502,0.34570834,73.00254,75.323746,72.151245,75.14749,78.7,70.0,74.1,6.9,0.68,5.0,94,4.7,1,100,Moderate or heavy rain shower
918684,2020-08-14 03:13:00,2020-08-14 05:13:00,HANCOCK CO.,ADAIR,1.77,2.02,ADAIR,37.94,-86.86,37.9379,-86.8559,2020,120.0,2.0,0,0,0,0,0,0,7.32,282.52,2020-08-14 11:02:01,2020-08-14 00:42:34,-27.9,338.56,Waning Crescent,28.3,41,Deciduous Forest,121.182,0,JAS,-0.53,La Nina,0.31026003,0.39487505,0.29500005,0.334375,73.10319,75.7475,72.22251,75.24126,78.7,70.0,74.1,6.9,0.68,5.0,94,4.6,1,100,Moderate or heavy rain shower
918698,2020-08-14 04:15:00,2020-08-14 06:15:00,HANCOCK CO.,LEWISPORT,0.88,1.82,LEWISPORT,37.92,-86.89,37.9105,-86.902,2020,120.0,2.0,0,0,0,0,0,0,7.33,282.5,2020-08-14 11:02:10,2020-08-14 00:42:39,-27.91,338.53,Waning Crescent,28.3,82,Cultivated Crops,120.472,0,JAS,-0.53,La Nina,0.31026003,0.39487505,0.29500005,0.334375,73.10319,75.7475,72.22251,75.24126,79.4,70.2,74.2,8.1,0.54,4.0,93,4.4,1,100,Moderate or heavy rain shower
918699,2020-08-14 04:37:00,2020-08-14 06:37:00,HANCOCK CO.,ADAIR,2.34,2.1,ADAIR,37.92,-86.85,37.9201,-86.8526,2020,120.0,2.0,0,0,0,0,0,0,7.3,282.53,2020-08-14 11:02:01,2020-08-14 00:42:30,-27.92,338.57,Waning Crescent,28.3,82,Cultivated Crops,127.097,0,JAS,-0.53,La Nina,0.31026003,0.39487505,0.29500005,0.334375,73.10319,75.7475,72.22251,75.24126,78.7,70.0,74.1,6.9,0.68,5.0,94,4.6,1,100,Moderate or heavy rain shower
918701,2020-08-14 06:30:00,2020-08-14 08:30:00,JEFFERSON CO.,PRAIRIE VLG,1.36,1.31,VALLEY STATION,38.103,-85.8547,38.1023,-85.857,2020,120.0,2.0,0,0,10000,0,0,0,6.59,283.1,2020-08-14 10:57:43,2020-08-14 00:38:50,-28.03,339.59,Waning Crescent,28.3,22,"Developed, Low Intensity",139.635,38,JAS,-0.53,La Nina,0.34746376,0.44575012,0.3295,0.37629163,74.064354,76.50875,73.04374,76.74876,79.9,71.1,74.7,5.8,0.47,5.0,84,4.3,1,100,Moderate or heavy rain shower
918702,2020-08-14 06:40:00,2020-08-14 07:40:00,JEFFERSON CO.,PRAIRIE VLG,0.69,0.85,PRAIRIE VLG,38.11,-85.83,38.1016,-85.8266,2020,60.0,1.0,0,0,0,0,0,0,6.57,283.11,2020-08-14 10:57:36,2020-08-14 00:38:45,-28.03,339.62,Waning Crescent,28.3,21,"Developed, Open Space",135.297,13,JAS,-0.53,La Nina,0.34746376,0.44575012,0.3295,0.37629163,74.064354,76.50875,73.04374,76.74876,79.9,71.1,74.7,5.8,0.47,5.0,84,4.3,1,100,Moderate or heavy rain shower
918703,2020-08-14 07:36:00,2020-08-14 09:36:00,HARDIN CO.,LONG VIEW,1.1,1.08,RINEYVILLE,37.7674,-85.9077,37.7466,-85.9298,2020,120.0,2.0,0,0,0,0,0,0,6.56,283.1,2020-08-14 10:58:30,2020-08-14 00:38:28,-28.32,339.48,Waning Crescent,28.3,21,"Developed, Open Space",251.958,11,JAS,-0.53,La Nina,0.2748271,0.39158332,0.25483343,0.3044583,72.569336,74.14625,71.75375,74.84,79.0,70.2,73.4,6.3,1.12,5.0,89,5.1,1,100,Moderate or heavy rain shower
918704,2020-08-14 07:46:00,2020-08-14 09:46:00,JEFFERSON CO.,MEDORA,2.14,1.63,ORELL,38.07,-85.84,38.0714,-85.844,2020,120.0,2.0,0,0,0,0,0,0,6.57,283.11,2020-08-14 10:57:43,2020-08-14 00:38:43,-28.06,339.6,Waning Crescent,28.3,81,Pasture/Hay,143.984,0,JAS,-0.53,La Nina,0.25936624,0.343375,0.24683332,0.27433336,72.72178,75.04626,71.77626,75.18875,79.9,71.1,74.7,5.8,0.47,5.0,84,4.3,1,100,Moderate or heavy rain shower
902584,2020-08-14 15:50:00,2020-08-14 16:30:00,BREATHITT CO.,QUICKSAND,0.81,0.78,QUICKSAND,37.534,-83.3639,37.533,-83.3639,2020,40.0,0.67,0,0,5000,0,0,0,4.59,284.63,2020-08-14 10:48:43,2020-08-14 00:27:54,-29.2,342.0,Waning Crescent,28.3,21,"Developed, Open Space",223.928,18,JAS,-0.53,La Nina,0.22955583,0.25845835,0.22412503,0.23854162,72.38079,75.7325,71.22499,75.22626,79.5,69.5,73.4,4.5,0.22,5.0,95,4.2,1,100,Moderate or heavy rain shower
909799,2020-08-31 09:15:00,2020-08-31 11:00:00,GREENUP CO.,LLOYD,0.75,0.59,GREENUP,38.6282,-82.8609,38.5761,-82.8497,2020,105.0,1.75,0,0,10000,0,0,0,0.36,281.07,2020-08-31 10:59:58,2020-08-31 00:03:57,8.13,125.47,Waxing Gibbous,95.02,22,"Developed, Low Intensity",172.839,25,JAS,-0.53,La Nina,0.19794625,0.3075,0.17504166,0.2399583,71.99064,71.01875,72.035,72.1625,77.0,61.7,68.9,4.3,1.21,4.0,87,3.0,1,100,Moderate or heavy rain shower
921002,2020-09-02 21:30:00,2020-09-02 23:30:00,TAYLOR CO.,HOBSON,2.23,2.39,LORAIN,37.3878,-85.3663,37.3845,-85.3843,2020,120.0,2.0,0,0,0,0,0,0,1.38,279.07,2020-09-02 11:12:55,2020-09-02 00:09:45,-3.72,103.65,Full Moon,99.78,21,"Developed, Open Space",253.493,10,ASO,-0.85,La Nina,0.37450048,0.4746667,0.33791658,0.46654174,72.91318,75.89375,72.027504,74.956245,81.3,72.1,75.2,11.0,0.2,5.0,93,3.7,1,100,Moderate or heavy rain shower
921005,2020-09-03 04:30:00,2020-09-03 06:30:00,HANCOCK CO.,UTILITY,1.49,1.52,UTILITY,37.85,-86.82,37.8507,-86.8234,2020,120.0,2.0,0,0,0,0,0,0,2.23,277.93,2020-09-03 11:19:09,2020-09-03 00:14:30,-11.5,92.76,Full Moon,99.24,81,Pasture/Hay,126.771,0,ASO,-0.85,La Nina,0.3339367,0.41354164,0.30341667,0.41204166,73.88937,76.325,73.21999,75.372505,81.0,70.9,75.0,13.1,0.73,3.0,93,2.1,1,100,Moderate or heavy rain shower
921004,2020-09-03 04:30:00,2020-09-03 06:30:00,HANCOCK CO.,UTILITY,3.23,3.27,UTILITY,37.8406,-86.876,37.8526,-86.8665,2020,120.0,2.0,0,0,0,0,0,0,2.27,277.9,2020-09-03 11:19:23,2020-09-03 00:14:43,-11.54,92.73,Full Moon,99.24,82,Cultivated Crops,123.218,0,ASO,-0.85,La Nina,0.3339367,0.41354164,0.30341667,0.41204166,73.88937,76.325,73.21999,75.372505,81.7,71.0,75.4,13.0,0.8,3.0,92,2.7,1,100,Heavy rain at times
913583,2020-09-03 04:32:00,2020-09-03 06:30:00,DAVIESS CO.,OWENSBORO,4.0,2.25,DOYLE,37.77,-87.0468,37.7217,-87.1062,2020,118.0,1.97,0,0,50000,0,0,0,2.38,277.8,2020-09-03 11:20:08,2020-09-03 00:15:20,-11.67,92.64,Full Moon,99.24,41,Deciduous Forest,123.112,0,ASO,-0.85,La Nina,0.32695624,0.4165,0.29287496,0.41395834,75.3731,77.69374,74.7725,76.658745,82.0,70.6,75.7,12.6,0.52,4.0,92,2.8,1,100,Moderate rain at times
921003,2020-09-03 05:24:00,2020-09-03 06:24:00,JEFFERSON CO.,STRATHMOOR MANOR,0.89,0.88,STRATHMOOR MANOR,38.1993,-85.6037,38.1991,-85.6019,2020,60.0,1.0,0,0,0,0,0,0,1.4,278.67,2020-09-03 11:13:58,2020-09-03 00:09:57,-10.56,93.44,Full Moon,99.24,23,"Developed, Medium Intensity",185.268,11,ASO,-0.85,La Nina,0.30481166,0.4112917,0.26466668,0.40695834,74.649574,76.84625,73.954994,76.298744,85.1,73.0,77.8,10.1,0.93,6.0,77,5.4,1,100,Moderate or heavy rain shower
921006,2020-09-03 06:00:00,2020-09-03 07:00:00,JEFFERSON CO.,AVOCA,0.66,0.72,AVOCA,38.2408,-85.4967,38.2423,-85.4965,2020,60.0,1.0,0,0,0,0,0,0,1.33,278.73,2020-09-03 11:13:30,2020-09-03 00:09:34,-10.48,93.5,Full Moon,99.24,22,"Developed, Low Intensity",229.427,21,ASO,-0.85,La Nina,0.30055168,0.41191664,0.25875005,0.40675005,73.04518,75.4925,72.30125,74.78,84.4,72.5,77.2,9.8,1.1,6.0,79,5.4,1,100,Moderate or heavy rain shower
921007,2020-09-03 06:20:00,2020-09-03 07:20:00,JEFFERSON CO.,JEFFERSONTOWN,0.35,0.32,JEFFERSONTOWN,38.2023,-85.5758,38.2046,-85.5801,2020,60.0,1.0,0,0,0,0,0,0,1.38,278.69,2020-09-03 11:13:51,2020-09-03 00:09:51,-10.54,93.46,Full Moon,99.24,23,"Developed, Medium Intensity",198.268,22,ASO,-0.85,La Nina,0.30481166,0.4112917,0.26466668,0.40695834,74.649574,76.84625,73.954994,76.298744,84.4,72.5,77.2,9.8,1.1,6.0,79,5.4,1,100,Moderate or heavy rain shower
921008,2020-09-03 07:00:00,2020-09-03 09:00:00,HENRY CO.,CAMPBELLSBURG,1.67,1.75,CAMPBELLSBURG,38.5014,-85.1801,38.4996,-85.1943,2020,120.0,2.0,0,0,0,0,0,0,1.14,278.93,2020-09-03 11:12:00,2020-09-03 00:08:33,-10.25,93.65,Full Moon,99.24,81,Pasture/Hay,259.497,0,ASO,-0.85,La Nina,0.29754084,0.40920833,0.2557917,0.40345833,72.51654,74.9075,71.79126,74.206245,81.7,69.6,74.4,10.1,1.19,5.0,90,4.0,1,100,Moderate or heavy rain shower
921009,2020-09-03 07:04:00,2020-09-03 09:04:00,JEFFERSON CO.,JEFFERSONTOWN,1.04,1.14,JEFFERSONTOWN,38.2141,-85.5635,38.2146,-85.565,2020,120.0,2.0,0,0,250000,0,0,0,1.37,278.69,2020-09-03 11:13:48,2020-09-03 00:09:49,-10.53,93.46,Full Moon,99.24,22,"Developed, Low Intensity",196.614,26,ASO,-0.85,La Nina,0.30055168,0.41191664,0.25875005,0.40675005,73.04518,75.4925,72.30125,74.78,84.4,72.5,77.2,9.8,1.1,6.0,79,5.4,1,100,Moderate or heavy rain shower
912496,2020-09-12 20:30:00,2020-09-12 21:00:00,MORGAN CO.,WEST LIBERTY ARPT,0.58,0.69,WEST LIBERTY ARPT,37.9169,-83.2402,37.9163,-83.2398,2020,30.0,0.5,0,0,100000,0,0,0,-2.17,277.96,2020-09-12 11:12:23,2020-09-12 23:44:55,-27.76,348.9,Waning Crescent,34.2,41,Deciduous Forest,234.391,0,ASO,-0.85,La Nina,0.3287929,0.3812916,0.3074167,0.38458335,71.35974,73.3925,70.62501,73.20125,84.9,63.9,73.3,5.4,1.12,2.0,86,2.7,1,100,Moderate rain at times
916090,2020-09-12 20:35:00,2020-09-12 21:00:00,MORGAN CO.,COTTLE,1.31,1.79,COTTLE,37.899,-83.1982,37.8966,-83.1973,2020,25.0,0.42,0,0,100000,0,0,0,-2.2,277.98,2020-09-12 11:12:13,2020-09-12 23:44:45,-27.79,348.94,Waning Crescent,34.2,21,"Developed, Open Space",237.13,10,ASO,-0.85,La Nina,0.3287929,0.3812916,0.3074167,0.38458335,71.35974,73.3925,70.62501,73.20125,84.9,63.9,73.3,5.4,1.12,2.0,86,2.7,1,100,Moderate rain at times
912498,2020-09-12 20:35:00,2020-09-12 21:00:00,MORGAN CO.,LICK BRANCH,1.09,0.8,ELAMTON,37.95,-83.2,37.9305,-83.1823,2020,25.0,0.42,0,0,150000,0,0,0,-2.19,277.99,2020-09-12 11:12:12,2020-09-12 23:44:47,-27.74,348.94,Waning Crescent,34.2,41,Deciduous Forest,325.853,0,ASO,-0.85,La Nina,0.3287929,0.3812916,0.3074167,0.38458335,71.35974,73.3925,70.62501,73.20125,84.9,63.9,73.3,5.4,1.12,2.0,86,2.7,1,100,Moderate rain at times
912501,2020-09-12 21:50:00,2020-09-12 22:50:00,MORGAN CO.,EZEL,1.16,1.25,EZEL,37.8842,-83.4427,37.8823,-83.4445,2020,60.0,1.0,0,0,2000,0,0,0,-2.06,277.83,2020-09-12 11:13:12,2020-09-12 23:45:43,-27.76,348.69,Waning Crescent,34.2,81,Pasture/Hay,267.316,0,ASO,-0.85,La Nina,0.3431625,0.39449993,0.3239999,0.39174995,71.47696,73.3025,70.78999,73.223755,84.9,63.9,73.3,5.4,1.12,2.0,86,2.7,1,100,Moderate rain at times
912510,2020-09-12 22:00:00,2020-09-12 22:40:00,MENIFEE CO.,WELLINGTON,0.6,0.71,WELLINGTON,37.9139,-83.5123,37.9099,-83.5124,2020,40.0,0.67,0,0,35000,0,0,0,-2.02,277.79,2020-09-12 11:13:28,2020-09-12 23:46:01,-27.72,348.63,Waning Crescent,34.2,41,Deciduous Forest,341.7,0,ASO,-0.85,La Nina,0.32356876,0.35462502,0.31133327,0.35516667,71.46249,73.385,70.722496,73.35875,84.9,63.9,73.3,5.4,1.12,2.0,86,2.7,1,100,Moderate rain at times
912526,2020-09-12 22:00:00,2020-09-13 00:00:00,MENIFEE CO.,WELLINGTON,0.75,0.69,WELLINGTON,37.9296,-83.5137,37.9304,-83.5132,2020,120.0,2.0,0,0,2000,0,0,0,-2.02,277.79,2020-09-12 11:13:28,2020-09-12 23:46:01,-27.71,348.63,Waning Crescent,34.2,21,"Developed, Open Space",319.103,0,ASO,-0.85,La Nina,0.32356876,0.35462502,0.31133327,0.35516667,71.46249,73.385,70.722496,73.35875,84.9,63.9,73.3,5.4,1.12,2.0,86,2.7,1,100,Moderate rain at times
912512,2020-09-12 22:00:00,2020-09-12 23:00:00,MORGAN CO.,DEHART,0.16,0.26,DEHART,37.9681,-83.3283,37.9645,-83.3384,2020,60.0,1.0,0,0,2000,0,0,0,-2.12,277.91,2020-09-12 11:12:42,2020-09-12 23:45:18,-27.7,348.82,Waning Crescent,34.2,41,Deciduous Forest,283.458,0,ASO,-0.85,La Nina,0.32019457,0.36045834,0.30683336,0.35258332,71.46737,73.52375,70.677505,73.490005,84.9,63.9,73.3,5.4,1.12,2.0,86,2.7,1,100,Moderate rain at times
912514,2020-09-12 22:30:00,2020-09-12 22:30:00,POWELL CO.,NATURAL BRIDGE,0.42,0.76,NATURAL BRIDGE,37.7745,-83.6767,37.7744,-83.6776,2020,0.0,0.0,0,0,25000,0,0,0,-1.95,277.68,2020-09-12 11:14:12,2020-09-12 23:46:36,-27.83,348.45,Waning Crescent,34.2,23,"Developed, Medium Intensity",231.421,52,ASO,-0.85,La Nina,0.24317543,0.27566662,0.2291667,0.28037494,71.8619,73.41125,71.25499,73.42625,85.3,63.5,74.1,6.5,0.43,3.0,86,3.2,1,100,Moderate or heavy rain shower
921300,2020-09-13 09:23:00,2020-09-13 11:23:00,CASEY CO.,BEECH BOTTOM,0.55,1.55,ROCKY FORD,37.37,-84.94,37.4235,-84.9482,2020,120.0,2.0,0,0,0,0,0,0,-1.51,276.64,2020-09-13 11:20:17,2020-09-13 23:49:55,-24.88,334.08,Waning Crescent,24.64,81,Pasture/Hay,338.56,0,ASO,-0.85,La Nina,0.30233252,0.42162502,0.27545837,0.35470834,72.01505,72.4475,71.588745,73.332504,75.0,67.5,71.7,9.4,1.2,4.0,95,2.8,1,100,Moderate or heavy rain shower
921301,2020-09-13 09:55:00,2020-09-13 11:55:00,CASEY CO.,CLEMENTSVILLE,0.48,1.11,CLEMENTSVILLE,37.2867,-85.0973,37.2935,-85.1084,2020,120.0,2.0,0,0,10000,0,0,0,-1.43,276.54,2020-09-13 11:20:57,2020-09-13 23:50:31,-24.9,333.92,Waning Crescent,24.64,82,Cultivated Crops,229.611,0,ASO,-0.85,La Nina,0.38249668,0.50291663,0.3540417,0.4399166,71.98268,72.755005,71.375,73.808754,76.8,68.9,72.7,8.9,1.27,4.0,94,3.7,1,100,Moderate or heavy rain shower
921302,2020-09-13 11:00:00,2020-09-13 12:00:00,LINCOLN CO.,MC KINNEY,0.94,1.19,MC KINNEY,37.4507,-84.7528,37.4456,-84.7646,2020,60.0,1.0,0,0,0,0,0,0,-1.61,276.75,2020-09-13 11:19:30,2020-09-13 23:49:13,-24.87,334.27,Waning Crescent,24.64,81,Pasture/Hay,308.444,0,ASO,-0.85,La Nina,0.2672167,0.41529167,0.23524998,0.32745835,72.01399,72.106255,71.667496,73.17125,74.5,67.9,71.4,9.6,1.05,4.0,95,2.1,1,100,Moderate or heavy rain shower
921303,2020-09-13 11:06:00,2020-09-13 13:06:00,CASEY CO.,KIDDS STORE,1.3,1.26,KIDDS STORE,37.41,-84.85,37.4131,-84.8601,2020,120.0,2.0,0,0,0,0,0,0,-1.56,276.69,2020-09-13 11:19:54,2020-09-13 23:49:35,-24.88,334.17,Waning Crescent,24.64,22,"Developed, Low Intensity",265.696,21,ASO,-0.85,La Nina,0.27834794,0.41716668,0.24741669,0.33812496,71.937126,72.20375,71.551254,73.17125,75.0,67.5,71.7,9.4,1.2,4.0,95,2.8,1,100,Moderate or heavy rain shower
912721,2020-09-13 11:30:00,2020-09-13 13:00:00,JACKSON CO.,TYNER,0.87,0.84,TYNER,37.3466,-83.9048,37.3449,-83.9023,2020,90.0,1.5,0,0,10000,0,0,0,-2.07,277.27,2020-09-13 11:16:09,2020-09-13 23:45:47,-25.25,335.04,Waning Crescent,24.64,23,"Developed, Medium Intensity",362.893,0,ASO,-0.85,La Nina,0.32384917,0.45341668,0.2905,0.39499998,71.37702,71.881256,70.87251,72.93875,74.9,67.3,70.4,4.0,0.47,3.0,97,1.9,1,100,Moderate or heavy rain shower
935967,2021-01-25 10:30:00,2021-01-25 16:00:00,MCCRACKEN CO.,HARDMONEY,0.0,2.59,FREMONT,36.95,-88.6,36.9688,-88.6431,2021,330.0,5.5,0,0,0,0,0,0,-9.99,253.72,2021-01-25 13:01:21,2021-01-25 23:12:39,49.74,97.76,Waxing Gibbous,85.45,41,Deciduous Forest,129.942,0,DJF,-0.91,La Nina,0.39236465,0.41570833,0.38645837,0.40483335,42.95169,43.501247,43.07375,42.35,51.1,43.0,46.7,13.0,2.41,3.0,95,0.2,1,100,Moderate or heavy rain shower
938410,2021-01-25 19:10:00,2021-01-25 20:10:00,BUTLER CO.,WOODBURY,0.69,0.5,WOODBURY,37.19,-86.65,37.1954,-86.6538,2021,60.0,1.0,0,0,0,0,0,0,-11.55,254.86,2021-01-25 12:54:04,2021-01-25 23:04:20,51.26,99.52,Waxing Gibbous,85.45,82,Cultivated Crops,123.324,0,DJF,-0.91,La Nina,0.46539712,0.49858335,0.4523333,0.499125,42.212826,42.45875,42.63125,40.69625,54.5,37.8,46.3,12.3,2.85,3.0,97,0.2,1,100,Moderate or heavy rain shower
938179,2021-02-28 07:00:00,2021-02-28 09:00:00,POWELL CO.,WALTERSVILLE,0.63,0.6,WALTERSVILLE,37.8643,-83.939,37.8634,-83.9398,2021,120.0,2.0,0,0,0,0,0,0,-7.13,265.47,2021-02-28 12:08:01,2021-02-28 23:28:53,-0.31,78.35,Full Moon,99.24,41,Deciduous Forest,186.536,0,JFM,-0.79,La Nina,0.4180709,0.43283334,0.4119167,0.43425003,41.846977,53.73125,38.9075,47.96375,65.4,48.9,57.2,13.7,3.5,3.0,96,0.5,1,100,Moderate or heavy rain shower
938184,2021-02-28 07:02:00,2021-02-28 09:00:00,MORGAN CO.,WRIGLEY,0.0,0.12,WRIGLEY,38.02,-83.27,38.0165,-83.2709,2021,118.0,1.97,0,0,0,0,0,0,-7.7,265.89,2021-02-28 12:05:28,2021-02-28 23:26:05,0.14,78.76,Full Moon,99.24,22,"Developed, Low Intensity",255.505,25,JFM,-0.79,La Nina,0.5136871,0.5089584,0.5139584,0.51433337,41.62025,52.9175,38.989998,46.872498,64.3,48.2,56.7,12.9,3.7,3.0,97,0.5,1,100,Moderate or heavy rain shower
938190,2021-02-28 07:10:00,2021-02-28 09:10:00,MENIFEE CO.,MEANS,0.62,1.03,MEANS,37.9492,-83.7586,37.9491,-83.7601,2021,120.0,2.0,0,0,30000,0,0,0,-7.29,265.59,2021-02-28 12:07:22,2021-02-28 23:28:06,-0.18,78.46,Full Moon,99.24,41,Deciduous Forest,253.584,0,JFM,-0.79,La Nina,0.4231371,0.43308333,0.41891673,0.4342917,41.557327,53.3525,38.6525,47.585,65.4,48.9,57.2,13.7,3.5,3.0,96,0.5,1,100,Moderate or heavy rain shower
938201,2021-02-28 07:10:00,2021-02-28 09:10:00,MENIFEE CO.,TABOR,1.08,1.03,TABOR,37.9277,-83.6628,37.9084,-83.6885,2021,120.0,2.0,0,0,0,0,0,0,-7.37,265.64,2021-02-28 12:06:58,2021-02-28 23:27:44,-0.13,78.52,Full Moon,99.24,41,Deciduous Forest,277.388,0,JFM,-0.79,La Nina,0.4231371,0.43308333,0.41891673,0.4342917,41.557327,53.3525,38.6525,47.585,65.4,48.9,57.2,13.7,3.5,3.0,96,0.5,1,100,Moderate or heavy rain shower
938196,2021-02-28 07:10:00,2021-02-28 09:10:00,MENIFEE CO.,FRENCHBURG,1.88,1.77,RATLIFF,37.9729,-83.6114,37.9854,-83.5597,2021,120.0,2.0,0,0,0,0,0,0,-7.41,265.68,2021-02-28 12:06:48,2021-02-28 23:27:29,-0.09,78.55,Full Moon,99.24,41,Deciduous Forest,299.037,0,JFM,-0.79,La Nina,0.42325458,0.43220833,0.41925,0.434,41.334614,53.052498,38.45,47.318752,65.4,48.9,57.2,13.7,3.5,3.0,96,0.5,1,100,Moderate or heavy rain shower
940993,2021-02-28 08:00:00,2021-02-28 16:00:00,FULTON CO.,FULTON,0.0,2.99,RICEVILLE,36.52,-88.87,36.5239,-88.8823,2021,480.0,8.0,0,0,75000,0,0,0,-1.89,262.4,2021-02-28 12:26:39,2021-02-28 23:49:41,-4.49,75.38,Full Moon,99.24,11,Open Water,128.0,0,JFM,-0.79,La Nina,0.4249225,0.43300006,0.42200005,0.43225002,43.739563,57.86,40.17875,51.24125,64.6,54.0,61.2,14.8,2.19,4.0,87,0.5,1,100,Moderate or heavy rain shower
938211,2021-02-28 08:35:00,2021-02-28 10:30:00,LESLIE CO.,DRYHILL,0.88,0.3,DRYHILL,37.21,-83.36,37.2055,-83.3634,2021,115.0,1.92,0,0,0,0,0,0,-7.56,265.73,2021-02-28 12:05:11,2021-02-28 23:27:05,-0.05,78.7,Full Moon,99.24,41,Deciduous Forest,291.707,0,JFM,-0.79,La Nina,0.40080082,0.42295834,0.39075005,0.42787495,45.01899,56.96885,42.0551,51.197605,69.0,53.6,60.2,14.8,1.94,5.0,90,0.9,1,100,Moderate or heavy rain shower
940964,2021-02-28 08:35:00,2021-02-28 20:00:00,CALLOWAY CO.,POTTERTOWN,1.63,2.53,STELLA,36.6258,-88.2085,36.6218,-88.3694,2021,685.0,11.42,0,0,2900000,0,0,0,-2.27,262.8,2021-02-28 12:24:05,2021-02-28 23:46:57,-3.14,75.77,Full Moon,99.24,82,Cultivated Crops,139.017,0,JFM,-0.79,La Nina,0.41840628,0.42849997,0.4145417,0.42829168,43.14489,57.364998,39.71375,50.16875,63.9,54.3,60.9,15.0,2.28,3.0,88,0.5,1,100,Moderate or heavy rain shower
938209,2021-02-28 08:35:00,2021-02-28 10:30:00,LESLIE CO.,WENDOVER,1.35,1.44,WENDOVER,37.1173,-83.3514,37.1149,-83.3511,2021,115.0,1.92,0,0,500,0,0,0,-7.56,265.72,2021-02-28 12:05:04,2021-02-28 23:27:07,-0.06,78.7,Full Moon,99.24,21,"Developed, Open Space",264.236,7,JFM,-0.79,La Nina,0.39646256,0.41987503,0.38587496,0.42495835,45.762577,57.78815,42.75065,52.08065,69.0,53.6,60.2,14.8,1.94,5.0,90,0.9,1,100,Moderate or heavy rain shower
938217,2021-02-28 08:45:00,2021-02-28 10:45:00,KNOX CO.,JARVIS STORE,0.55,0.7,JARVIS STORE,36.95,-83.89,36.9563,-83.8912,2021,120.0,2.0,0,0,0,0,0,0,-7.1,265.38,2021-02-28 12:07:05,2021-02-28 23:29:25,-0.43,78.38,Full Moon,99.24,41,Deciduous Forest,342.889,0,JFM,-0.79,La Nina,0.5056609,0.50145835,0.50479156,0.51004165,44.325577,56.780003,41.3525,50.367496,68.2,54.9,60.4,16.0,0.95,5.0,93,0.8,1,100,Moderate or heavy rain shower
940967,2021-02-28 09:20:00,2021-02-28 11:30:00,GRAVES CO.,SEDALIA,1.8,2.26,SEDALIA,36.66,-88.63,36.6483,-88.6007,2021,130.0,2.17,0,0,25000,0,0,0,-2.04,262.55,2021-02-28 12:25:48,2021-02-28 23:48:36,-3.96,75.51,Full Moon,99.24,82,Cultivated Crops,149.344,0,JFM,-0.79,La Nina,0.4189438,0.43237498,0.41400006,0.43141675,43.498775,57.49625,39.99125,50.85875,63.3,53.1,60.4,15.0,1.92,4.0,88,0.5,1,100,Moderate or heavy rain shower
940968,2021-02-28 09:40:00,2021-02-28 17:30:00,CHRISTIAN CO.,CHURCH HILL,1.29,0.0,GAINSVILLE,36.7949,-87.5477,36.8771,-87.5249,2021,470.0,7.83,0,0,200000,0,0,0,-2.73,263.2,2021-02-28 12:21:35,2021-02-28 23:44:10,-2.51,76.17,Full Moon,99.24,82,Cultivated Crops,162.682,0,JFM,-0.79,La Nina,0.51216173,0.51029164,0.5127916,0.510625,42.13625,57.098747,38.61875,49.208748,63.1,54.6,60.5,14.1,2.53,4.0,89,0.7,1,100,Moderate or heavy rain shower
940971,2021-02-28 09:53:00,2021-02-28 16:00:00,TODD CO.,ELKTON,1.8,1.52,ELKTON,36.83,-87.18,36.8256,-87.1349,2021,367.0,6.12,0,0,500000,0,0,0,-3.11,263.42,2021-02-28 12:20:08,2021-02-28 23:42:40,-2.28,76.39,Full Moon,99.24,82,Cultivated Crops,192.224,0,JFM,-0.79,La Nina,0.5140987,0.51075,0.51529163,0.511125,42.479824,57.166252,38.9975,49.52375,63.1,53.4,59.8,14.8,3.1,4.0,91,0.6,1,100,Moderate or heavy rain shower
938736,2021-02-28 11:09:00,2021-02-28 12:09:00,WARREN CO.,BOWLING GREEN,0.69,0.48,BOWLING GREEN,36.99,-86.43,36.9907,-86.4264,2021,60.0,1.0,0,0,10000,0,0,0,-4.6,263.88,2021-02-28 12:17:16,2021-02-28 23:39:33,-1.84,76.84,Full Moon,99.24,24,"Developed, High Intensity",152.588,89,JFM,-0.79,La Nina,0.5141174,0.5125001,0.5149167,0.5119167,42.71885,56.847504,39.3725,49.482502,63.7,53.7,60.2,17.1,3.17,4.0,92,0.7,1,100,Moderate or heavy rain shower
945069,2021-02-28 12:40:00,2021-02-28 14:40:00,LOGAN CO.,EPLEYS,1.1,2.09,CHANDLERS CHAPEL,36.93,-86.94,36.9731,-86.7696,2021,120.0,2.0,0,0,0,0,0,0,-3.56,263.57,2021-02-28 12:19:16,2021-02-28 23:41:38,-2.13,76.53,Full Moon,99.24,43,Mixed Forest,171.277,0,JFM,-0.79,La Nina,0.5144054,0.5080417,0.5160417,0.5109167,42.14825,56.88125,38.69375,49.08125,63.5,54.0,60.2,16.3,3.45,5.0,91,0.8,1,100,Moderate or heavy rain shower
945070,2021-02-28 16:40:00,2021-02-28 17:40:00,TAYLOR CO.,CAMPBELLSVILLE ARPT,1.1,1.08,CAMPBELLSVILLE ARPT,37.3533,-85.3397,37.3592,-85.3443,2021,60.0,1.0,0,0,0,0,0,0,-5.86,264.56,2021-02-28 12:13:12,2021-02-28 23:34:54,-1.21,77.49,Full Moon,99.24,11,Open Water,240.271,0,JFM,-0.79,La Nina,0.5136383,0.5100834,0.51487494,0.51058334,42.127773,55.37375,39.035,48.31625,62.6,51.2,58.7,19.0,3.45,4.0,94,0.7,1,100,Moderate or heavy rain shower
945084,2021-02-28 16:47:00,2021-02-28 17:47:00,HART CO.,HORSE CAVE,0.24,2.33,HORSE CAVE,37.1788,-85.916,37.1831,-85.9136,2021,60.0,1.0,0,0,0,0,0,0,-5.26,264.2,2021-02-28 12:15:22,2021-02-28 23:37:20,-1.54,77.15,Full Moon,99.24,21,"Developed, Open Space",204.848,0,JFM,-0.79,La Nina,0.5115208,0.5122083,0.5110833,0.51279163,42.95397,56.34125,39.815,49.25375,63.5,53.0,59.7,18.0,3.57,3.0,93,0.5,1,100,Moderate or heavy rain shower
945087,2021-02-28 17:09:00,2021-02-28 19:09:00,HART CO.,LEGRAND,1.65,0.14,SEYMOUR,37.1784,-85.778,37.1829,-85.7852,2021,120.0,2.0,0,0,0,0,0,0,-5.41,264.29,2021-02-28 12:14:49,2021-02-28 23:36:47,-1.47,77.23,Full Moon,99.24,81,Pasture/Hay,193.491,0,JFM,-0.79,La Nina,0.51422375,0.51087505,0.515125,0.51225,43.118076,56.449997,39.9875,49.4075,63.5,53.0,59.7,18.0,3.57,3.0,93,0.5,1,100,Moderate or heavy rain shower
945090,2021-02-28 17:09:00,2021-02-28 19:09:00,WARREN CO.,ANNA,0.58,1.48,ANNA,37.1137,-86.4231,37.119,-86.423,2021,120.0,2.0,0,0,0,0,0,0,-4.63,263.89,2021-02-28 12:17:20,2021-02-28 23:39:25,-1.82,76.84,Full Moon,99.24,21,"Developed, Open Space",162.315,0,JFM,-0.79,La Nina,0.5128726,0.511875,0.5130416,0.51262504,42.22111,56.59625,38.8325,49.0475,63.7,53.7,60.2,17.1,3.17,4.0,92,0.7,1,100,Moderate or heavy rain shower
945071,2021-02-28 17:20:00,2021-02-28 18:20:00,CASEY CO.,LIBERTY,1.1,1.9,LIBERTY,37.32,-84.93,37.3139,-84.9452,2021,60.0,1.0,0,0,0,0,0,0,-6.23,264.81,2021-02-28 12:11:32,2021-02-28 23:33:17,-0.98,77.74,Full Moon,99.24,23,"Developed, Medium Intensity",248.277,19,JFM,-0.79,La Nina,0.51308376,0.5085,0.5135416,0.5130417,42.62525,55.846252,39.5225,48.85625,64.8,50.7,58.1,17.0,3.63,3.0,95,0.5,1,100,Moderate or heavy rain shower
938230,2021-02-28 18:23:00,2021-02-28 20:30:00,MAGOFFIN CO.,HENDRICKS,0.33,0.46,HENDRICKS,37.7188,-83.1141,37.7228,-83.1098,2021,127.0,2.12,0,0,0,0,0,0,-7.8,265.95,2021-02-28 12:04:36,2021-02-28 23:25:42,0.19,78.85,Full Moon,99.24,41,Deciduous Forest,313.844,0,JFM,-0.79,La Nina,0.4266142,0.43229166,0.42375,0.43454167,42.19014,53.510002,39.38375,48.03875,66.8,47.8,57.2,11.6,2.8,4.0,95,0.7,1,100,Moderate or heavy rain shower
938239,2021-02-28 18:25:00,2021-02-28 20:30:00,ROCKCASTLE CO.,BRODHEAD,0.37,0.45,BRODHEAD,37.4049,-84.423,37.402,-84.4165,2021,125.0,2.08,0,0,0,0,0,0,-6.68,265.12,2021-02-28 12:09:35,2021-02-28 23:31:11,-0.67,78.05,Full Moon,99.24,23,"Developed, Medium Intensity",294.231,36,JFM,-0.79,La Nina,0.42400122,0.432,0.42041662,0.43362498,42.176037,54.74375,39.04625,48.7175,65.6,50.8,58.8,15.4,3.84,3.0,94,0.5,1,100,Moderate or heavy rain shower
945098,2021-02-28 18:42:00,2021-02-28 19:42:00,EDMONSON CO.,SEGAL,1.38,1.06,SEGAL,37.22,-86.38,37.2237,-86.3775,2021,60.0,1.0,0,0,0,0,0,0,-4.71,263.93,2021-02-28 12:17:15,2021-02-28 23:39:10,-1.78,76.86,Full Moon,99.24,41,Deciduous Forest,145.934,0,JFM,-0.79,La Nina,0.51000756,0.511,0.5095,0.51141673,41.851814,56.27375,38.50625,48.515,63.7,53.7,60.2,17.1,3.17,4.0,92,0.7,1,100,Moderate or heavy rain shower
938244,2021-02-28 19:16:00,2021-02-28 21:15:00,BREATHITT CO.,WILHURST,0.52,0.29,WILHURST,37.6283,-83.4108,37.651,-83.4122,2021,119.0,1.98,0,0,50000,0,0,0,-7.55,265.76,2021-02-28 12:05:43,2021-02-28 23:26:58,-0.02,78.67,Full Moon,99.24,41,Deciduous Forest,329.533,0,JFM,-0.79,La Nina,0.42077124,0.431875,0.41583335,0.43400002,42.19355,53.7725,39.305,48.237503,66.9,51.6,58.5,13.2,2.73,3.0,93,0.7,1,100,Moderate or heavy rain shower
938245,2021-02-28 19:30:00,2021-02-28 21:30:00,PERRY CO.,KRYPTON,0.92,0.88,KRYPTON,37.3093,-83.3401,37.3028,-83.3365,2021,120.0,2.0,0,0,15000,0,0,0,-7.59,265.76,2021-02-28 12:05:11,2021-02-28 23:26:56,-0.02,78.71,Full Moon,99.24,41,Deciduous Forest,286.26,0,JFM,-0.79,La Nina,0.40044042,0.42629167,0.3895,0.42933333,44.890587,56.727947,41.95295,51.0167,69.0,53.6,60.2,14.8,1.94,5.0,90,0.9,1,100,Moderate or heavy rain shower
938246,2021-02-28 19:37:00,2021-02-28 21:30:00,WOLFE CO.,LEE CITY,0.88,0.86,LEE CITY,37.74,-83.34,37.7206,-83.3331,2021,113.0,1.88,0,0,15000,0,0,0,-7.62,265.81,2021-02-28 12:05:32,2021-02-28 23:26:35,0.05,78.71,Full Moon,99.24,41,Deciduous Forest,345.948,0,JFM,-0.79,La Nina,0.510273,0.50741667,0.50979173,0.512875,41.932175,53.690002,39.1775,47.4575,66.9,51.6,58.5,13.2,2.73,3.0,93,0.7,1,100,Moderate or heavy rain shower
945120,2021-02-28 19:40:00,2021-02-28 21:40:00,MONROE CO.,TOMPKINSVILLE,0.55,0.47,TOMPKINSVILLE,36.7,-85.69,36.702,-85.6887,2021,120.0,2.0,0,0,0,0,0,0,-5.43,264.29,2021-02-28 12:14:05,2021-02-28 23:36:49,-1.5,77.3,Full Moon,99.24,23,"Developed, Medium Intensity",270.885,44,JFM,-0.79,La Nina,0.5129821,0.5068334,0.51370835,0.5125416,44.4068,57.9275,41.16125,51.0275,68.0,55.2,61.5,17.9,3.24,4.0,93,0.4,1,100,Moderate or heavy rain shower
945100,2021-02-28 20:10:00,2021-02-28 22:10:00,TAYLOR CO.,BURDICK,1.17,2.47,BENGAL,37.2549,-85.3897,37.3468,-85.49,2021,120.0,2.0,0,0,0,0,0,0,-5.8,264.52,2021-02-28 12:13:19,2021-02-28 23:35:10,-1.25,77.46,Full Moon,99.24,81,Pasture/Hay,231.862,0,JFM,-0.79,La Nina,0.50972253,0.50899994,0.50925,0.5115834,43.214897,56.3675,40.13,49.4075,62.6,51.2,58.7,19.0,3.45,4.0,94,0.7,1,100,Moderate or heavy rain shower
938248,2021-02-28 20:13:00,2021-02-28 22:15:00,JACKSON CO.,MORRILL,0.79,0.75,MORRILL,37.5146,-84.1873,37.5152,-84.1878,2021,122.0,2.03,0,0,15000,0,0,0,-6.89,265.27,2021-02-28 12:08:44,2021-02-28 23:30:09,-0.52,78.19,Full Moon,99.24,21,"Developed, Open Space",419.198,6,JFM,-0.79,La Nina,0.43013465,0.43208337,0.42870834,0.43437496,41.910275,54.39125,38.791252,48.44375,64.9,54.0,58.4,15.9,3.43,3.0,94,0.5,1,100,Moderate or heavy rain shower
945123,2021-02-28 20:25:00,2021-02-28 22:25:00,WARREN CO.,BOWLING GREEN,2.5,2.96,RICH POND,37.0073,-86.4599,36.8886,-86.5135,2021,120.0,2.0,0,0,0,0,0,0,-4.56,263.86,2021-02-28 12:17:24,2021-02-28 23:39:39,-1.86,76.82,Full Moon,99.24,21,"Developed, Open Space",167.995,15,JFM,-0.79,La Nina,0.5141174,0.5125001,0.5149167,0.5119167,42.71885,56.847504,39.3725,49.482502,63.7,53.7,60.2,17.1,3.17,4.0,92,0.7,1,100,Moderate or heavy rain shower
945124,2021-02-28 20:30:00,2021-02-28 21:30:00,CUMBERLAND CO.,MARROWBONE,0.63,0.76,MARROWBONE,36.8222,-85.5111,36.8216,-85.513,2021,60.0,1.0,0,0,0,0,0,0,-5.63,264.41,2021-02-28 12:13:28,2021-02-28 23:36:00,-1.38,77.4,Full Moon,99.24,21,"Developed, Open Space",183.677,0,JFM,-0.79,La Nina,0.5119092,0.5055416,0.512125,0.51329166,44.66465,57.7925,41.55875,50.9375,69.2,54.6,61.5,15.2,3.17,4.0,93,0.5,1,100,Moderate or heavy rain shower
945118,2021-02-28 20:30:00,2021-02-28 22:30:00,LINCOLN CO.,BROUGHTENTOWN,1.49,1.01,BROUGHTENTOWN,37.4,-84.54,37.3991,-84.5461,2021,120.0,2.0,0,0,0,0,0,0,-6.58,265.05,2021-02-28 12:10:03,2021-02-28 23:31:40,-0.74,77.98,Full Moon,99.24,41,Deciduous Forest,358.487,0,JFM,-0.79,La Nina,0.43289208,0.43183336,0.43241677,0.43487498,42.317375,54.96125,39.17,48.89375,65.6,50.8,58.8,15.4,3.84,3.0,94,0.5,1,100,Moderate or heavy rain shower
938291,2021-02-28 20:56:00,2021-02-28 23:00:00,MAGOFFIN CO.,SALYERSVILLE,0.5,0.55,SALYERSVILLE,37.7456,-83.0626,37.745,-83.0608,2021,124.0,2.07,0,0,40000,0,0,0,-7.85,265.98,2021-02-28 12:04:25,2021-02-28 23:25:28,0.23,78.88,Full Moon,99.24,24,"Developed, High Intensity",261.011,91,JFM,-0.79,La Nina,0.42278507,0.43200004,0.4186667,0.43383336,42.26645,53.446247,39.51125,47.986248,66.8,47.8,57.2,11.6,2.8,4.0,95,0.7,1,100,Moderate or heavy rain shower
945126,2021-02-28 21:00:00,2021-02-28 23:00:00,GREEN CO.,GREENSBURG,1.43,1.92,BLUFF BOOM,37.2904,-85.5044,37.2756,-85.4702,2021,120.0,2.0,0,0,0,0,0,0,-5.69,264.46,2021-02-28 12:13:49,2021-02-28 23:35:36,-1.31,77.39,Full Moon,99.24,22,"Developed, Low Intensity",197.613,5,JFM,-0.79,La Nina,0.51190037,0.5111667,0.51183325,0.51237506,42.51046,55.69625,39.41375,48.732502,65.1,51.3,59.5,17.9,3.44,3.0,94,0.5,1,100,Moderate or heavy rain shower
938293,2021-02-28 21:30:00,2021-02-28 23:30:00,FLOYD CO.,MARTIN,0.6,0.48,MARTIN,37.5752,-82.7589,37.5818,-82.7542,2021,120.0,2.0,0,0,75000,0,0,0,-8.08,266.14,2021-02-28 12:03:04,2021-02-28 23:24:24,0.4,79.06,Full Moon,99.24,41,Deciduous Forest,332.326,0,JFM,-0.79,La Nina,0.39125666,0.4280417,0.37641665,0.429875,44.169952,55.4096,41.4221,49.8446,68.7,52.7,59.3,12.7,2.23,3.0,95,0.6,1,100,Moderate or heavy rain shower
938295,2021-02-28 21:48:00,2021-02-28 23:59:00,BREATHITT CO.,ELKATAWA,1.85,1.21,CURT,37.527,-83.4128,37.5255,-83.409,2021,131.0,2.18,0,0,0,0,0,0,-7.54,265.74,2021-02-28 12:05:39,2021-02-28 23:27:03,-0.03,78.67,Full Moon,99.24,41,Deciduous Forest,257.146,0,JFM,-0.79,La Nina,0.40240797,0.4295417,0.39104167,0.43233335,42.845524,54.473747,39.93125,48.961246,66.9,51.6,58.5,13.2,2.73,3.0,93,0.7,1,100,Moderate or heavy rain shower
938498,2021-02-28 22:00:00,2021-02-28 23:59:00,ROCKCASTLE CO.,MARETBURG,0.4,0.32,MARETBURG,37.3447,-84.3828,37.3453,-84.387,2021,119.0,1.98,0,0,15000,0,0,0,-6.71,265.14,2021-02-28 12:09:22,2021-02-28 23:31:04,-0.66,78.08,Full Moon,99.24,81,Pasture/Hay,369.722,0,JFM,-0.79,La Nina,0.51337844,0.5089584,0.5135417,0.51429164,42.339687,55.06625,39.3275,48.425,65.6,50.8,58.8,15.4,3.84,3.0,94,0.5,1,100,Moderate or heavy rain shower
938556,2021-02-28 22:10:00,2021-02-28 23:59:00,CLAY CO.,HORSE CREEK,0.77,0.74,HORSE CREEK,37.1541,-83.763,37.1542,-83.7619,2021,109.0,1.82,0,0,0,0,0,0,-7.22,265.48,2021-02-28 12:06:45,2021-02-28 23:28:45,-0.31,78.45,Full Moon,99.24,23,"Developed, Medium Intensity",265.909,71,JFM,-0.79,La Nina,0.4877188,0.50350004,0.47991672,0.5092084,43.622112,55.91375,40.71125,49.505,69.2,52.7,60.2,14.2,1.88,4.0,93,0.8,1,100,Moderate or heavy rain shower
938564,2021-02-28 22:11:00,2021-02-28 23:59:00,LAUREL CO.,LONDON,1.18,1.3,LONDON,37.1133,-84.084,37.1131,-84.0809,2021,108.0,1.8,0,0,0,0,0,0,-6.95,265.29,2021-02-28 12:08:00,2021-02-28 23:30:04,-0.52,78.26,Full Moon,99.24,81,Pasture/Hay,379.549,0,JFM,-0.79,La Nina,0.49060622,0.50487494,0.48341668,0.5105,43.570736,56.075,40.583748,49.64375,68.3,55.8,60.5,15.5,1.92,4.0,93,0.7,1,100,Moderate or heavy rain shower
945129,2021-02-28 23:00:00,2021-02-28 23:59:00,CASEY CO.,PRICETOWN,0.91,1.75,LIBERTY,37.293,-84.9674,37.3286,-84.9551,2021,59.0,0.98,0,0,0,0,0,0,-6.19,264.78,2021-02-28 12:11:40,2021-02-28 23:33:27,-1.01,77.72,Full Moon,99.24,81,Pasture/Hay,298.525,0,JFM,-0.79,La Nina,0.51308376,0.5085,0.5135416,0.5130417,42.62525,55.846252,39.5225,48.85625,64.8,50.7,58.1,17.0,3.63,3.0,95,0.5,1,100,Moderate or heavy rain shower
938587,2021-03-01 00:25:00,2021-03-01 03:00:00,PULASKI CO.,SOMERSET,0.6,0.89,SOMERSET,37.0949,-84.6088,37.0983,-84.5953,2021,155.0,2.58,0,0,0,0,0,0,-6.28,265.31,2021-03-01 12:08:43,2021-03-01 23:33:09,-14.83,74.93,Waning Gibbous,96.14,24,"Developed, High Intensity",305.439,81,FMA,-0.71,La Nina,0.5107996,0.49733338,0.513375,0.5064583,44.573826,50.3525,42.13625,51.005,57.0,36.9,46.5,9.8,0.94,4.0,86,1.4,1,100,Moderate rain at times
938588,2021-03-01 00:30:00,2021-03-01 03:00:00,FLOYD CO.,DOTSON,0.23,0.08,DOTSON,37.6506,-82.8658,37.65,-82.86,2021,150.0,2.5,0,0,0,0,0,0,-7.8,266.42,2021-03-01 12:02:10,2021-03-01 23:25:45,-13.36,75.94,Waning Gibbous,96.14,21,"Developed, Open Space",203.29,17,FMA,-0.71,La Nina,0.42452624,0.42124996,0.4230417,0.4307084,45.33875,51.04205,43.07705,51.192047,57.4,35.7,47.2,8.5,0.77,4.0,86,1.8,1,100,Moderate rain at times
938589,2021-03-01 00:31:00,2021-03-01 03:00:00,KNOTT CO.,GARNER,0.22,0.35,GARNER,37.353,-82.9313,37.3526,-82.9369,2021,149.0,2.48,0,0,0,0,0,0,-7.73,266.34,2021-03-01 12:02:12,2021-03-01 23:26:14,-13.48,75.96,Waning Gibbous,96.14,41,Deciduous Forest,368.63,0,FMA,-0.71,La Nina,0.4192563,0.42287502,0.415625,0.43050003,44.054302,49.53125,41.80625,49.936253,56.8,36.0,47.1,8.6,1.28,5.0,89,1.0,1,100,Moderate or heavy rain shower
938829,2021-03-01 00:40:00,2021-03-01 03:00:00,PERRY CO.,BUCKHORN,0.39,0.44,BUCKHORN,37.3469,-83.4741,37.345,-83.4717,2021,140.0,2.33,0,0,0,0,0,0,-7.28,266.02,2021-03-01 12:04:22,2021-03-01 23:28:25,-13.9,75.61,Waning Gibbous,96.14,21,"Developed, Open Space",231.118,15,FMA,-0.71,La Nina,0.4291104,0.42204165,0.42912504,0.43141666,45.725227,51.1367,43.5092,51.5192,56.8,36.0,47.1,8.6,1.28,5.0,89,1.0,1,100,Moderate or heavy rain shower
938832,2021-03-01 00:44:00,2021-03-01 03:00:00,PERRY CO.,BROWNS FORK,1.77,1.56,BROWNS FORK,37.21,-83.25,37.2132,-83.2414,2021,136.0,2.27,0,0,0,0,0,0,-7.46,266.13,2021-03-01 12:03:22,2021-03-01 23:27:37,-13.76,75.79,Waning Gibbous,96.14,21,"Developed, Open Space",289.254,15,FMA,-0.71,La Nina,0.42863333,0.42295834,0.42816663,0.432125,44.72229,50.05625,42.485,50.614998,56.8,36.0,47.1,8.6,1.28,5.0,89,1.0,1,100,Moderate or heavy rain shower
938838,2021-03-01 01:00:00,2021-03-01 03:00:00,WOLFE CO.,HELECHAWA,1.02,0.69,HELECHAWA,37.7635,-83.3468,37.7663,-83.3503,2021,120.0,2.0,0,0,0,0,0,0,-7.41,266.15,2021-03-01 12:04:11,2021-03-01 23:27:36,-13.7,75.6,Waning Gibbous,96.14,31,Barren Land,306.754,0,FMA,-0.71,La Nina,0.5110538,0.50175,0.5152917,0.499625,42.943253,49.10375,40.565002,49.04375,55.7,34.2,45.8,9.2,0.78,5.0,86,1.5,1,100,Heavy rain at times
938845,2021-03-01 01:17:00,2021-03-01 03:00:00,PIKE CO.,MC ANDREWS,0.0,0.12,MC ANDREWS,37.57,-82.27,37.5679,-82.2694,2021,103.0,1.72,0,0,0,0,0,0,-8.28,266.77,2021-03-01 11:59:44,2021-03-01 23:23:26,-12.92,76.34,Waning Gibbous,96.14,41,Deciduous Forest,271.179,0,FMA,-0.71,La Nina,0.42744502,0.42475,0.4262084,0.4325833,44.26786,49.76,42.05,50.041252,55.0,33.1,45.5,10.6,0.83,4.0,89,1.2,1,100,Heavy rain at times
938847,2021-03-01 01:30:00,2021-03-01 03:00:00,FLOYD CO.,SALISBURY,0.69,0.48,SALISBURY,37.52,-82.72,37.5202,-82.7214,2021,90.0,1.5,0,0,15000,0,0,0,-7.91,266.49,2021-03-01 12:01:29,2021-03-01 23:25:16,-13.28,76.06,Waning Gibbous,96.14,21,"Developed, Open Space",221.827,26,FMA,-0.71,La Nina,0.42968705,0.42320833,0.42966655,0.4319167,44.4062,50.27375,42.1025,50.34875,57.2,35.6,47.0,8.7,0.91,4.0,88,0.9,1,100,Heavy rain at times
938848,2021-03-01 01:30:00,2021-03-01 03:00:00,FLOYD CO.,BONANZA,0.8,0.64,WEST PRESTONSBURG,37.69,-82.8627,37.6803,-82.8269,2021,90.0,1.5,0,0,0,0,0,0,-7.81,266.43,2021-03-01 12:02:11,2021-03-01 23:25:43,-13.35,75.93,Waning Gibbous,96.14,41,Deciduous Forest,315.685,0,FMA,-0.71,La Nina,0.43158373,0.41974998,0.43320832,0.42995837,43.782276,49.598747,41.51375,49.62125,57.4,35.7,47.2,8.5,0.77,4.0,86,1.8,1,100,Moderate rain at times
938851,2021-03-01 01:51:00,2021-03-01 03:00:00,PIKE CO.,KIMPER,2.51,2.37,KIMPER,37.5326,-82.3703,37.5294,-82.3715,2021,69.0,1.15,0,0,0,0,0,0,-8.2,266.7,2021-03-01 12:00:06,2021-03-01 23:23:52,-13.01,76.29,Waning Gibbous,96.14,21,"Developed, Open Space",259.754,9,FMA,-0.71,La Nina,0.4281342,0.42441666,0.42712495,0.4328333,46.069553,51.4151,43.88135,51.7901,57.2,35.6,47.0,8.7,0.91,4.0,88,0.9,1,100,Heavy rain at times
938304,2021-03-18 18:00:00,2021-03-18 20:00:00,FLOYD CO.,WEST PRESTONSBURG,2.14,1.77,BONANZA,37.69,-82.83,37.6956,-82.864,2021,120.0,2.0,0,0,0,0,0,0,-3.38,272.39,2021-03-18 11:37:10,2021-03-18 23:41:55,42.7,254.13,Waxing Crescent,18.43,41,Deciduous Forest,235.695,0,FMA,-0.71,La Nina,0.37613916,0.4156667,0.36749998,0.39258334,48.51024,56.3075,46.295,53.50625,69.1,51.9,60.3,12.2,1.89,5.0,81,1.7,1,100,Moderate or heavy rain shower
938305,2021-03-18 19:21:00,2021-03-18 21:21:00,FLOYD CO.,BRAINARD,1.91,1.65,BRAINARD,37.6802,-82.9325,37.6961,-82.9433,2021,120.0,2.0,0,0,0,0,0,0,-3.2,272.33,2021-03-18 11:37:35,2021-03-18 23:42:20,42.78,254.05,Waxing Crescent,18.43,21,"Developed, Open Space",237.465,31,FMA,-0.71,La Nina,0.38691795,0.41304162,0.37983325,0.4025,48.833115,56.442497,46.68875,53.64875,67.5,49.3,58.8,13.0,1.79,4.0,83,1.5,1,100,Moderate or heavy rain shower
938306,2021-03-18 19:26:00,2021-03-18 21:26:00,FLOYD CO.,BRAINARD,0.88,0.8,DOTSON,37.66,-82.89,37.6564,-82.8857,2021,120.0,2.0,0,0,0,0,0,0,-3.27,272.35,2021-03-18 11:37:25,2021-03-18 23:42:09,42.75,254.1,Waxing Crescent,18.43,41,Deciduous Forest,220.189,0,FMA,-0.71,La Nina,0.38691795,0.41304162,0.37983325,0.4025,48.833115,56.442497,46.68875,53.64875,69.1,51.9,60.3,12.2,1.89,5.0,81,1.7,1,100,Moderate or heavy rain shower
938308,2021-03-18 19:27:00,2021-03-18 21:27:00,FLOYD CO.,DOTSON,0.13,0.3,DOTSON,37.6491,-82.8721,37.6498,-82.8659,2021,120.0,2.0,0,0,0,0,0,0,-3.3,272.36,2021-03-18 11:37:21,2021-03-18 23:42:05,42.74,254.13,Waxing Crescent,18.43,81,Pasture/Hay,202.541,0,FMA,-0.71,La Nina,0.38691795,0.41304162,0.37983325,0.4025,48.833115,56.442497,46.68875,53.64875,69.1,51.9,60.3,12.2,1.89,5.0,81,1.7,1,100,Moderate or heavy rain shower
938309,2021-03-18 20:40:00,2021-03-18 22:40:00,MORGAN CO.,WEST LIBERTY ARPT,0.15,0.2,WEST LIBERTY ARPT,37.9207,-83.2474,37.9198,-83.2474,2021,120.0,2.0,0,0,30000,0,0,0,-2.83,272.15,2021-03-18 11:38:51,2021-03-18 23:43:35,42.95,253.57,Waxing Crescent,18.43,22,"Developed, Low Intensity",240.183,43,FMA,-0.71,La Nina,0.47456205,0.49320832,0.47716665,0.45941672,48.247177,56.765,46.017498,53.052498,66.6,48.7,58.8,11.4,0.9,5.0,85,1.2,1,100,Moderate or heavy rain shower
950850,2021-03-28 03:55:00,2021-03-28 10:00:00,CLAY CO.,OGLE,0.62,0.57,OGLE,37.0265,-83.6896,37.0237,-83.6897,2021,365.0,6.08,0,0,0,0,0,0,-1.26,275.41,2021-03-28 11:25:43,2021-03-28 23:54:15,12.97,93.18,Full Moon,98.93,41,Deciduous Forest,345.615,0,FMA,-0.71,La Nina,0.40867165,0.42229167,0.40250003,0.4252917,52.549625,57.001247,51.21875,55.62875,61.9,43.9,56.4,17.2,1.39,5.0,80,2.1,1,100,Moderate or heavy rain shower
950864,2021-03-28 05:00:00,2021-03-28 10:30:00,BELL CO.,CHENOA,0.99,0.93,CHENOA,36.6674,-83.8675,36.6636,-83.8658,2021,330.0,5.5,0,0,0,0,0,0,-1.18,275.29,2021-03-28 11:26:34,2021-03-28 23:54:49,12.85,92.99,Full Moon,98.93,41,Deciduous Forest,445.993,0,FMA,-0.71,La Nina,0.41595745,0.42337498,0.4106666,0.431625,53.11314,57.552044,51.735798,56.355797,61.6,44.5,57.0,14.1,1.63,5.0,84,2.1,1,100,Moderate or heavy rain shower
950857,2021-03-28 05:43:00,2021-03-28 10:30:00,BELL CO.,MIDDLESBORO BELL ARP,0.98,0.89,PARAMOUNT,36.6143,-83.7462,36.6135,-83.7467,2021,287.0,4.78,0,0,0,0,0,0,-1.25,275.36,2021-03-28 11:26:06,2021-03-28 23:54:18,12.95,93.05,Full Moon,98.93,21,"Developed, Open Space",353.154,7,FMA,-0.71,La Nina,0.42052582,0.42395833,0.4168333,0.43204165,52.771923,57.73835,51.310852,56.12585,61.6,44.5,57.0,14.1,1.63,5.0,84,2.1,1,100,Moderate or heavy rain shower
950854,2021-03-28 05:43:00,2021-03-28 10:30:00,BELL CO.,STONEY FORK,0.43,0.35,STONEY FORK,36.8309,-83.5378,36.8298,-83.5374,2021,287.0,4.78,0,0,0,0,0,0,-1.35,275.5,2021-03-28 11:25:11,2021-03-28 23:53:34,13.1,93.23,Full Moon,98.93,22,"Developed, Low Intensity",333.719,27,FMA,-0.71,La Nina,0.4127696,0.4239584,0.40629163,0.43125,52.813065,57.605003,51.41,56.02625,60.8,44.0,56.8,15.9,1.83,5.0,83,2.0,1,100,Moderate or heavy rain shower
950858,2021-03-28 05:55:00,2021-03-28 10:00:00,HARLAN CO.,ELCOMB,0.0,0.32,TEETERSVILLE,36.82,-83.33,36.8034,-83.3369,2021,245.0,4.08,0,0,0,0,0,0,-1.47,275.62,2021-03-28 11:24:22,2021-03-28 23:52:43,13.27,93.35,Full Moon,98.93,41,Deciduous Forest,473.701,0,FMA,-0.71,La Nina,0.4125663,0.42499998,0.40574995,0.43179166,49.97555,55.0475,48.541252,53.2025,59.8,43.7,56.0,15.2,1.24,6.0,85,2.3,1,100,Moderate or heavy rain shower
950859,2021-03-28 05:55:00,2021-03-28 10:00:00,HARLAN CO.,EVARTS,0.42,0.4,EVARTS,36.8642,-83.1979,36.8664,-83.193,2021,245.0,4.08,0,0,0,0,0,0,-1.54,275.7,2021-03-28 11:23:49,2021-03-28 23:52:13,13.37,93.44,Full Moon,98.93,21,"Developed, Open Space",392.74,18,FMA,-0.71,La Nina,0.4080787,0.42424998,0.39983335,0.43095836,52.39006,57.217102,51.025852,55.45835,59.8,43.7,56.0,15.2,1.24,6.0,85,2.3,1,100,Moderate or heavy rain shower
950860,2021-03-28 06:10:00,2021-03-28 10:00:00,HARLAN CO.,BAXTER,0.67,0.69,HARLAN,36.8596,-83.3285,36.8606,-83.325,2021,230.0,3.83,0,0,0,0,0,0,-1.47,275.63,2021-03-28 11:24:20,2021-03-28 23:52:44,13.27,93.36,Full Moon,98.93,22,"Developed, Low Intensity",365.045,38,FMA,-0.71,La Nina,0.41332164,0.42479166,0.4069167,0.43145826,52.72599,57.618504,51.329754,55.88225,59.8,43.7,56.0,15.2,1.24,6.0,85,2.3,1,100,Moderate or heavy rain shower
952848,2021-04-28 18:30:00,2021-04-28 21:00:00,CARTER CO.,GRANT,1.72,2.26,GRANT,38.3372,-82.8429,38.3375,-82.8578,2021,150.0,2.5,0,0,5000,0,0,0,3.03,285.87,2021-04-28 10:37:36,2021-04-28 00:19:40,-14.52,99.81,Full Moon,98.86,41,Deciduous Forest,265.247,0,MAM,-0.55,La Nina,0.37505087,0.35508332,0.38483334,0.3481667,53.58841,66.43625,50.1725,61.017506,76.5,61.6,67.9,8.9,0.35,6.0,81,5.8,1,100,Moderate or heavy rain shower
949762,2021-04-29 14:59:00,2021-04-29 17:00:00,HOPKINS CO.,MORTONS GAP,1.77,1.99,MORTONS GAP,37.25,-87.46,37.2477,-87.4649,2021,121.0,2.02,0,0,10000,0,0,0,6.34,283.46,2021-04-29 10:56:45,2021-04-29 00:37:11,-31.69,93.55,Waning Gibbous,94.85,90,Woody Wetlands,123.605,0,MAM,-0.55,La Nina,0.39983,0.476375,0.3973333,0.382875,56.9189,65.70875,54.038754,63.863747,69.7,59.4,65.4,15.6,0.73,5.0,91,2.6,1,100,Moderate or heavy rain shower
953992,2021-05-04 03:30:00,2021-05-04 08:30:00,MUHLENBERG CO.,BANCROFT,1.48,1.51,GRAHAM,37.1675,-87.2233,37.22,-87.27,2021,300.0,5.0,0,0,75000,0,0,0,6.92,284.91,2021-05-04 10:50:22,2021-05-04 00:40:33,-73.15,344.04,Third Quarter,48.28,82,Cultivated Crops,126.136,0,AMJ,-0.39,Neutral,0.40486586,0.49145833,0.3904166,0.42554173,58.796005,66.2975,56.412506,64.4675,72.0,55.9,65.8,13.6,0.42,5.0,89,3.4,1,100,Moderate or heavy rain shower
962806,2021-05-04 03:30:00,2021-05-04 05:30:00,CUMBERLAND CO.,BURKESVILLE,1.22,0.14,BAKERTON,36.7884,-85.3893,36.8408,-85.3778,2021,120.0,2.0,0,0,0,0,0,0,5.43,286.01,2021-05-04 10:43:46,2021-05-04 00:32:29,-73.84,349.59,Third Quarter,48.28,43,Mixed Forest,192.481,0,AMJ,-0.39,Neutral,0.3634596,0.4870833,0.3342084,0.42254165,57.89402,65.4125,55.636246,63.12875,78.4,63.1,68.6,11.6,1.09,4.0,89,2.8,1,100,Moderate or heavy rain shower
962808,2021-05-04 04:00:00,2021-05-04 05:00:00,METCALFE CO.,CLARKS CORNER,0.88,0.49,CLARKS CORNER,37.04,-85.66,37.0417,-85.6575,2021,60.0,1.0,0,0,0,0,0,0,5.71,285.83,2021-05-04 10:44:22,2021-05-04 00:34:03,-73.56,348.87,Third Quarter,48.28,21,"Developed, Open Space",252.995,8,AMJ,-0.39,Neutral,0.36599293,0.49616668,0.32700005,0.45629168,57.547062,65.097496,55.2725,62.828747,74.5,62.5,67.6,13.4,1.92,4.0,91,2.7,1,100,Moderate or heavy rain shower
962809,2021-05-04 04:30:00,2021-05-04 06:30:00,EDMONSON CO.,LINDSEYVILLE,1.76,1.59,WINDYVILLE,37.2047,-86.3032,37.1986,-86.3101,2021,120.0,2.0,0,0,0,0,0,0,6.23,285.44,2021-05-04 10:46:37,2021-05-04 00:36:57,-73.29,346.94,Third Quarter,48.28,81,Pasture/Hay,201.752,0,AMJ,-0.39,Neutral,0.40581337,0.48333332,0.3850001,0.4513333,58.14609,66.1625,55.745,63.70625,75.2,60.9,68.0,13.1,0.94,5.0,90,2.8,1,100,Moderate or heavy rain shower
962834,2021-05-04 05:07:00,2021-05-04 07:07:00,WARREN CO.,GOTTS,0.15,0.21,GOTTS,36.9713,-86.2978,36.9733,-86.3092,2021,120.0,2.0,0,0,0,0,0,0,6.17,285.46,2021-05-04 10:47:03,2021-05-04 00:36:28,-73.52,346.78,Third Quarter,48.28,41,Deciduous Forest,167.407,0,AMJ,-0.39,Neutral,0.36441922,0.48091665,0.33566666,0.42416668,58.672325,66.85625,56.21375,64.37375,75.2,60.9,68.0,13.1,0.94,5.0,90,2.8,1,100,Moderate or heavy rain shower
963057,2021-05-04 05:25:00,2021-05-04 07:25:00,BARREN CO.,GLASGOW MUNI ARPT,2.76,1.43,CORAL HILL,37.03,-85.9,37.0391,-85.8935,2021,120.0,2.0,0,0,0,0,0,0,5.88,285.69,2021-05-04 10:45:20,2021-05-04 00:35:00,-73.53,348.09,Third Quarter,48.28,81,Pasture/Hay,201.923,0,AMJ,-0.39,Neutral,0.35212624,0.48975006,0.31441674,0.43554166,58.060062,65.75,55.74875,63.421246,74.4,61.8,67.6,13.3,1.18,5.0,91,2.7,1,100,Moderate or heavy rain shower
962843,2021-05-04 05:25:00,2021-05-04 06:25:00,BARREN CO.,GLASGOW,0.55,0.59,GLASGOW,36.98,-85.89,36.9777,-85.8931,2021,60.0,1.0,0,0,0,0,0,0,5.86,285.7,2021-05-04 10:45:24,2021-05-04 00:34:52,-73.58,348.09,Third Quarter,48.28,23,"Developed, Medium Intensity",263.083,0,AMJ,-0.39,Neutral,0.3572704,0.49104166,0.31699994,0.45074996,58.121147,65.75,55.82375,63.454998,74.4,61.8,67.6,13.3,1.18,5.0,91,2.7,1,100,Moderate or heavy rain shower
963055,2021-05-04 05:30:00,2021-05-04 07:30:00,WARREN CO.,MEMPHIS JCT,1.38,1.31,MEMPHIS JCT,36.97,-86.48,36.9687,-86.478,2021,120.0,2.0,0,0,0,0,0,0,6.31,285.36,2021-05-04 10:47:46,2021-05-04 00:37:12,-73.49,346.2,Third Quarter,48.28,22,"Developed, Low Intensity",156.355,29,AMJ,-0.39,Neutral,0.37286213,0.47870827,0.3481667,0.42225,58.45336,66.84125,55.9625,64.197495,75.2,60.9,68.0,13.1,0.94,5.0,90,2.8,1,100,Moderate or heavy rain shower
963056,2021-05-04 05:30:00,2021-05-04 07:30:00,METCALFE CO.,EDMONTON,0.69,0.44,EDMONTON,36.9842,-85.6114,36.9877,-85.6129,2021,120.0,2.0,0,0,0,0,0,0,5.65,285.86,2021-05-04 10:44:16,2021-05-04 00:33:45,-73.62,348.99,Third Quarter,48.28,24,"Developed, High Intensity",228.759,80,AMJ,-0.39,Neutral,0.36599293,0.49616668,0.32700005,0.45629168,57.547062,65.097496,55.2725,62.828747,74.5,62.5,67.6,13.4,1.92,4.0,91,2.7,1,100,Moderate or heavy rain shower
963054,2021-05-04 05:39:00,2021-05-04 07:39:00,WARREN CO.,ROCKFIELD,1.77,1.8,ROCKFIELD,36.92,-86.57,36.914,-86.5685,2021,120.0,2.0,0,0,0,0,0,0,6.36,285.31,2021-05-04 10:48:14,2021-05-04 00:37:28,-73.52,345.87,Third Quarter,48.28,82,Cultivated Crops,180.338,0,AMJ,-0.39,Neutral,0.3745692,0.48329172,0.34820834,0.42870823,58.5512,66.848755,56.063747,64.31375,75.2,60.9,68.0,13.1,0.94,5.0,90,2.8,1,100,Moderate or heavy rain shower
963052,2021-05-04 05:54:00,2021-05-04 07:54:00,BUTLER CO.,PLEASANT HILL,0.0,1.29,ROCHESTER,37.18,-86.88,37.2215,-86.9322,2021,120.0,2.0,0,0,0,0,0,0,6.66,285.1,2021-05-04 10:48:58,2021-05-04 00:39:12,-73.21,345.11,Third Quarter,48.28,41,Deciduous Forest,123.039,0,AMJ,-0.39,Neutral,0.40907082,0.49395832,0.38716674,0.455875,58.651024,66.56,56.225,64.3325,74.0,58.7,66.9,12.2,0.8,5.0,89,2.3,1,100,Moderate or heavy rain shower
963051,2021-05-04 06:04:00,2021-05-04 07:04:00,BARREN CO.,GLASGOW MUNI ARPT,1.04,0.6,GLASGOW MUNI ARPT,37.025,-85.9323,37.0196,-85.9359,2021,60.0,1.0,0,0,0,0,0,0,5.91,285.67,2021-05-04 10:45:29,2021-05-04 00:35:07,-73.53,347.98,Third Quarter,48.28,23,"Developed, Medium Intensity",222.506,35,AMJ,-0.39,Neutral,0.35588083,0.48633337,0.32087502,0.43241665,57.96943,65.79875,55.613747,63.43625,74.4,61.8,67.6,13.3,1.18,5.0,91,2.7,1,100,Moderate or heavy rain shower
963049,2021-05-04 06:08:00,2021-05-04 08:08:00,WARREN CO.,THREE SPGS,0.0,0.41,THREE SPGS,36.92,-86.43,36.9136,-86.4375,2021,120.0,2.0,0,0,0,0,0,0,6.25,285.39,2021-05-04 10:47:40,2021-05-04 00:36:54,-73.54,346.32,Third Quarter,48.28,23,"Developed, Medium Intensity",169.411,0,AMJ,-0.39,Neutral,0.37286213,0.47870827,0.3481667,0.42225,58.45336,66.84125,55.9625,64.197495,75.2,60.9,68.0,13.1,0.94,5.0,90,2.8,1,100,Moderate or heavy rain shower
963048,2021-05-04 06:10:00,2021-05-04 08:10:00,WARREN CO.,MEMPHIS JCT,1.3,1.12,MEMPHIS JCT,36.96,-86.5,36.9627,-86.4951,2021,120.0,2.0,0,0,0,0,0,0,6.32,285.35,2021-05-04 10:47:52,2021-05-04 00:37:16,-73.49,346.13,Third Quarter,48.28,22,"Developed, Low Intensity",159.398,24,AMJ,-0.39,Neutral,0.37286213,0.47870827,0.3481667,0.42225,58.45336,66.84125,55.9625,64.197495,75.2,60.9,68.0,13.1,0.94,5.0,90,2.8,1,100,Moderate or heavy rain shower
963047,2021-05-04 07:11:00,2021-05-04 08:11:00,CUMBERLAND CO.,MARROWBONE,0.79,1.19,MARROWBONE,36.8209,-85.4857,36.8234,-85.5115,2021,60.0,1.0,0,0,0,0,0,0,5.52,285.95,2021-05-04 10:44:05,2021-05-04 00:32:56,-73.8,349.29,Third Quarter,48.28,41,Deciduous Forest,233.614,0,AMJ,-0.39,Neutral,0.36961457,0.4879583,0.34445825,0.41641667,57.8171,65.30375,55.557503,63.06875,78.4,63.1,68.6,11.6,1.09,4.0,89,2.8,1,100,Moderate or heavy rain shower
963043,2021-05-04 07:30:00,2021-05-04 09:30:00,MONROE CO.,JEFFREY,2.07,1.66,JEFFREY,36.7694,-85.8016,36.7542,-85.8399,2021,120.0,2.0,0,0,0,0,0,0,5.74,285.77,2021-05-04 10:45:27,2021-05-04 00:34:06,-73.8,348.23,Third Quarter,48.28,41,Deciduous Forest,259.819,0,AMJ,-0.39,Neutral,0.38526797,0.4932917,0.34925,0.47274995,57.8444,65.075,55.636246,63.005,75.2,63.5,68.0,12.6,1.53,4.0,91,2.3,1,100,Moderate or heavy rain shower
963046,2021-05-04 07:30:00,2021-05-04 08:30:00,METCALFE CO.,WILLOW SHADE,1.3,0.33,WILLOW SHADE,36.84,-85.58,36.8341,-85.5758,2021,60.0,1.0,0,0,0,0,0,0,5.59,285.89,2021-05-04 10:44:25,2021-05-04 00:33:21,-73.76,349.0,Third Quarter,48.28,21,"Developed, Open Space",208.361,7,AMJ,-0.39,Neutral,0.36584044,0.4924167,0.3310416,0.44295835,57.70336,65.12376,55.448753,62.96,78.4,63.1,68.6,11.6,1.09,4.0,89,2.8,1,100,Moderate or heavy rain shower
963045,2021-05-04 07:30:00,2021-05-04 08:30:00,METCALFE CO.,CURTIS,0.86,0.84,CURTIS,36.9243,-85.5838,36.9242,-85.5858,2021,60.0,1.0,0,0,0,0,0,0,5.62,285.88,2021-05-04 10:44:17,2021-05-04 00:33:32,-73.68,349.04,Third Quarter,48.28,81,Pasture/Hay,243.179,0,AMJ,-0.39,Neutral,0.36591914,0.49441662,0.32841668,0.45166662,57.5468,65.0825,55.2725,62.8325,74.5,62.5,67.6,13.4,1.92,4.0,91,2.7,1,100,Moderate or heavy rain shower
963044,2021-05-04 07:30:00,2021-05-04 08:30:00,MONROE CO.,EMBERTON,0.69,0.6,EMBERTON,36.71,-85.77,36.7105,-85.7717,2021,60.0,1.0,0,0,0,0,0,0,5.7,285.79,2021-05-04 10:45:26,2021-05-04 00:33:52,-73.86,348.29,Third Quarter,48.28,41,Deciduous Forest,220.076,0,AMJ,-0.39,Neutral,0.38526797,0.4932917,0.34925,0.47274995,57.8444,65.075,55.636246,63.005,75.2,63.5,68.0,12.6,1.53,4.0,91,2.3,1,100,Moderate or heavy rain shower
953993,2021-05-04 19:04:00,2021-05-04 21:00:00,CHRISTIAN CO.,HOPKINSVILLE,2.0,2.0,HOPKINSVILLE,36.85,-87.5162,36.8211,-87.48,2021,116.0,1.93,0,0,20000,0,0,0,7.06,284.77,2021-05-04 10:52:09,2021-05-04 00:41:07,-73.38,342.83,Third Quarter,48.28,21,"Developed, Open Space",167.572,7,AMJ,-0.39,Neutral,0.40939793,0.49479166,0.3838333,0.46858326,58.525513,66.395,56.104996,64.201256,72.8,57.7,66.5,12.9,0.43,5.0,89,3.3,1,100,Moderate or heavy rain shower
953994,2021-05-04 20:30:00,2021-05-04 22:00:00,TODD CO.,WILHELMINA,1.7,1.67,SHARON GROVE,36.8431,-87.126,36.9104,-87.1021,2021,90.0,1.5,0,0,0,0,0,0,6.76,285.0,2021-05-04 10:50:36,2021-05-04 00:39:33,-73.48,344.05,Third Quarter,48.28,81,Pasture/Hay,212.549,0,AMJ,-0.39,Neutral,0.42194375,0.501,0.3962916,0.48354158,58.39265,66.305,55.985,64.009995,73.6,58.0,66.5,12.5,0.38,5.0,89,2.9,1,100,Moderate or heavy rain shower
961284,2021-06-02 15:20:00,2021-06-02 18:00:00,CALLOWAY CO.,DEXTER,0.0,0.0,WADESBORO,36.75,-88.28,36.7484,-88.3259,2021,160.0,2.67,0,0,100000,0,0,0,11.44,289.31,2021-06-02 10:35:00,2021-06-02 01:07:00,-67.06,1.67,Third Quarter,53.3,82,Cultivated Crops,129.455,0,MJJ,-0.3,Neutral,0.37141168,0.4935416,0.35950005,0.37154165,63.148293,67.32124,62.15,65.18,73.6,61.0,67.4,7.8,1.82,4.0,93,2.2,1,100,Moderate or heavy rain shower
958809,2021-06-09 16:00:00,2021-06-09 20:00:00,CARTER CO.,UPPER TYGART,0.4,0.49,GARVIN RIDGE,38.3055,-83.2777,38.3063,-83.2485,2021,240.0,4.0,0,0,30000,0,0,0,8.98,292.28,2021-06-09 10:08:59,2021-06-09 00:55:36,-5.52,300.2,New Moon,1.91,21,"Developed, Open Space",267.441,11,MJJ,-0.3,Neutral,0.24802251,0.37400004,0.22520827,0.28425,63.222836,69.14,61.126244,68.43875,74.1,66.4,69.7,7.2,1.72,4.0,86,4.8,1,100,Moderate or heavy rain shower
957848,2021-06-09 16:00:00,2021-06-09 17:00:00,CLAY CO.,FOGERTOWN,1.77,1.32,FOGERTOWN,37.24,-83.86,37.2421,-83.8569,2021,60.0,1.0,0,0,0,0,0,0,9.0,292.1,2021-06-09 10:14:28,2021-06-09 00:54:47,-5.69,299.75,New Moon,1.91,41,Deciduous Forest,317.724,0,MJJ,-0.3,Neutral,0.34665295,0.4695417,0.3230833,0.38650003,63.79569,70.16376,61.733753,68.7425,77.4,66.2,71.6,7.7,1.15,3.0,82,3.6,1,100,Moderate or heavy rain shower
958972,2021-06-10 17:45:00,2021-06-10 21:29:00,CARTER CO.,OLIVE HILL,0.61,1.01,LEON,38.293,-83.1631,38.2926,-82.9787,2021,224.0,3.73,0,0,15000,0,0,0,8.97,292.38,2021-06-10 10:08:27,2021-06-10 00:55:37,4.2,295.4,New Moon,0.19,41,Deciduous Forest,292.787,0,MJJ,-0.3,Neutral,0.34400502,0.47687507,0.30283335,0.44087502,63.766964,71.307495,61.688744,68.378746,81.7,66.9,73.4,7.3,0.23,4.0,87,2.5,1,100,Moderate or heavy rain shower
970178,2021-06-10 18:52:00,2021-06-10 20:52:00,OLDHAM CO.,CENTERFIELD,2.68,2.55,CENTERFIELD,38.3113,-85.3968,38.312,-85.4018,2021,120.0,2.0,0,0,0,0,0,0,10.59,291.1,2021-06-10 10:17:20,2021-06-10 01:04:37,5.76,294.08,New Moon,0.19,41,Deciduous Forest,200.311,0,MJJ,-0.3,Neutral,0.32920298,0.41079167,0.29875,0.40641665,64.5707,71.40125,62.5925,69.07625,77.7,68.4,72.6,5.6,0.25,5.0,93,3.2,1,100,Moderate or heavy rain shower
956434,2021-06-11 05:10:00,2021-06-11 11:00:00,LEE CO.,BEATTYVILLE,0.79,0.87,BEATTYVILLE,37.5755,-83.7068,37.5792,-83.7054,2021,350.0,5.83,0,0,0,0,0,0,9.18,292.21,2021-06-11 10:12:42,2021-06-11 00:56:09,14.08,290.07,New Moon,0.29,23,"Developed, Medium Intensity",199.935,59,MJJ,-0.3,Neutral,0.3838946,0.49695837,0.34037504,0.49541667,64.73053,71.67875,62.629997,69.61626,79.9,66.7,72.1,5.8,0.84,4.0,90,3.7,1,100,Moderate or heavy rain shower
957850,2021-06-11 05:10:00,2021-06-11 08:00:00,LEE CO.,PROCTOR,0.76,0.61,PROCTOR,37.5738,-83.707,37.5739,-83.697,2021,170.0,2.83,0,0,0,0,0,0,9.18,292.21,2021-06-11 10:12:42,2021-06-11 00:56:08,14.08,290.07,New Moon,0.29,41,Deciduous Forest,226.461,0,MJJ,-0.3,Neutral,0.3838946,0.49695837,0.34037504,0.49541667,64.73053,71.67875,62.629997,69.61626,79.9,66.7,72.1,5.8,0.84,4.0,90,3.7,1,100,Moderate or heavy rain shower
956433,2021-06-11 05:10:00,2021-06-11 11:00:00,LEE CO.,PROCTOR,0.75,0.85,PROCTOR,37.5711,-83.7064,37.5717,-83.7064,2021,350.0,5.83,0,0,0,0,0,0,9.18,292.21,2021-06-11 10:12:43,2021-06-11 00:56:08,14.07,290.07,New Moon,0.29,24,"Developed, High Intensity",204.22,86,MJJ,-0.3,Neutral,0.3838946,0.49695837,0.34037504,0.49541667,64.73053,71.67875,62.629997,69.61626,79.9,66.7,72.1,5.8,0.84,4.0,90,3.7,1,100,Moderate or heavy rain shower
956430,2021-06-11 06:00:00,2021-06-11 08:00:00,LEE CO.,OLD LNDG,1.57,1.87,OLD LNDG,37.6485,-83.8034,37.6389,-83.7849,2021,120.0,2.0,0,0,0,0,0,0,9.27,292.14,2021-06-11 10:12:52,2021-06-11 00:56:45,14.17,290.0,New Moon,0.29,41,Deciduous Forest,265.484,0,MJJ,-0.3,Neutral,0.28835586,0.4115834,0.24395834,0.39949992,64.9844,71.3825,63.0125,69.612495,79.9,66.7,72.1,5.8,0.84,4.0,90,3.7,1,100,Moderate or heavy rain shower
956422,2021-06-11 08:32:00,2021-06-11 10:30:00,WOLFE CO.,FLAT,0.26,0.34,FLAT,37.6682,-83.5459,37.6609,-83.5412,2021,118.0,1.97,0,0,0,0,0,0,9.1,292.28,2021-06-11 10:11:47,2021-06-11 00:55:46,13.99,290.13,New Moon,0.29,21,"Developed, Open Space",262.723,0,MJJ,-0.3,Neutral,0.38527632,0.496375,0.3464584,0.48133326,64.55836,71.43875,62.461246,69.455,79.9,66.7,72.1,5.8,0.84,4.0,90,3.7,1,100,Moderate or heavy rain shower
956418,2021-06-11 12:30:00,2021-06-11 15:30:00,OWSLEY CO.,EVERSOLE,1.39,1.48,BOONEVILLE,37.47,-83.6468,37.4826,-83.6567,2021,180.0,3.0,0,0,0,0,0,0,9.09,292.25,2021-06-11 10:12:46,2021-06-11 00:55:35,14.0,290.13,New Moon,0.29,41,Deciduous Forest,248.532,0,MJJ,-0.3,Neutral,0.37717417,0.49341667,0.3384583,0.4711666,64.95455,71.795,62.858757,69.86,79.9,66.7,72.1,5.8,0.84,4.0,90,3.7,1,100,Moderate or heavy rain shower
957856,2021-06-11 12:30:00,2021-06-11 15:30:00,OWSLEY CO.,BOONEVILLE,1.47,1.57,EVERSOLE,37.4784,-83.6532,37.4702,-83.6462,2021,180.0,3.0,0,0,0,0,0,0,9.1,292.25,2021-06-11 10:12:46,2021-06-11 00:55:38,14.0,290.12,New Moon,0.29,21,"Developed, Open Space",229.273,6,MJJ,-0.3,Neutral,0.37717417,0.49341667,0.3384583,0.4711666,64.95455,71.795,62.858757,69.86,79.9,66.7,72.1,5.8,0.84,4.0,90,3.7,1,100,Moderate or heavy rain shower
956417,2021-06-11 13:09:00,2021-06-11 18:40:00,WHITLEY CO.,BON,0.42,0.43,BALLTOWN,36.7252,-84.176,36.7245,-84.1742,2021,331.0,5.52,0,0,15000,0,0,0,9.2,292.07,2021-06-11 10:17:04,2021-06-11 00:55:32,14.14,290.03,New Moon,0.29,21,"Developed, Open Space",282.907,0,MJJ,-0.3,Neutral,0.37703964,0.4903333,0.33916664,0.469125,65.06337,71.84375,63.049995,69.70625,78.3,66.1,71.5,5.8,0.66,3.0,95,4.3,1,100,Moderate or heavy rain shower
956419,2021-06-11 13:45:00,2021-06-11 18:40:00,WHITLEY CO.,WILLIAMSBURG,0.78,0.89,WILLIAMSBURG,36.7402,-84.164,36.7436,-84.1708,2021,295.0,4.92,0,0,20000,0,0,0,9.2,292.08,2021-06-11 10:16:59,2021-06-11 00:55:32,14.13,290.04,New Moon,0.29,21,"Developed, Open Space",303.501,5,MJJ,-0.3,Neutral,0.37703964,0.4903333,0.33916664,0.469125,65.06337,71.84375,63.049995,69.70625,78.3,66.1,71.5,5.8,0.66,3.0,95,4.3,1,100,Moderate or heavy rain shower
956413,2021-06-11 14:57:00,2021-06-11 17:45:00,LAUREL CO.,BERT,1.56,1.42,BERT,37.1163,-83.998,37.1215,-83.988,2021,168.0,2.8,0,0,0,0,0,0,9.22,292.11,2021-06-11 10:15:13,2021-06-11 00:55:57,14.14,290.03,New Moon,0.29,81,Pasture/Hay,360.63,0,MJJ,-0.3,Neutral,0.39884377,0.49687505,0.3639166,0.48591664,64.45314,71.26625,62.45,69.049995,77.4,67.5,71.6,6.0,0.45,4.0,94,4.3,1,100,Moderate or heavy rain shower
956415,2021-06-11 15:13:00,2021-06-11 17:45:00,LAUREL CO.,MAPLESVILLE,1.54,1.69,MAPLESVILLE,37.1279,-84.0273,37.1246,-84.0355,2021,152.0,2.53,0,0,0,0,0,0,9.24,292.09,2021-06-11 10:15:18,2021-06-11 00:56:06,14.16,290.01,New Moon,0.29,81,Pasture/Hay,362.036,0,MJJ,-0.3,Neutral,0.39884377,0.49687505,0.3639166,0.48591664,64.45314,71.26625,62.45,69.049995,77.4,67.5,71.6,6.0,0.45,4.0,94,4.3,1,100,Moderate or heavy rain shower
956416,2021-06-11 15:30:00,2021-06-11 17:45:00,LAUREL CO.,MAPLESVILLE,2.14,2.57,MAPLESVILLE,37.12,-84.02,37.1231,-84.017,2021,135.0,2.25,0,0,0,0,0,0,9.24,292.1,2021-06-11 10:15:18,2021-06-11 00:56:03,14.15,290.02,New Moon,0.29,41,Deciduous Forest,381.83,0,MJJ,-0.3,Neutral,0.39884377,0.49687505,0.3639166,0.48591664,64.45314,71.26625,62.45,69.049995,77.4,67.5,71.6,6.0,0.45,4.0,94,4.3,1,100,Moderate or heavy rain shower
956414,2021-06-11 15:40:00,2021-06-11 17:45:00,LAUREL CO.,BROCK,0.85,0.81,BROCK,37.0917,-83.9848,37.0995,-83.9824,2021,125.0,2.08,0,0,0,0,0,0,9.2,292.12,2021-06-11 10:15:14,2021-06-11 00:55:50,14.12,290.04,New Moon,0.29,41,Deciduous Forest,345.919,0,MJJ,-0.3,Neutral,0.3915309,0.49670827,0.35308337,0.4882917,64.33839,71.198746,62.330006,68.9375,77.4,67.5,71.6,6.0,0.45,4.0,94,4.3,1,100,Moderate or heavy rain shower
956412,2021-06-11 15:50:00,2021-06-11 18:30:00,LAUREL CO.,CRAWFORD,0.55,0.6,CRAWFORD,37.236,-83.9767,37.2393,-83.9752,2021,160.0,2.67,0,0,0,0,0,0,9.25,292.11,2021-06-11 10:14:47,2021-06-11 00:56:13,14.16,290.01,New Moon,0.29,81,Pasture/Hay,298.746,0,MJJ,-0.3,Neutral,0.39209294,0.49741665,0.35362506,0.488875,64.47856,71.26625,62.434998,69.2225,77.4,67.5,71.6,6.0,0.45,4.0,94,4.3,1,100,Moderate or heavy rain shower
956375,2021-06-11 17:00:00,2021-06-11 18:40:00,WHITLEY CO.,WILLIAMSBURG,0.39,0.26,LIBERTY,36.7325,-84.1763,36.764,-84.2119,2021,100.0,1.67,0,0,0,0,0,0,9.21,292.07,2021-06-11 10:17:03,2021-06-11 00:55:33,14.14,290.03,New Moon,0.29,41,Deciduous Forest,363.971,0,MJJ,-0.3,Neutral,0.37703964,0.4903333,0.33916664,0.469125,65.06337,71.84375,63.049995,69.70625,78.3,66.1,71.5,5.8,0.66,3.0,95,4.3,1,100,Moderate or heavy rain shower
956376,2021-06-11 17:00:00,2021-06-11 18:40:00,WHITLEY CO.,PARKERS,1.55,1.62,PARKERS,36.6988,-84.2607,36.7124,-84.2559,2021,100.0,1.67,0,0,0,0,0,0,9.26,292.03,2021-06-11 10:17:29,2021-06-11 00:55:48,14.19,289.99,New Moon,0.29,81,Pasture/Hay,380.142,0,MJJ,-0.3,Neutral,0.35070503,0.47724995,0.31495836,0.43108332,65.09447,71.915,63.094997,69.676254,78.3,66.1,71.5,5.8,0.66,3.0,95,4.3,1,100,Moderate or heavy rain shower
956378,2021-06-11 17:21:00,2021-06-11 18:40:00,WHITLEY CO.,MEADORSVILLE,1.41,1.36,MEADORSVILLE,36.7498,-84.2735,36.7496,-84.2722,2021,79.0,1.32,0,0,25000,0,0,0,9.28,292.01,2021-06-11 10:17:23,2021-06-11 00:56:00,14.22,289.98,New Moon,0.29,43,Mixed Forest,274.753,0,MJJ,-0.3,Neutral,0.37703964,0.4903333,0.33916664,0.469125,65.91748,72.69784,63.904102,70.56035,78.3,66.1,71.5,5.8,0.66,3.0,95,4.3,1,100,Moderate or heavy rain shower
970182,2021-06-13 14:35:00,2021-06-13 16:35:00,SCOTT CO.,GREAT CROSSING,2.71,2.78,GREAT CROSSING,38.211,-84.6487,38.2091,-84.6494,2021,120.0,2.0,0,0,0,0,0,0,10.25,291.62,2021-06-13 10:14:30,2021-06-13 01:02:44,34.3,276.33,Waxing Crescent,6.09,81,Pasture/Hay,251.262,0,MJJ,-0.3,Neutral,0.29398876,0.36475,0.26558337,0.36779165,66.24054,74.18,63.85625,71.768745,84.1,69.8,75.3,8.0,0.1,5.0,82,11.6,1,100,Moderate or heavy rain shower
953972,2021-06-13 16:00:00,2021-06-13 17:00:00,OWEN CO.,NEW,0.21,0.32,NEW,38.4273,-84.8018,38.4261,-84.8021,2021,60.0,1.0,0,0,30000,0,0,0,10.44,291.49,2021-06-13 10:14:27,2021-06-13 01:04:01,34.44,276.09,Waxing Crescent,6.09,43,Mixed Forest,210.986,0,MJJ,-0.3,Neutral,0.28382915,0.36816666,0.2535833,0.3594167,66.32135,74.465004,63.867496,72.020004,81.8,70.0,74.9,8.2,0.26,4.0,80,10.0,1,100,Moderate or heavy rain shower
968773,2021-06-13 16:40:00,2021-06-13 17:40:00,SCOTT CO.,MINORSVILLE,1.63,1.85,MINORSVILLE,38.33,-84.73,38.3421,-84.7394,2021,60.0,1.0,0,0,0,0,0,0,10.35,291.55,2021-06-13 10:14:27,2021-06-13 01:03:25,34.38,276.2,Waxing Crescent,6.09,81,Pasture/Hay,230.676,0,MJJ,-0.3,Neutral,0.3164442,0.37829164,0.29358333,0.3742083,66.4946,74.49875,64.0775,72.11375,84.1,69.8,75.3,8.0,0.1,5.0,82,11.6,1,100,Moderate or heavy rain shower
962982,2021-06-13 16:45:00,2021-06-13 19:45:00,GREENUP CO.,LOAD,0.41,1.68,LOAD,38.5483,-82.9773,38.55,-82.9576,2021,180.0,3.0,0,0,10000,0,0,0,9.17,292.52,2021-06-13 10:06:46,2021-06-13 00:57:05,33.03,277.03,Waxing Crescent,6.09,41,Deciduous Forest,169.271,0,MJJ,-0.3,Neutral,0.27618667,0.36291668,0.24216671,0.36391667,65.76245,73.19375,63.484997,71.09375,84.7,67.8,75.1,10.1,0.37,5.0,76,6.9,1,100,Moderate or heavy rain shower
953973,2021-06-13 17:00:00,2021-06-13 18:00:00,LEWIS CO.,VANCEBURG,1.32,1.44,GARRISON,38.5875,-83.2684,38.6077,-83.1847,2021,60.0,1.0,0,0,0,0,0,0,9.39,292.34,2021-06-13 10:07:49,2021-06-13 00:58:22,33.26,276.84,Waxing Crescent,6.09,71,Grassland/Herbaceous,228.398,0,MJJ,-0.3,Neutral,0.22923292,0.33304167,0.19354169,0.317,65.54855,73.325,63.158756,71.15,83.9,68.4,75.2,10.1,0.26,5.0,78,8.8,1,100,Moderate or heavy rain shower
969805,2021-06-19 00:25:00,2021-06-19 02:25:00,TRIMBLE CO.,MONITOR,2.51,2.43,MONITOR,38.6177,-85.2487,38.6186,-85.2544,2021,120.0,2.0,0,0,0,0,0,0,11.19,291.19,2021-06-19 10:16:08,2021-06-19 01:08:32,50.96,167.64,Waxing Gibbous,59.43,82,Cultivated Crops,143.998,0,MJJ,-0.3,Neutral,0.27728793,0.3331667,0.26558328,0.2987916,67.07664,73.088745,65.1575,71.6525,83.5,67.6,74.7,12.8,0.59,5.0,85,4.6,1,100,Moderate or heavy rain shower
961289,2021-06-21 11:42:00,2021-06-21 14:30:00,CALDWELL CO.,LAKEVIEW,1.78,3.43,PRINCETON,37.1141,-87.9056,37.1146,-87.8674,2021,168.0,2.8,0,0,0,0,0,0,12.71,289.97,2021-06-21 10:31:45,2021-06-21 01:15:05,31.07,139.25,Waxing Gibbous,80.42,23,"Developed, Medium Intensity",155.956,73,MJJ,-0.3,Neutral,0.37358582,0.38708338,0.37283337,0.3716667,71.06945,77.72,68.61875,77.255005,81.5,61.5,74.4,12.0,1.02,5.0,82,8.2,1,100,Moderate or heavy rain shower
970376,2021-07-01 07:25:00,2021-07-01 09:25:00,FAYETTE CO.,JONESTOWN,1.09,1.21,JONESTOWN,37.98,-84.48,37.9814,-84.4755,2021,120.0,2.0,0,0,0,0,0,0,10.67,291.13,2021-07-01 10:18:57,2021-07-01 01:04:43,-55.18,23.63,Waning Gibbous,58.86,21,"Developed, Open Space",292.562,11,JJA,-0.35,Neutral,0.2518575,0.37262496,0.22387499,0.3075417,71.305626,73.29125,70.03249,75.00875,72.0,65.6,70.3,8.8,2.24,5.0,95,4.9,1,100,Moderate or heavy rain shower
970381,2021-07-01 08:00:00,2021-07-01 10:00:00,CLARK CO.,WINCHESTER,2.45,2.44,WINCHESTER,38.0008,-84.2165,37.9699,-84.1968,2021,120.0,2.0,0,0,0,0,0,0,10.48,291.28,2021-07-01 10:17:50,2021-07-01 01:03:44,-55.07,24.05,Waning Gibbous,58.86,23,"Developed, Medium Intensity",305.002,0,JJA,-0.35,Neutral,0.24015333,0.36445835,0.21208327,0.29495832,69.7682,72.222496,68.34126,73.8425,73.0,65.8,70.3,7.9,1.56,5.0,95,3.3,1,100,Moderate or heavy rain shower
970382,2021-07-01 10:08:00,2021-07-01 12:08:00,MERCER CO.,BURGIN,1.49,0.94,BURGIN,37.77,-84.76,37.7569,-84.7496,2021,120.0,2.0,0,0,0,0,0,0,10.8,291.01,2021-07-01 10:20:42,2021-07-01 01:05:12,-55.45,23.29,Waning Gibbous,58.86,21,"Developed, Open Space",260.049,9,JJA,-0.35,Neutral,0.2716121,0.35758337,0.2533333,0.305625,70.206985,72.923744,68.82125,74.052505,73.9,68.4,70.9,8.5,1.8,4.0,95,4.6,1,100,Moderate or heavy rain shower
970383,2021-07-01 10:30:00,2021-07-01 12:30:00,FAYETTE CO.,LEXINGTON,1.29,1.11,LEXINGTON,38.04,-84.48,38.042,-84.4732,2021,120.0,2.0,0,0,0,0,0,0,10.69,291.12,2021-07-01 10:18:46,2021-07-01 01:04:54,-55.12,23.6,Waning Gibbous,58.86,24,"Developed, High Intensity",304.989,89,JJA,-0.35,Neutral,0.25513414,0.3882917,0.22233337,0.3232083,69.645615,72.0575,68.34126,73.31375,72.0,65.6,70.3,8.8,2.24,5.0,95,4.9,1,100,Moderate or heavy rain shower
970384,2021-07-01 11:40:00,2021-07-01 13:40:00,BOYLE CO.,PERRYVILLE,2.34,2.45,PERRYVILLE,37.68,-84.93,37.6845,-84.9297,2021,120.0,2.0,0,0,0,0,0,0,10.89,290.93,2021-07-01 10:21:38,2021-07-01 01:05:37,-55.59,23.06,Waning Gibbous,58.86,21,"Developed, Open Space",267.028,11,JJA,-0.35,Neutral,0.27501628,0.365375,0.25525007,0.31266668,71.71291,73.73375,70.486244,75.244995,73.9,68.4,70.9,8.5,1.8,4.0,95,4.6,1,100,Moderate or heavy rain shower
975603,2021-07-01 12:00:00,2021-07-01 14:00:00,BULLITT CO.,BROOKS,0.75,0.66,BROOKS,38.0805,-85.697,38.0804,-85.6959,2021,120.0,2.0,0,0,0,0,0,0,11.59,290.43,2021-07-01 10:23:31,2021-07-01 01:09:53,-55.45,21.57,Waning Gibbous,58.86,23,"Developed, Medium Intensity",159.356,56,JJA,-0.35,Neutral,0.30176374,0.39525005,0.28916672,0.31379166,72.23728,74.915,70.91375,75.8825,73.1,66.3,71.2,7.2,1.46,2.0,96,3.3,1,100,Moderate or heavy rain shower
975611,2021-07-01 12:30:00,2021-07-01 14:30:00,MADISON CO.,WHITE HALL,2.07,2.26,WHITE HALL,37.85,-84.33,37.8451,-84.3292,2021,120.0,2.0,0,0,0,0,0,0,10.51,291.24,2021-07-01 10:18:44,2021-07-01 01:03:44,-55.25,23.95,Waning Gibbous,58.86,24,"Developed, High Intensity",300.568,59,JJA,-0.35,Neutral,0.23795502,0.34662497,0.21766663,0.27129164,70.300735,72.98375,68.78376,74.6075,73.7,68.2,70.8,9.2,1.18,4.0,95,4.4,1,100,Moderate or heavy rain shower
975605,2021-07-01 12:30:00,2021-07-01 14:30:00,MADISON CO.,WHITE HALL,1.76,1.62,WHITE HALL,37.84,-84.35,37.8443,-84.3463,2021,120.0,2.0,0,0,0,0,0,0,10.52,291.23,2021-07-01 10:18:51,2021-07-01 01:03:47,-55.26,23.92,Waning Gibbous,58.86,81,Pasture/Hay,278.424,0,JJA,-0.35,Neutral,0.23795502,0.34662497,0.21766663,0.27129164,70.300735,72.98375,68.78376,74.6075,73.7,68.2,70.8,9.2,1.18,4.0,95,4.4,1,100,Moderate or heavy rain shower
975604,2021-07-01 12:30:00,2021-07-01 14:30:00,MADISON CO.,WHITE HALL,1.09,1.98,WHITE HALL,37.82,-84.31,37.8267,-84.3026,2021,120.0,2.0,0,0,0,0,0,0,10.49,291.25,2021-07-01 10:18:45,2021-07-01 01:03:33,-55.27,24.0,Waning Gibbous,58.86,41,Deciduous Forest,266.19,0,JJA,-0.35,Neutral,0.23795502,0.34662497,0.21766663,0.27129164,70.300735,72.98375,68.78376,74.6075,73.7,68.2,70.8,9.2,1.18,4.0,95,4.4,1,100,Moderate or heavy rain shower
975613,2021-07-01 13:15:00,2021-07-01 15:15:00,JEFFERSON CO.,ST DENNIS,1.76,1.38,SHIVELY,38.2,-85.8,38.1983,-85.7959,2021,120.0,2.0,0,0,0,0,0,0,11.71,290.35,2021-07-01 10:23:34,2021-07-01 01:10:40,-55.37,21.34,Waning Gibbous,58.86,23,"Developed, Medium Intensity",138.332,77,JJA,-0.35,Neutral,0.2763146,0.35358334,0.2749584,0.25520834,72.82506,75.62,71.401245,76.774994,75.5,68.4,71.9,7.0,1.13,4.0,96,3.4,1,100,Moderate or heavy rain shower
975614,2021-07-01 13:15:00,2021-07-01 15:15:00,JEFFERSON CO.,LOUISVILLE,1.51,1.57,LOUISVILLE,38.219,-85.756,38.2203,-85.7556,2021,120.0,2.0,0,0,0,0,0,0,11.69,290.37,2021-07-01 10:23:20,2021-07-01 01:10:33,-55.34,21.4,Waning Gibbous,58.86,23,"Developed, Medium Intensity",134.473,62,JJA,-0.35,Neutral,0.2763146,0.35358334,0.2749584,0.25520834,72.82506,75.62,71.401245,76.774994,75.5,68.4,71.9,7.0,1.13,4.0,96,3.4,1,100,Moderate or heavy rain shower
975617,2021-07-01 13:32:00,2021-07-01 15:32:00,JEFFERSON CO.,LOUISVILLE,1.76,1.18,LOUISVILLE,38.21,-85.76,38.2093,-85.7633,2021,120.0,2.0,0,0,0,0,0,0,11.69,290.37,2021-07-01 10:23:22,2021-07-01 01:10:32,-55.35,21.4,Waning Gibbous,58.86,24,"Developed, High Intensity",140.042,88,JJA,-0.35,Neutral,0.2763146,0.35358334,0.2749584,0.25520834,72.82506,75.62,71.401245,76.774994,75.5,68.4,71.9,7.0,1.13,4.0,96,3.4,1,100,Moderate or heavy rain shower
975631,2021-07-01 14:00:00,2021-07-01 16:00:00,GARRARD CO.,LANCASTER,1.96,2.04,LANCASTER,37.5933,-84.5683,37.6135,-84.5821,2021,120.0,2.0,0,0,0,0,0,0,10.6,291.15,2021-07-01 10:20:27,2021-07-01 01:03:55,-55.55,23.71,Waning Gibbous,58.86,21,"Developed, Open Space",299.56,16,JJA,-0.35,Neutral,0.23966418,0.3345417,0.22116667,0.27145833,70.23388,73.22749,68.787506,74.195,73.5,68.6,70.8,8.4,0.97,4.0,95,5.7,1,100,Moderate or heavy rain shower
975618,2021-07-01 14:04:00,2021-07-01 16:04:00,BOYLE CO.,GWINN IS,4.08,4.06,GWINN IS,37.7319,-84.8357,37.7436,-84.8477,2021,120.0,2.0,0,0,0,0,0,0,10.84,290.98,2021-07-01 10:21:07,2021-07-01 01:05:24,-55.51,23.19,Waning Gibbous,58.86,81,Pasture/Hay,260.139,0,JJA,-0.35,Neutral,0.27848795,0.3734167,0.2590833,0.313375,70.138214,72.89751,68.795006,73.82375,73.9,68.4,70.9,8.5,1.8,4.0,95,4.6,1,100,Moderate or heavy rain shower
964715,2021-07-09 07:53:00,2021-07-09 08:53:00,PIKE CO.,PIKEVILLE,0.65,0.6,PIKEVILLE,37.4767,-82.5089,37.4771,-82.5078,2021,60.0,1.0,0,0,1000,0,0,0,8.85,291.52,2021-07-09 10:16:55,2021-07-09 00:53:48,1.14,301.37,New Moon,1.12,23,"Developed, Medium Intensity",209.878,69,JJA,-0.35,Neutral,0.19009042,0.24904166,0.17600006,0.21875001,71.39109,76.66836,69.80584,75.0671,85.9,66.9,75.2,6.5,0.44,4.0,89,6.7,1,100,Moderate or heavy rain shower
964716,2021-07-09 07:55:00,2021-07-09 08:55:00,PIKE CO.,PIKEVILLE,0.93,0.93,PAULEY,37.4681,-82.5281,37.4829,-82.5474,2021,60.0,1.0,0,0,1000,0,0,0,8.86,291.51,2021-07-09 10:17:01,2021-07-09 00:53:51,1.15,301.36,New Moon,1.12,23,"Developed, Medium Intensity",227.91,64,JJA,-0.35,Neutral,0.19009042,0.24904166,0.17600006,0.21875001,70.06899,75.34625,68.48374,73.745,85.9,66.9,75.2,6.5,0.44,4.0,89,6.7,1,100,Moderate or heavy rain shower
964706,2021-07-10 15:00:00,2021-07-10 16:38:00,FLOYD CO.,ALLEN,0.0,0.25,ALLEN,37.62,-82.73,37.6111,-82.7319,2021,98.0,1.63,0,0,1000,0,0,0,9.02,291.25,2021-07-10 10:18:02,2021-07-10 00:54:46,9.87,293.94,New Moon,0.08,41,Deciduous Forest,190.744,0,JJA,-0.35,Neutral,0.20244794,0.26004165,0.19304173,0.21550001,69.88434,73.7675,68.54375,73.18625,85.2,67.5,74.4,6.0,0.52,4.0,90,7.0,1,100,Moderate or heavy rain shower
964709,2021-07-10 15:03:00,2021-07-10 17:15:00,ESTILL CO.,UNION HALL,1.55,1.65,UNION HALL,37.7258,-83.948,37.729,-83.9422,2021,132.0,2.2,0,0,1000,0,0,0,9.95,290.55,2021-07-10 10:22:36,2021-07-10 00:59:56,10.79,293.26,New Moon,0.08,41,Deciduous Forest,425.496,0,JJA,-0.35,Neutral,0.21237582,0.32883337,0.19199997,0.24341665,68.358986,71.4452,67.19271,71.32896,82.5,64.9,72.4,6.1,0.56,4.0,88,5.2,1,100,Moderate or heavy rain shower
964710,2021-07-10 15:03:00,2021-07-10 15:18:00,ESTILL CO.,NORTH IRVINE,0.85,0.67,NORTH IRVINE,37.714,-83.9665,37.7148,-83.9678,2021,15.0,0.25,0,0,1000,0,0,0,9.96,290.54,2021-07-10 10:22:43,2021-07-10 00:59:58,10.8,293.25,New Moon,0.08,21,"Developed, Open Space",224.028,17,JJA,-0.35,Neutral,0.21237582,0.32883337,0.19199997,0.24341665,70.33629,73.4225,69.16999,73.306244,82.5,64.9,72.4,6.1,0.56,4.0,88,5.2,1,100,Moderate or heavy rain shower
964711,2021-07-10 15:05:00,2021-07-10 17:15:00,ESTILL CO.,IRVINE,0.49,0.83,IRVINE,37.7069,-83.9717,37.7093,-83.9721,2021,130.0,2.17,0,0,1000,0,0,0,9.96,290.54,2021-07-10 10:22:45,2021-07-10 00:59:58,10.8,293.25,New Moon,0.08,23,"Developed, Medium Intensity",202.093,74,JJA,-0.35,Neutral,0.21237582,0.32883337,0.19199997,0.24341665,70.33629,73.4225,69.16999,73.306244,82.5,64.9,72.4,6.1,0.56,4.0,88,5.2,1,100,Moderate or heavy rain shower
964712,2021-07-10 15:06:00,2021-07-10 17:15:00,ESTILL CO.,NORTH IRVINE,0.66,1.08,NORTH IRVINE,37.7275,-83.9724,37.7292,-83.9732,2021,129.0,2.15,0,0,1000,0,0,0,9.97,290.53,2021-07-10 10:22:42,2021-07-10 01:00:02,10.81,293.24,New Moon,0.08,21,"Developed, Open Space",200.876,14,JJA,-0.35,Neutral,0.21237582,0.32883337,0.19199997,0.24341665,70.33629,73.4225,69.16999,73.306244,82.5,64.9,72.4,6.1,0.56,4.0,88,5.2,1,100,Moderate or heavy rain shower
964713,2021-07-10 15:15:00,2021-07-10 17:15:00,ESTILL CO.,RAVENNA,0.77,0.78,RAVENNA,37.6886,-83.9591,37.6896,-83.9597,2021,120.0,2.0,0,0,1000,0,0,0,9.94,290.55,2021-07-10 10:22:45,2021-07-10 00:59:52,10.78,293.26,New Moon,0.08,23,"Developed, Medium Intensity",200.867,51,JJA,-0.35,Neutral,0.21237582,0.32883337,0.19199997,0.24341665,70.33629,73.4225,69.16999,73.306244,82.5,64.9,72.4,6.1,0.56,4.0,88,5.2,1,100,Moderate or heavy rain shower
964714,2021-07-10 15:15:00,2021-07-10 17:15:00,ESTILL CO.,IRVINE,0.43,0.34,IRVINE,37.7013,-83.9777,37.7007,-83.9774,2021,120.0,2.0,0,0,1000,0,0,0,9.96,290.53,2021-07-10 10:22:47,2021-07-10 00:59:59,10.8,293.25,New Moon,0.08,22,"Developed, Low Intensity",195.075,29,JJA,-0.35,Neutral,0.21237582,0.32883337,0.19199997,0.24341665,70.33629,73.4225,69.16999,73.306244,82.5,64.9,72.4,6.1,0.56,4.0,88,5.2,1,100,Moderate or heavy rain shower
965492,2021-07-11 00:00:00,2021-07-11 03:30:00,LIVINGSTON CO.,SALEM,1.3,1.88,PINCKNEYVILLE,37.26,-88.23,37.2175,-88.2206,2021,210.0,3.5,0,0,50000,0,0,0,12.93,288.13,2021-07-11 10:41:41,2021-07-11 01:15:23,22.63,283.18,New Moon,1.02,81,Pasture/Hay,118.924,0,JJA,-0.35,Neutral,0.3393288,0.47775006,0.30366662,0.41545835,72.08113,74.40875,71.11251,74.62625,78.4,69.7,73.5,10.7,0.4,5.0,89,6.2,1,100,Moderate or heavy rain shower
968466,2021-07-11 00:15:00,2021-07-11 03:00:00,CALDWELL CO.,FARMERSVILLE,0.0,0.0,RUFUS,37.2,-87.88,37.228,-87.906,2021,165.0,2.75,0,0,30000,0,0,0,12.65,288.33,2021-07-11 10:40:27,2021-07-11 01:13:49,22.34,283.39,New Moon,1.02,82,Cultivated Crops,129.034,0,JJA,-0.35,Neutral,0.37181416,0.4876666,0.337625,0.4504167,72.01408,74.6225,70.91,74.93,78.8,70.8,74.1,10.5,0.3,5.0,87,4.3,1,100,Moderate or heavy rain shower
965491,2021-07-11 00:30:00,2021-07-11 03:30:00,CRITTENDEN CO.,NEW SALEM,2.95,1.04,CRAYNE,37.2374,-88.1833,37.2996,-88.0692,2021,180.0,3.0,0,0,100000,0,0,0,12.89,288.16,2021-07-11 10:41:34,2021-07-11 01:15:08,22.58,283.21,New Moon,1.02,71,Grassland/Herbaceous,201.092,0,JJA,-0.35,Neutral,0.3542292,0.48179165,0.31850013,0.43420827,72.105316,74.51,71.101265,74.746254,78.4,69.7,73.5,10.7,0.4,5.0,89,6.2,1,100,Moderate or heavy rain shower
964721,2021-07-11 18:00:00,2021-07-11 19:00:00,LEE CO.,ST HELENS,1.83,1.65,ST HELENS,37.581,-83.6835,37.5784,-83.6766,2021,60.0,1.0,0,0,1000,0,0,0,9.65,290.59,2021-07-11 10:22:36,2021-07-11 00:58:06,19.19,285.46,New Moon,1.02,43,Mixed Forest,274.031,0,JJA,-0.35,Neutral,0.32315123,0.436625,0.30883333,0.33441666,69.7772,74.0675,68.45,72.8975,83.7,69.8,75.4,9.4,0.84,4.0,78,4.4,1,100,Moderate or heavy rain shower
975708,2021-07-16 16:00:00,2021-07-16 17:00:00,MARION CO.,ST MARY,2.07,1.65,ST MARY,37.61,-85.35,37.6128,-85.357,2021,60.0,1.0,0,0,0,0,0,0,10.56,288.97,2021-07-16 10:32:37,2021-07-16 01:02:35,48.59,214.83,Waxing Crescent,34.45,81,Pasture/Hay,205.709,0,JJA,-0.35,Neutral,0.29146793,0.37279174,0.26320833,0.36125,71.09356,75.94626,69.54875,74.77249,82.8,69.1,75.5,9.8,0.54,5.0,84,8.9,1,100,Moderate or heavy rain shower
964812,2021-07-17 22:45:00,2021-07-18 00:45:00,LAUREL CO.,LONDON,0.27,0.35,LONDON,37.1307,-84.0752,37.1314,-84.0753,2021,120.0,2.0,0,0,1000,0,0,0,9.38,289.61,2021-07-17 10:29:31,2021-07-17 00:55:41,46.98,197.58,First Quarter,45.34,24,"Developed, High Intensity",356.226,88,JJA,-0.35,Neutral,0.3362354,0.37366667,0.3216667,0.37370837,70.413345,74.963745,68.731255,74.66376,77.9,69.3,73.3,7.7,0.21,4.0,93,4.2,1,100,Moderate or heavy rain shower
964808,2021-07-18 02:00:00,2021-07-18 04:30:00,WHITLEY CO.,NORTH CORBIN,3.81,3.59,NORTH CORBIN,36.9211,-84.132,36.9154,-84.1339,2021,150.0,2.5,0,0,1000,0,0,0,9.26,289.46,2021-07-18 10:31:01,2021-07-18 00:54:48,42.71,179.86,Waxing Gibbous,56.67,23,"Developed, Medium Intensity",349.907,36,JJA,-0.35,Neutral,0.26270172,0.3610417,0.24399997,0.2940417,70.576515,72.77375,69.71001,72.814995,78.0,67.3,70.7,4.9,1.06,2.0,93,3.2,1,100,Moderate or heavy rain shower
964809,2021-07-18 02:30:00,2021-07-18 04:30:00,WHITLEY CO.,BARTON,0.69,0.71,BARTON,36.92,-84.13,36.9168,-84.1314,2021,120.0,2.0,0,0,1000,0,0,0,9.26,289.46,2021-07-18 10:31:00,2021-07-18 00:54:47,42.72,179.86,Waxing Gibbous,56.67,22,"Developed, Low Intensity",349.274,43,JJA,-0.35,Neutral,0.34064874,0.42575,0.32299998,0.37279162,70.14942,72.80376,69.08001,72.93125,78.0,67.3,70.7,4.9,1.06,2.0,93,3.2,1,100,Moderate or heavy rain shower
968027,2021-07-18 10:20:00,2021-07-18 14:00:00,MCCRACKEN CO.,PADUCAH,0.0,2.04,CAMMELIA,37.08,-88.63,37.0068,-88.734,2021,220.0,3.67,0,0,25000,0,0,0,12.7,286.94,2021-07-18 10:48:36,2021-07-18 01:13:12,42.35,173.79,Waxing Gibbous,56.67,81,Pasture/Hay,126.095,0,JJA,-0.35,Neutral,0.31413248,0.406625,0.282125,0.39304164,75.02911,76.46,74.20251,77.38625,80.9,71.1,75.3,5.5,0.68,4.0,84,5.7,1,100,Moderate or heavy rain shower
968022,2021-07-18 12:15:00,2021-07-18 14:30:00,GRAVES CO.,WEYMOUTH,1.86,1.4,FANCY FARM,36.507,-88.7476,36.7883,-88.7066,2021,135.0,2.25,0,0,0,0,0,0,12.62,287.0,2021-07-18 10:50:33,2021-07-18 01:12:11,42.92,173.57,Waxing Gibbous,56.67,82,Cultivated Crops,155.652,0,JJA,-0.35,Neutral,0.3308325,0.41300002,0.30395827,0.39558336,73.20972,74.76875,72.47001,75.22624,79.4,71.1,75.1,7.8,1.31,4.0,87,5.0,1,100,Moderate or heavy rain shower
965408,2021-07-29 21:00:00,2021-07-29 22:00:00,LEWIS CO.,GARRISON,0.69,2.01,GARRISON,38.61,-83.17,38.592,-83.1605,2021,60.0,1.0,0,0,0,0,0,0,7.77,287.91,2021-07-29 10:31:42,2021-07-29 00:46:59,-41.39,49.33,Waning Gibbous,74.03,41,Deciduous Forest,224.013,0,JJA,-0.35,Neutral,0.2154525,0.20599999,0.21195833,0.23058337,73.106636,78.88565,71.374405,77.1194,91.9,68.5,79.9,12.2,0.01,5.0,76,11.3,1,100,Patchy rain possible
973863,2021-07-29 21:00:00,2021-07-29 23:00:00,LEWIS CO.,IRWIN,1.47,0.7,COVEDALE,38.6664,-83.5908,38.6819,-83.5145,2021,120.0,2.0,0,0,100000,0,0,0,8.1,287.65,2021-07-29 10:33:15,2021-07-29 00:48:48,-41.6,48.84,Waning Gibbous,74.03,41,Deciduous Forest,266.164,0,JJA,-0.35,Neutral,0.22880669,0.20966668,0.22633336,0.24366666,71.857925,77.716255,70.16376,75.713745,91.5,68.9,79.0,12.5,0.0,5.0,78,10.6,1,100,Patchy rain possible
976057,2021-07-29 23:21:00,2021-07-30 03:20:00,MORGAN CO.,MAYTOWN,0.37,0.43,MAYTOWN,37.8455,-83.4739,37.8461,-83.4714,2021,239.0,3.98,0,0,0,0,0,0,7.76,287.83,2021-07-29 10:34:42,2021-07-29 00:46:23,-42.06,49.51,Waning Gibbous,74.03,81,Pasture/Hay,283.757,0,JJA,-0.35,Neutral,0.3132379,0.31179166,0.3043333,0.34425005,72.278564,78.87501,70.34,76.72625,92.8,69.2,81.2,11.9,0.01,5.0,71,11.5,1,100,Patchy rain possible
975715,2021-07-29 23:40:00,2021-07-30 02:40:00,NICHOLAS CO.,CARLISLE,1.28,1.8,MILLER,38.3044,-84.0174,38.3075,-84.0556,2021,180.0,3.0,0,0,1000000,0,0,0,8.3,287.45,2021-07-29 10:35:48,2021-07-29 00:49:38,-42.08,48.62,Waning Gibbous,74.03,81,Pasture/Hay,282.075,0,JJA,-0.35,Neutral,0.23133709,0.20583332,0.231375,0.23970832,72.62386,78.878746,70.83125,76.685005,90.9,68.9,79.5,12.6,0.01,5.0,77,11.4,1,100,Patchy rain possible
975739,2021-07-30 00:00:00,2021-07-30 04:00:00,NICHOLAS CO.,MILLER,0.23,0.6,HENRYVILLE,38.3204,-84.0658,38.326,-84.0061,2021,240.0,4.0,1,0,1000000,0,0,0,8.19,287.23,2021-07-30 10:36:49,2021-07-30 00:48:57,-42.71,33.15,Waning Gibbous,64.91,81,Pasture/Hay,253.427,0,JJA,-0.35,Neutral,0.23407878,0.23262502,0.23137493,0.24383332,72.99231,78.619995,71.17999,77.33,83.6,68.2,76.3,10.0,0.01,6.0,78,7.6,1,100,Overcast
976230,2021-07-30 00:00:00,2021-07-30 02:30:00,ROWAN CO.,RAMEY,0.51,0.49,RAMEY,38.175,-83.5768,38.1773,-83.5731,2021,150.0,2.5,0,0,0,0,0,0,7.79,287.54,2021-07-30 10:35:12,2021-07-30 00:46:39,-42.62,33.81,Waning Gibbous,64.91,22,"Developed, Low Intensity",214.335,35,JJA,-0.35,Neutral,0.23428123,0.26612502,0.22779171,0.24591665,72.603645,77.81375,70.8575,76.853745,84.9,71.4,76.7,9.2,0.1,5.0,75,10.3,1,100,Patchy rain possible
976149,2021-07-30 00:07:00,2021-07-30 03:20:00,WOLFE CO.,TOLIVER,0.88,1.07,TOLIVER,37.81,-83.46,37.8147,-83.4697,2021,193.0,3.22,0,0,0,0,0,0,7.59,287.65,2021-07-30 10:35:34,2021-07-30 00:45:21,-42.87,34.14,Waning Gibbous,64.91,41,Deciduous Forest,268.572,0,JJA,-0.35,Neutral,0.31802914,0.32379165,0.30924997,0.34620833,73.03486,79.86125,70.90626,78.057495,86.7,72.5,79.1,9.2,0.24,5.0,74,7.1,1,100,Patchy rain possible
976151,2021-07-30 00:10:00,2021-07-30 03:20:00,MENIFEE CO.,ROTHWELL,0.88,0.65,CORNWELL,37.94,-83.71,37.9467,-83.7444,2021,190.0,3.17,0,0,0,0,0,0,7.82,287.49,2021-07-30 10:36:16,2021-07-30 00:46:38,-42.87,33.77,Waning Gibbous,64.91,41,Deciduous Forest,323.722,0,JJA,-0.35,Neutral,0.22095208,0.22708337,0.21583337,0.23645832,72.936874,78.286255,71.13874,77.318756,84.8,71.8,77.6,9.2,0.18,5.0,78,8.0,1,100,Patchy rain possible
976150,2021-07-30 00:10:00,2021-07-30 03:20:00,MENIFEE CO.,FRENCHBURG,0.21,0.11,FRENCHBURG,37.9493,-83.6337,37.9344,-83.6363,2021,190.0,3.17,0,0,0,0,0,0,7.76,287.53,2021-07-30 10:35:57,2021-07-30 00:46:21,-42.83,33.86,Waning Gibbous,64.91,21,"Developed, Open Space",278.892,7,JJA,-0.35,Neutral,0.2046671,0.20883334,0.20016672,0.21870835,72.928215,78.39875,71.060005,77.509995,84.8,71.8,77.6,9.2,0.18,5.0,78,8.1,1,100,Patchy rain possible
976157,2021-07-30 00:21:00,2021-07-30 04:00:00,BREATHITT CO.,MOCT,0.54,0.3,SIMPSON,37.6779,-83.3499,37.6655,-83.3854,2021,219.0,3.65,0,0,0,0,0,0,7.47,287.73,2021-07-30 10:35:26,2021-07-30 00:44:36,-42.93,34.34,Waning Gibbous,64.91,41,Deciduous Forest,299.447,0,JJA,-0.35,Neutral,0.30784127,0.3085,0.3051666,0.31679168,73.127945,80.17999,70.94,78.278755,86.7,72.5,79.1,9.2,0.24,5.0,74,7.1,1,100,Patchy rain possible
976184,2021-07-30 00:30:00,2021-07-30 03:20:00,MENIFEE CO.,FRENCHBURG,1.51,1.42,FRENCHBURG,37.9683,-83.6148,37.9504,-83.6456,2021,170.0,2.83,0,0,2000000,0,0,0,7.75,287.54,2021-07-30 10:35:49,2021-07-30 00:46:20,-42.81,33.87,Waning Gibbous,64.91,41,Deciduous Forest,312.45,0,JJA,-0.35,Neutral,0.21454,0.22012497,0.21241663,0.2199583,72.91771,78.136246,71.112495,77.3675,84.8,71.8,77.6,9.2,0.18,5.0,78,8.1,1,100,Patchy rain possible
976170,2021-07-30 00:30:00,2021-07-30 03:20:00,MENIFEE CO.,MEANS,0.54,0.56,MEANS,37.95,-83.76,37.9499,-83.7541,2021,170.0,2.83,0,0,0,0,0,0,7.86,287.46,2021-07-30 10:36:27,2021-07-30 00:46:52,-42.89,33.7,Waning Gibbous,64.91,81,Pasture/Hay,251.455,0,JJA,-0.35,Neutral,0.22095208,0.22708337,0.21583337,0.23645832,72.936874,78.286255,71.13874,77.318756,84.8,71.8,77.6,9.2,0.18,5.0,78,8.0,1,100,Patchy rain possible
976179,2021-07-30 00:30:00,2021-07-30 03:20:00,MENIFEE CO.,MEANS,1.03,1.04,CORNWELL,37.9493,-83.7511,37.9552,-83.7358,2021,170.0,2.83,0,0,10000,0,0,0,7.85,287.47,2021-07-30 10:36:25,2021-07-30 00:46:50,-42.88,33.72,Waning Gibbous,64.91,41,Deciduous Forest,283.175,0,JJA,-0.35,Neutral,0.22095208,0.22708337,0.21583337,0.23645832,72.936874,78.286255,71.13874,77.318756,84.8,71.8,77.6,9.2,0.18,5.0,78,8.0,1,100,Patchy rain possible
976185,2021-07-30 00:35:00,2021-07-30 03:20:00,MENIFEE CO.,FRENCHBURG,0.05,0.14,FRENCHBURG,37.9507,-83.6297,37.9499,-83.6311,2021,165.0,2.75,0,0,0,0,0,0,7.76,287.54,2021-07-30 10:35:55,2021-07-30 00:46:21,-42.83,33.86,Waning Gibbous,64.91,41,Deciduous Forest,283.458,0,JJA,-0.35,Neutral,0.2046671,0.20883334,0.20016672,0.21870835,72.928215,78.39875,71.060005,77.509995,84.8,71.8,77.6,9.2,0.18,5.0,78,8.1,1,100,Patchy rain possible
976191,2021-07-30 00:40:00,2021-07-30 02:30:00,BATH CO.,SLATE VLY,1.29,1.4,SLATE VLY,38.1673,-83.6965,38.1794,-83.688,2021,110.0,1.83,0,0,0,0,0,0,7.87,287.47,2021-07-30 10:35:42,2021-07-30 00:47:07,-42.68,33.67,Waning Gibbous,64.91,81,Pasture/Hay,253.589,0,JJA,-0.35,Neutral,0.22067831,0.26495835,0.21337505,0.2309583,72.93061,78.29,71.12749,77.32625,83.5,68.6,76.6,9.8,0.21,6.0,80,8.3,1,100,Patchy rain possible
976186,2021-07-30 00:40:00,2021-07-30 03:20:00,BATH CO.,OWINGSVILLE,1.45,1.41,OWINGSVILLE,38.1309,-83.7587,38.1294,-83.7566,2021,160.0,2.67,0,0,0,0,0,0,7.91,287.44,2021-07-30 10:36:02,2021-07-30 00:47:17,-42.74,33.62,Waning Gibbous,64.91,23,"Developed, Medium Intensity",230.145,76,JJA,-0.35,Neutral,0.22549291,0.25766668,0.21799994,0.24045832,73.03595,78.485,71.20999,77.48,83.5,68.6,76.6,9.8,0.21,6.0,80,8.3,1,100,Patchy rain possible
976188,2021-07-30 00:40:00,2021-07-30 02:30:00,BATH CO.,SALT LICK,1.09,1.02,MIDLAND,38.12,-83.6,38.1332,-83.5739,2021,110.0,1.83,0,0,0,0,0,0,7.79,287.53,2021-07-30 10:35:25,2021-07-30 00:46:37,-42.68,33.81,Waning Gibbous,64.91,81,Pasture/Hay,212.521,0,JJA,-0.35,Neutral,0.21654922,0.24491669,0.21400005,0.21583335,72.8372,78.15125,71.037506,77.23625,83.5,68.6,76.6,9.8,0.21,6.0,80,8.3,1,100,Patchy rain possible
976192,2021-07-30 01:00:00,2021-07-30 04:15:00,POWELL CO.,STANTON,0.25,0.33,STANTON,37.851,-83.8656,37.848,-83.8666,2021,195.0,3.25,0,0,15000,0,0,0,7.91,287.41,2021-07-30 10:37:06,2021-07-30 00:47:03,-43.01,33.63,Waning Gibbous,64.91,81,Pasture/Hay,200.248,0,JJA,-0.35,Neutral,0.21998584,0.23858331,0.21199994,0.24116667,73.17733,78.829994,71.348755,77.5625,84.8,71.8,77.6,9.2,0.18,5.0,78,8.1,1,100,Patchy rain possible
975716,2021-07-30 01:15:00,2021-07-30 03:15:00,CLARK CO.,WINCHESTER,0.84,0.94,WINCHESTER,37.9921,-84.179,37.9934,-84.1809,2021,120.0,2.0,0,0,5000,0,0,0,8.18,287.21,2021-07-30 10:38:02,2021-07-30 00:48:38,-43.03,33.17,Waning Gibbous,64.91,23,"Developed, Medium Intensity",293.79,71,JJA,-0.35,Neutral,0.2338829,0.23941661,0.2291667,0.24820834,73.13168,78.755005,71.285,77.588745,83.8,69.3,76.9,9.4,0.09,6.0,79,7.3,1,100,Patchy rain possible
976218,2021-07-30 01:25:00,2021-07-30 04:15:00,POWELL CO.,STANTON,0.74,0.64,STANTON,37.841,-83.8627,37.8513,-83.8666,2021,170.0,2.83,0,0,0,0,0,0,7.9,287.41,2021-07-30 10:37:07,2021-07-30 00:47:01,-43.02,33.63,Waning Gibbous,64.91,22,"Developed, Low Intensity",201.767,34,JJA,-0.35,Neutral,0.21998584,0.23858331,0.21199994,0.24116667,73.17733,78.829994,71.348755,77.5625,84.8,71.8,77.6,9.2,0.18,5.0,78,8.1,1,100,Patchy rain possible
976215,2021-07-30 01:25:00,2021-07-30 04:15:00,POWELL CO.,NADA,2.28,2.24,NADA,37.7946,-83.7466,37.7957,-83.7447,2021,170.0,2.83,0,0,0,0,0,0,7.8,287.49,2021-07-30 10:36:45,2021-07-30 00:46:27,-43.01,33.8,Waning Gibbous,64.91,81,Pasture/Hay,214.279,0,JJA,-0.35,Neutral,0.21614124,0.21212499,0.21241663,0.23025,74.457985,80.46605,72.55354,78.9848,84.8,71.8,77.6,9.2,0.18,5.0,78,8.1,1,100,Patchy rain possible
976219,2021-07-30 01:40:00,2021-07-30 04:30:00,JACKSON CO.,CLOVER BOTTOM,1.3,1.63,CLOVER BOTTOM,37.49,-84.17,37.4993,-84.1646,2021,170.0,2.83,0,0,5000,0,0,0,8.03,287.28,2021-07-30 10:39:08,2021-07-30 00:47:27,-43.44,33.44,Waning Gibbous,64.91,41,Deciduous Forest,422.135,0,JJA,-0.35,Neutral,0.2261558,0.2560833,0.216875,0.24800001,72.62851,78.387505,70.80125,76.973755,85.2,71.4,77.4,8.9,0.32,5.0,79,7.3,1,100,Overcast
975741,2021-07-30 01:45:00,2021-07-30 03:45:00,MADISON CO.,REEDS CROSSING,1.94,2.05,REEDS CROSSING,37.7416,-84.2524,37.7331,-84.2575,2021,120.0,2.0,0,0,0,0,0,0,8.16,287.2,2021-07-30 10:38:54,2021-07-30 00:48:21,-43.27,33.21,Waning Gibbous,64.91,23,"Developed, Medium Intensity",268.055,0,JJA,-0.35,Neutral,0.22304,0.28362498,0.21216659,0.24012496,73.3604,78.9575,71.55125,77.697495,84.9,69.7,77.9,10.1,0.14,6.0,78,7.5,1,100,Overcast
976222,2021-07-30 02:23:00,2021-07-30 03:20:00,MENIFEE CO.,FRENCHBURG,0.17,0.17,FRENCHBURG,37.9495,-83.6331,37.95,-83.6319,2021,57.0,0.95,0,0,0,0,0,0,7.76,287.53,2021-07-30 10:35:56,2021-07-30 00:46:21,-42.83,33.86,Waning Gibbous,64.91,22,"Developed, Low Intensity",263.962,27,JJA,-0.35,Neutral,0.2046671,0.20883334,0.20016672,0.21870835,72.928215,78.39875,71.060005,77.509995,84.8,71.8,77.6,9.2,0.18,5.0,78,8.1,1,100,Patchy rain possible
981054,2021-08-14 16:00:00,2021-08-14 18:00:00,LARUE CO.,GINSENG,0.62,1.75,JERICHO,37.5087,-85.5829,37.5439,-85.6462,2021,120.0,2.0,0,0,0,0,0,0,6.31,283.37,2021-08-14 10:57:27,2021-08-14 00:37:02,36.21,215.6,Waxing Crescent,31.85,81,Pasture/Hay,239.423,0,JAS,-0.45,Neutral,0.27999625,0.29224998,0.2796667,0.27704164,73.83384,76.42999,72.74,76.71875,83.4,69.6,75.3,9.6,0.39,5.0,76,5.1,1,100,Moderate or heavy rain shower
981055,2021-08-14 16:00:00,2021-08-14 18:00:00,LARUE CO.,JERICHO,1.3,0.53,JERICHO,37.51,-85.63,37.5147,-85.6358,2021,120.0,2.0,0,0,0,0,0,0,6.34,283.34,2021-08-14 10:57:38,2021-08-14 00:37:13,36.23,215.55,Waxing Crescent,31.85,82,Cultivated Crops,265.715,0,JAS,-0.45,Neutral,0.28172293,0.28716666,0.28316668,0.27495837,73.80632,76.32124,72.728745,76.6625,83.4,69.6,75.3,9.6,0.39,5.0,76,5.1,1,100,Moderate or heavy rain shower
981056,2021-08-14 16:00:00,2021-08-14 18:00:00,LARUE CO.,TANNER,0.64,0.78,TANNER,37.5093,-85.7806,37.5127,-85.7911,2021,120.0,2.0,0,0,0,0,0,0,6.46,283.26,2021-08-14 10:58:15,2021-08-14 00:37:49,36.3,215.39,Waxing Crescent,31.85,82,Cultivated Crops,245.007,0,JAS,-0.45,Neutral,0.3809292,0.4002917,0.37629166,0.390375,74.906006,77.997505,73.625,78.2675,83.4,69.6,75.3,9.6,0.39,5.0,76,5.1,1,100,Moderate or heavy rain shower
966130,2021-08-14 16:30:00,2021-08-14 17:30:00,FLEMING CO.,LOCUST,0.33,0.39,LOCUST,38.2957,-83.7273,38.2937,-83.7263,2021,60.0,1.0,0,0,0,0,0,0,5.1,284.4,2021-08-14 10:48:40,2021-08-14 00:30:59,34.69,217.26,Waxing Crescent,31.85,21,"Developed, Open Space",224.476,16,JAS,-0.45,Neutral,0.22320293,0.23541667,0.22512497,0.21254165,73.01367,76.71875,71.697495,76.291245,81.8,68.9,75.1,9.8,0.18,4.0,78,6.5,1,100,Moderate or heavy rain shower
966126,2021-08-15 18:30:00,2021-08-15 21:00:00,LAUREL CO.,PITTSBURG,1.87,1.81,LONDON,37.1444,-84.1093,37.1139,-84.1013,2021,150.0,2.5,0,0,0,0,0,0,4.89,284.05,2021-08-15 10:53:01,2021-08-15 00:29:17,35.43,200.98,Waxing Crescent,42.84,21,"Developed, Open Space",392.397,0,JAS,-0.45,Neutral,0.32910833,0.44445834,0.31516668,0.3384584,72.70663,74.712494,71.78001,75.215,83.4,67.1,74.2,5.4,0.53,3.0,81,3.7,1,100,Moderate or heavy rain shower
966125,2021-08-15 19:00:00,2021-08-15 20:00:00,LAUREL CO.,LONDON,1.49,1.52,LONDON,37.11,-84.09,37.1113,-84.0927,2021,60.0,1.0,0,0,0,0,0,0,4.87,284.07,2021-08-15 10:53:00,2021-08-15 00:29:09,35.46,201.01,Waxing Crescent,42.84,23,"Developed, Medium Intensity",367.087,30,JAS,-0.45,Neutral,0.33506706,0.43733332,0.3268334,0.3292083,72.45763,74.630005,71.51001,74.9825,83.4,67.1,74.2,5.4,0.53,3.0,81,3.7,1,100,Moderate or heavy rain shower
981057,2021-08-16 15:00:00,2021-08-16 17:00:00,NICHOLAS CO.,CARLISLE,0.69,0.7,CARLISLE,38.31,-84.03,38.313,-84.0372,2021,120.0,2.0,0,0,0,0,0,0,4.88,283.79,2021-08-16 10:51:37,2021-08-16 00:29:40,31.8,185.07,First Quarter,54.27,81,Pasture/Hay,252.37,0,JAS,-0.45,Neutral,0.2643138,0.40287498,0.22499995,0.3529167,71.62625,70.94,71.7575,71.405,73.2,64.2,68.2,4.5,0.61,3.0,94,4.6,1,100,Moderate or heavy rain shower
981058,2021-08-16 15:00:00,2021-08-16 17:00:00,NICHOLAS CO.,CARLISLE,1.29,0.82,CARLISLE,38.31,-84.05,38.3126,-84.0487,2021,120.0,2.0,0,0,0,0,0,0,4.89,283.78,2021-08-16 10:51:42,2021-08-16 00:29:45,31.8,185.05,First Quarter,54.27,21,"Developed, Open Space",255.655,17,JAS,-0.45,Neutral,0.2643138,0.40287498,0.22499995,0.3529167,71.62625,70.94,71.7575,71.405,73.2,64.2,68.2,4.5,0.61,3.0,94,4.6,1,100,Moderate or heavy rain shower
981059,2021-08-16 15:00:00,2021-08-16 17:00:00,NICHOLAS CO.,CARLISLE,1.08,0.69,MILLER,38.32,-84.05,38.3355,-84.0597,2021,120.0,2.0,0,0,0,0,0,0,4.9,283.77,2021-08-16 10:51:41,2021-08-16 00:29:46,31.79,185.05,First Quarter,54.27,81,Pasture/Hay,279.695,0,JAS,-0.45,Neutral,0.26027003,0.399125,0.22304171,0.34162498,71.71944,70.92125,71.88875,71.405,73.2,64.2,68.2,4.5,0.61,3.0,94,4.6,1,100,Moderate or heavy rain shower
981060,2021-08-18 15:35:00,2021-08-18 17:35:00,SIMPSON CO.,FRANKLIN WHAK ARPT,1.73,1.24,MIDDLETON,36.74,-86.6489,36.7467,-86.6907,2021,120.0,2.0,0,0,0,0,0,0,6.06,281.93,2021-08-18 11:06:18,2021-08-18 00:35:03,22.62,154.16,Waxing Gibbous,75.97,82,Cultivated Crops,205.286,0,JAS,-0.45,Neutral,0.3597275,0.4225,0.342,0.39958334,75.34974,77.23625,74.825,76.52,84.4,69.3,76.6,4.9,0.49,6.0,79,9.2,1,100,Moderate or heavy rain shower
981061,2021-08-19 06:10:00,2021-08-19 08:10:00,FRANKLIN CO.,CLOVERDALE,0.0,0.11,CLOVERDALE,38.17,-84.9,38.1702,-84.8986,2021,120.0,2.0,0,0,0,0,0,0,4.79,282.61,2021-08-19 10:57:58,2021-08-19 00:28:58,15.38,143.64,Waxing Gibbous,85.02,24,"Developed, High Intensity",241.732,80,JAS,-0.45,Neutral,0.29396957,0.38608336,0.2678334,0.352875,72.1313,74.104996,71.39,74.015,79.2,69.0,72.8,4.0,0.86,4.0,94,3.7,1,100,Moderate or heavy rain shower
981706,2021-08-19 10:08:00,2021-08-19 12:30:00,WOLFE CO.,BETHANY,0.36,0.51,BETHANY,37.6494,-83.4735,37.6512,-83.4763,2021,142.0,2.37,0,0,250000,0,0,0,3.62,283.51,2021-08-19 10:53:03,2021-08-19 00:22:28,16.46,144.7,Waxing Gibbous,85.02,22,"Developed, Low Intensity",237.365,36,JAS,-0.45,Neutral,0.40453708,0.49258336,0.37179172,0.48745838,71.43784,72.8,70.92125,72.755,77.2,68.1,72.0,6.4,0.44,3.0,91,6.5,1,100,Moderate or heavy rain shower
981705,2021-08-19 11:00:00,2021-08-19 12:30:00,WOLFE CO.,BETHANY,0.07,0.31,BETHANY,37.6499,-83.4787,37.652,-83.4757,2021,90.0,1.5,0,0,100000,0,0,0,3.62,283.5,2021-08-19 10:53:04,2021-08-19 00:22:29,16.46,144.7,Waxing Gibbous,85.02,41,Deciduous Forest,263.052,0,JAS,-0.45,Neutral,0.40453708,0.49258336,0.37179172,0.48745838,71.43784,72.8,70.92125,72.755,77.2,68.1,72.0,6.4,0.44,3.0,91,6.5,1,100,Moderate or heavy rain shower
981707,2021-08-19 11:20:00,2021-08-19 12:30:00,WOLFE CO.,HOLLONVILLE,0.46,0.35,HOLLONVILLE,37.6639,-83.4667,37.6625,-83.4553,2021,70.0,1.17,0,0,0,0,0,0,3.62,283.51,2021-08-19 10:53:00,2021-08-19 00:22:28,16.46,144.71,Waxing Gibbous,85.02,41,Deciduous Forest,304.805,0,JAS,-0.45,Neutral,0.40453708,0.49258336,0.37179172,0.48745838,71.43784,72.8,70.92125,72.755,77.2,68.1,72.0,6.4,0.44,3.0,91,6.5,1,100,Moderate or heavy rain shower
981709,2021-08-19 11:57:00,2021-08-19 12:30:00,WOLFE CO.,MALAGA,0.55,0.37,MALAGA,37.72,-83.44,37.7147,-83.4336,2021,33.0,0.55,0,0,50000,0,0,0,3.61,283.52,2021-08-19 10:52:48,2021-08-19 00:22:27,16.42,144.74,Waxing Gibbous,85.02,41,Deciduous Forest,323.48,0,JAS,-0.45,Neutral,0.39910376,0.49437502,0.36408326,0.48741665,71.23854,72.488754,70.73375,72.552505,77.2,68.1,72.0,6.4,0.44,3.0,91,6.5,1,100,Moderate or heavy rain shower
971615,2021-08-21 06:00:00,2021-08-21 10:00:00,MCCRACKEN CO.,REIDLAND,1.3,0.0,SHADY GROVE,37.01,-88.51,36.9916,-88.5033,2021,240.0,4.0,0,0,0,0,0,0,6.83,280.12,2021-08-21 11:15:49,2021-08-21 00:39:01,-0.08,118.64,Full Moon,97.06,23,"Developed, Medium Intensity",121.095,56,JAS,-0.45,Neutral,0.28371668,0.40566668,0.257875,0.33166668,75.17037,77.13124,74.48,76.88374,82.0,71.8,76.6,7.2,1.0,3.0,90,4.9,1,100,Moderate or heavy rain shower
975043,2021-08-21 06:15:00,2021-08-21 10:00:00,MARSHALL CO.,BENTON,0.0,0.91,BENTON,36.87,-88.35,36.8713,-88.3346,2021,225.0,3.75,0,0,0,0,0,0,6.69,280.23,2021-08-21 11:15:23,2021-08-21 00:38:11,0.07,118.74,Full Moon,97.06,82,Cultivated Crops,108.762,0,JAS,-0.45,Neutral,0.27642417,0.38766667,0.2552084,0.31208333,75.13731,76.92876,74.48,76.79375,80.7,71.2,76.0,6.1,0.87,3.0,91,4.0,1,100,Moderate or heavy rain shower
971616,2021-08-21 06:40:00,2021-08-21 10:00:00,CALLOWAY CO.,MIDWAY,2.1,1.49,MURRAY,36.5258,-88.2972,36.6123,-88.3017,2021,200.0,3.33,0,0,75000,0,0,0,6.58,280.3,2021-08-21 11:15:39,2021-08-21 00:37:29,0.24,118.77,Full Moon,97.06,21,"Developed, Open Space",150.593,17,JAS,-0.45,Neutral,0.29334876,0.385875,0.27616665,0.32141665,76.68931,77.70125,76.1,78.372505,80.1,71.2,75.7,5.8,1.09,4.0,91,5.6,1,100,Moderate or heavy rain shower
981062,2021-08-26 19:46:00,2021-08-26 21:46:00,JEFFERSON CO.,LOUISVILLE,2.05,2.18,LOUISVILLE,38.2589,-85.7715,38.2583,-85.7659,2021,120.0,2.0,0,0,0,0,0,0,3.71,280.49,2021-08-26 11:07:26,2021-08-26 00:22:52,-27.27,63.06,Waning Gibbous,86.9,24,"Developed, High Intensity",138.506,89,JAS,-0.45,Neutral,0.27696,0.25750002,0.2852083,0.25516662,77.358986,81.97251,76.0625,80.26625,96.0,74.5,84.3,8.1,0.02,5.0,64,8.6,1,100,Cloudy
969985,2021-08-27 16:45:00,2021-08-27 17:45:00,KENTON CO.,ERLANGER,2.02,2.06,ERLANGER,38.994,-84.5828,38.9937,-84.5809,2021,60.0,1.0,0,0,0,0,0,0,2.71,280.96,2021-08-27 11:02:39,2021-08-27 00:17:35,-28.81,51.19,Waning Gibbous,79.58,21,"Developed, Open Space",214.927,8,JAS,-0.45,Neutral,0.21797125,0.21625,0.21495835,0.22887504,74.27994,78.11,72.96874,77.49875,90.4,72.1,79.6,8.5,0.02,6.0,73,6.8,1,100,Moderate rain at times
981696,2021-08-30 10:36:00,2021-08-30 13:00:00,PIKE CO.,RANSOM,0.93,1.0,RANSOM,37.558,-82.1925,37.5583,-82.1915,2021,144.0,2.4,0,0,10000,0,0,0,0.05,281.77,2021-08-30 10:57:20,2021-08-30 00:01:58,-30.97,15.83,Third Quarter,52.97,21,"Developed, Open Space",268.896,9,JAS,-0.45,Neutral,0.2124571,0.23095834,0.20524995,0.23099999,75.0134,78.4973,73.85104,77.837296,87.0,68.9,76.5,5.1,0.13,6.0,62,8.5,1,100,Moderate rain at times
981698,2021-08-30 10:43:00,2021-08-30 13:00:00,PIKE CO.,MAYFLOWER,1.5,1.4,MAYFLOWER,37.5967,-82.5072,37.5878,-82.5095,2021,137.0,2.28,0,0,0,0,0,0,0.26,281.57,2021-08-30 10:58:33,2021-08-30 00:03:16,-31.0,15.49,Third Quarter,52.97,21,"Developed, Open Space",215.868,13,JAS,-0.45,Neutral,0.23770125,0.22162497,0.23633336,0.24774998,75.17383,78.3146,74.077095,77.8871,88.6,69.6,78.6,4.9,0.33,6.0,63,5.7,1,100,Heavy rain at times
981702,2021-08-30 10:55:00,2021-08-30 13:00:00,PIKE CO.,PAULEY,0.79,0.77,BIG SHOAL,37.5115,-82.5497,37.5277,-82.5439,2021,125.0,2.08,0,0,20000,0,0,0,0.27,281.55,2021-08-30 10:58:49,2021-08-30 00:03:21,-31.09,15.46,Third Quarter,52.97,41,Deciduous Forest,267.774,0,JAS,-0.45,Neutral,0.22832751,0.22425002,0.22366667,0.24566664,75.26473,78.48335,74.159615,77.98085,88.6,69.6,78.6,4.9,0.33,6.0,63,5.7,1,100,Heavy rain at times
981703,2021-08-30 10:57:00,2021-08-30 13:00:00,PIKE CO.,BROAD BOTTOM,0.69,0.67,BROAD BOTTOM,37.5398,-82.5977,37.5413,-82.5971,2021,123.0,2.05,0,0,20000,0,0,0,0.31,281.52,2021-08-30 10:58:59,2021-08-30 00:03:34,-31.07,15.4,Third Quarter,52.97,21,"Developed, Open Space",207.993,9,JAS,-0.45,Neutral,0.22832751,0.22425002,0.22366667,0.24566664,75.15943,78.37805,74.054306,77.87555,88.6,69.6,78.6,4.9,0.33,6.0,63,5.7,1,100,Heavy rain at times
981704,2021-08-30 11:43:00,2021-08-30 13:00:00,PIKE CO.,PINSON,0.32,0.33,PINSON,37.5847,-82.2705,37.5853,-82.2706,2021,77.0,1.28,0,0,10000,0,0,0,0.1,281.72,2021-08-30 10:57:37,2021-08-30 00:02:19,-30.96,15.74,Third Quarter,52.97,41,Deciduous Forest,244.023,0,JAS,-0.45,Neutral,0.22192125,0.22200002,0.21675001,0.23962496,75.391815,78.86435,74.22185,78.2456,87.0,68.9,76.5,5.1,0.13,6.0,62,8.5,1,100,Moderate rain at times
981069,2021-08-30 13:06:00,2021-08-30 15:06:00,SHELBY CO.,SNOW HILL,0.53,0.52,SNOW HILL,38.2124,-85.2198,38.2117,-85.2199,2021,120.0,2.0,0,0,0,0,0,0,2.25,279.9,2021-08-30 11:08:45,2021-08-30 00:14:47,-30.92,12.53,Third Quarter,52.97,22,"Developed, Low Intensity",226.674,40,JAS,-0.45,Neutral,0.2539588,0.2565,0.25587502,0.24654166,74.9537,77.862495,73.90999,77.5625,87.7,71.4,78.0,6.5,0.34,6.0,66,6.0,1,100,Moderate or heavy rain shower
971612,2021-08-30 14:20:00,2021-08-30 15:20:00,DAVIESS CO.,OWENSBORO,1.0,3.0,OWENSBORO,37.7845,-87.12,37.77,-87.1566,2021,60.0,1.0,0,0,10000,0,0,0,3.59,278.77,2021-08-30 11:16:49,2021-08-30 00:21:54,-31.63,10.54,Third Quarter,52.97,23,"Developed, Medium Intensity",122.476,66,JAS,-0.45,Neutral,0.2367,0.21212499,0.24708332,0.20929168,78.89037,81.256256,77.885,81.54875,89.4,72.9,79.1,7.8,1.09,6.0,66,5.9,1,100,Patchy rain possible
971614,2021-08-30 20:45:00,2021-08-30 21:15:00,MCLEAN CO.,LIVERMORE,0.88,3.0,LIVERMORE,37.49,-87.12,37.5234,-87.13,2021,30.0,0.5,0,0,0,0,0,0,3.54,278.78,2021-08-30 11:17:08,2021-08-30 00:21:35,-31.92,10.58,Third Quarter,52.97,82,Cultivated Crops,117.897,0,JAS,-0.45,Neutral,0.26691502,0.239125,0.27149996,0.26045832,78.255615,79.6325,77.45,80.55875,87.4,72.7,78.9,6.9,0.56,6.0,65,6.5,1,100,Moderate rain at times
987347,2021-09-15 07:00:00,2021-09-15 10:00:00,BATH CO.,REYNOLDSVILLE,1.63,2.0,REYNOLDSVILLE,38.18,-83.79,38.2011,-83.7813,2021,180.0,3.0,0,0,25000,0,0,0,-2.47,276.95,2021-09-15 11:16:50,2021-09-15 23:42:55,24.6,172.36,Waxing Gibbous,62.92,81,Pasture/Hay,280.684,0,ASO,-0.63,La Nina,0.2687933,0.36558333,0.25225,0.29325,70.33726,71.6075,69.56,72.57876,76.5,65.8,69.9,8.9,1.05,4.0,86,3.5,1,100,Moderate or heavy rain shower
987351,2021-09-15 07:00:00,2021-09-15 07:00:00,BATH CO.,SLATE VLY,1.84,1.87,SLATE VLY,38.1899,-83.7425,38.1818,-83.7289,2021,0.0,0.0,0,0,3000,0,0,0,-2.5,276.98,2021-09-15 11:16:39,2021-09-15 23:42:44,24.6,172.41,Waxing Gibbous,62.92,42,Evergreen Forest,243.215,0,ASO,-0.63,La Nina,0.27125296,0.37441668,0.25199997,0.30287498,69.99196,71.232506,69.2525,72.113754,76.5,65.8,69.9,8.9,1.05,4.0,86,3.5,1,100,Moderate or heavy rain shower
987346,2021-09-15 07:12:00,2021-09-15 10:00:00,BATH CO.,OWINGSVILLE,1.74,1.8,REYNOLDSVILLE,38.1704,-83.7889,38.1727,-83.793,2021,168.0,2.8,0,0,0,0,0,0,-2.47,276.95,2021-09-15 11:16:50,2021-09-15 23:42:55,24.61,172.36,Waxing Gibbous,62.92,41,Deciduous Forest,277.373,0,ASO,-0.63,La Nina,0.2687933,0.36558333,0.25225,0.29325,70.33726,71.6075,69.56,72.57876,76.5,65.8,69.9,8.9,1.05,4.0,86,3.5,1,100,Moderate or heavy rain shower
985760,2021-09-15 07:55:00,2021-09-15 09:55:00,NELSON CO.,BARDSTOWN,0.96,1.36,BARDSTOWN,37.8084,-85.4604,37.8085,-85.4686,2021,120.0,2.0,0,0,0,0,0,0,-1.57,275.9,2021-09-15 11:23:40,2021-09-15 23:49:28,24.78,170.69,Waxing Gibbous,62.92,22,"Developed, Low Intensity",195.75,43,ASO,-0.63,La Nina,0.2836254,0.34604168,0.27416667,0.29525,71.34635,73.22375,70.520004,73.55376,77.0,66.0,70.8,6.8,1.07,4.0,89,4.5,1,100,Moderate or heavy rain shower
985761,2021-09-15 08:00:00,2021-09-15 10:00:00,NELSON CO.,EARLY TIMES,1.39,0.9,EAST BARDSTOWN,37.8394,-85.427,37.846,-85.4265,2021,120.0,2.0,0,0,0,0,0,0,-1.58,275.92,2021-09-15 11:23:31,2021-09-15 23:49:21,24.75,170.72,Waxing Gibbous,62.92,21,"Developed, Open Space",217.631,0,ASO,-0.63,La Nina,0.2962804,0.35129166,0.2891667,0.30233335,71.28403,73.24625,70.44875,73.49376,77.0,66.0,70.8,6.8,1.07,4.0,89,4.5,1,100,Moderate or heavy rain shower
985762,2021-09-15 08:35:00,2021-09-15 10:35:00,NELSON CO.,EAST BARDSTOWN,0.8,0.88,EAST BARDSTOWN,37.8333,-85.4141,37.8336,-85.4163,2021,120.0,2.0,0,0,0,0,0,0,-1.59,275.93,2021-09-15 11:23:28,2021-09-15 23:49:17,24.76,170.73,Waxing Gibbous,62.92,22,"Developed, Low Intensity",230.671,30,ASO,-0.63,La Nina,0.2962804,0.35129166,0.2891667,0.30233335,71.28403,73.24625,70.44875,73.49376,77.0,66.0,70.8,6.8,1.07,4.0,89,4.5,1,100,Moderate or heavy rain shower
987352,2021-09-15 09:39:00,2021-09-15 10:30:00,BATH CO.,PEASTICKS,1.37,1.11,WYOMING,38.1569,-83.7437,38.2127,-83.7362,2021,51.0,0.85,0,0,0,0,0,0,-2.5,276.98,2021-09-15 11:16:40,2021-09-15 23:42:44,24.63,172.41,Waxing Gibbous,62.92,21,"Developed, Open Space",218.703,9,ASO,-0.63,La Nina,0.28046796,0.3757917,0.263,0.3085833,70.16615,71.315,69.4175,72.35,76.5,65.8,69.9,8.9,1.05,4.0,86,3.5,1,100,Moderate or heavy rain shower
985763,2021-09-15 11:21:00,2021-09-15 13:21:00,SIMPSON CO.,MIDDLETON,0.55,0.79,MIDDLETON,36.75,-86.73,36.7473,-86.7217,2021,120.0,2.0,0,0,0,0,0,0,-0.93,275.08,2021-09-15 11:29:08,2021-09-15 23:54:10,25.65,169.34,Waxing Gibbous,62.92,41,Deciduous Forest,186.723,0,ASO,-0.63,La Nina,0.41674623,0.472625,0.40300003,0.44525,73.245316,73.68125,72.635,75.1925,73.8,66.3,70.0,8.3,2.49,4.0,92,1.7,1,100,Moderate or heavy rain shower
989268,2021-10-07 21:00:00,2021-10-07 23:00:00,CLARK CO.,WINCHESTER,1.29,1.32,WINCHESTER,37.99,-84.16,37.9902,-84.1592,2021,120.0,2.0,0,0,0,0,0,0,-10.37,271.1,2021-10-07 11:37:42,2021-10-07 23:10:21,-3.75,266.44,New Moon,0.49,23,"Developed, Medium Intensity",313.223,58,SON,-0.76,La Nina,0.2741329,0.37791672,0.25483343,0.30570832,67.22052,67.947495,66.98376,67.79,72.9,62.6,67.0,8.5,0.62,3.0,92,1.3,1,100,Moderate or heavy rain shower
989269,2021-10-07 21:00:00,2021-10-07 23:00:00,CLARK CO.,WINCHESTER HELIPORT,1.49,1.55,WINCHESTER HELIPORT,38.0,-84.16,38.0067,-84.1505,2021,120.0,2.0,0,0,0,0,0,0,-10.37,271.1,2021-10-07 11:37:43,2021-10-07 23:10:21,-3.75,266.44,New Moon,0.49,22,"Developed, Low Intensity",303.815,0,SON,-0.76,La Nina,0.2741329,0.37791672,0.25483343,0.30570832,67.22052,67.947495,66.98376,67.79,72.9,62.6,67.0,8.5,0.62,3.0,92,1.3,1,100,Moderate or heavy rain shower
989270,2021-10-07 21:45:00,2021-10-07 23:45:00,CLARK CO.,WINCHESTER,1.49,1.19,WINCHESTER,38.0,-84.19,37.9966,-84.1605,2021,120.0,2.0,0,0,0,0,0,0,-10.34,271.08,2021-10-07 11:37:50,2021-10-07 23:10:28,-3.68,266.43,New Moon,0.49,23,"Developed, Medium Intensity",298.83,54,SON,-0.76,La Nina,0.2741329,0.37791672,0.25483343,0.30570832,67.22052,67.947495,66.98376,67.79,72.9,62.6,67.0,8.5,0.62,3.0,92,1.3,1,100,Moderate or heavy rain shower
989271,2021-10-07 22:00:00,2021-10-07 23:59:00,CLARK CO.,HUNT,2.34,1.76,FORD,37.89,-84.19,37.8774,-84.2091,2021,119.0,1.98,0,0,0,0,0,0,-10.35,271.06,2021-10-07 11:37:46,2021-10-07 23:10:32,-3.66,266.42,New Moon,0.49,81,Pasture/Hay,266.861,0,SON,-0.76,La Nina,0.27885544,0.38379171,0.25675002,0.31966665,67.350426,68.067505,67.12624,67.88,72.9,62.6,67.0,8.5,0.62,3.0,92,1.4,1,100,Moderate or heavy rain shower
980786,2021-10-08 15:00:00,2021-10-08 18:15:00,GREENUP CO.,FLATWOODS,0.69,0.82,KENWOOD,38.5237,-82.7081,38.5131,-82.6791,2021,195.0,3.25,0,0,10000,0,0,0,-11.78,271.85,2021-10-08 11:33:09,2021-10-08 23:02:44,0.31,254.83,Waxing Crescent,3.36,41,Deciduous Forest,213.506,0,SON,-0.76,La Nina,0.2727717,0.37954167,0.24758337,0.32354167,67.50579,67.775,67.24251,68.31875,73.7,61.3,66.8,4.9,0.39,5.0,87,2.7,1,100,Moderate or heavy rain shower
996845,2021-12-11 04:17:00,2021-12-11 07:17:00,FRANKLIN CO.,BENSON,1.29,1.48,BENSON,38.21,-84.97,38.2097,-84.9845,2021,180.0,3.0,1,0,0,0,0,0,-19.07,255.29,2021-12-11 12:46:14,2021-12-11 22:20:15,41.73,184.9,First Quarter,49.42,21,"Developed, Open Space",193.433,10,NDJ,-0.87,La Nina,0.36950874,0.416625,0.3517083,0.4148333,50.4152,54.60875,49.0775,53.60375,66.4,35.4,52.2,22.4,1.23,6.0,78,0.4,1,100,Moderate or heavy rain shower
996846,2021-12-11 04:30:00,2021-12-11 06:30:00,BRECKINRIDGE CO.,ROSETTA,0.32,0.39,ROSETTA,37.7956,-86.272,37.7973,-86.2734,2021,120.0,2.0,0,0,0,0,0,0,-17.97,254.45,2021-12-11 12:50:17,2021-12-11 22:26:38,42.22,183.18,First Quarter,49.42,21,"Developed, Open Space",172.728,0,NDJ,-0.87,La Nina,0.45372796,0.4994167,0.43499997,0.5027084,51.44874,54.89,50.341248,54.09875,67.6,34.8,50.4,21.2,0.84,6.0,67,0.3,1,100,Heavy rain at times
996849,2021-12-11 05:30:00,2021-12-11 07:30:00,SCOTT CO.,MINORSVILLE,1.63,1.12,SAND LICK,38.3301,-84.6699,38.2786,-84.7161,2021,120.0,2.0,0,0,0,0,0,0,-19.33,255.5,2021-12-11 12:45:23,2021-12-11 22:18:42,41.58,185.29,First Quarter,49.42,81,Pasture/Hay,256.999,0,NDJ,-0.87,La Nina,0.35205877,0.41837505,0.3288333,0.40958333,49.844788,54.425,48.4475,53.10875,66.6,35.2,52.3,22.4,0.96,5.0,78,0.3,1,100,Moderate or heavy rain shower
1004921,2022-01-01 04:18:00,2022-01-01 06:18:00,GREEN CO.,HASKINGSVILLE,1.09,0.46,HASKINGSVILLE,37.1899,-85.4155,37.1946,-85.4099,2022,120.0,2.0,0,0,0,0,0,0,-16.53,253.33,2022-01-01 12:55:10,2022-01-01 22:35:35,-39.21,267.27,Waning Crescent,4.74,81,Pasture/Hay,188.907,0,DJF,-0.82,La Nina,0.5015583,0.5108334,0.49654174,0.5156666,54.81845,59.6825,53.64875,57.2075,66.1,55.3,60.4,15.6,2.33,5.0,91,0.1,1,100,Moderate or heavy rain shower
1004925,2022-01-01 05:00:00,2022-01-01 07:00:00,BARREN CO.,RAILTON,1.38,1.4,RAILTON,37.0,-86.12,37.0,-86.1138,2022,120.0,2.0,0,0,0,0,0,0,-15.94,252.9,2022-01-01 12:57:28,2022-01-01 22:38:55,-38.65,266.72,Waning Crescent,4.74,22,"Developed, Low Intensity",212.524,20,DJF,-0.82,La Nina,0.49464217,0.50958335,0.48716664,0.51529163,55.195324,60.03125,54.03875,57.54875,63.8,55.8,60.2,14.4,2.02,5.0,92,0.1,1,100,Moderate or heavy rain shower
1004927,2022-01-01 05:00:00,2022-01-01 07:00:00,BARREN CO.,GRIDERVILLE,1.79,1.56,GRIDERVILLE,37.11,-85.85,37.1097,-85.8465,2022,120.0,2.0,0,0,0,0,0,0,-16.17,253.07,2022-01-01 12:56:41,2022-01-01 22:37:32,-38.87,266.96,Waning Crescent,4.74,82,Cultivated Crops,234.367,0,DJF,-0.82,La Nina,0.49932125,0.50925,0.4939166,0.5145417,54.957424,59.8325,53.7725,57.395,63.5,57.2,60.2,13.0,2.21,4.0,93,0.1,1,100,Moderate or heavy rain shower
1004928,2022-01-01 05:10:00,2022-01-01 07:10:00,GREEN CO.,GRESHAM,1.56,1.1,GRESHAM,37.1799,-85.4371,37.1862,-85.4326,2022,120.0,2.0,0,0,0,0,0,0,-16.51,253.31,2022-01-01 12:55:13,2022-01-01 22:35:41,-39.2,267.25,Waning Crescent,4.74,82,Cultivated Crops,204.87,0,DJF,-0.82,La Nina,0.50338125,0.50937504,0.49916664,0.5158333,55.210964,59.896248,54.046253,57.6425,64.0,55.2,59.4,13.2,2.32,4.0,93,0.1,1,100,Moderate or heavy rain shower
1004923,2022-01-01 05:20:00,2022-01-01 07:20:00,TAYLOR CO.,ROMINE,1.49,1.65,ROMINE,37.21,-85.34,37.21,-85.3375,2022,120.0,2.0,0,0,0,0,0,0,-16.59,253.37,2022-01-01 12:54:55,2022-01-01 22:35:13,-39.27,267.33,Waning Crescent,4.74,81,Pasture/Hay,252.464,0,DJF,-0.82,La Nina,0.5110846,0.5117083,0.5121667,0.5071667,54.71465,59.359997,53.603752,56.975,66.1,55.3,60.4,15.6,2.33,5.0,91,0.2,1,100,Moderate or heavy rain shower
1004930,2022-01-01 05:20:00,2022-01-01 07:20:00,ADAIR CO.,KNIFLEY,0.88,1.18,KNIFLEY,37.24,-85.19,37.2403,-85.1867,2022,120.0,2.0,0,0,0,0,0,0,-16.71,253.46,2022-01-01 12:54:24,2022-01-01 22:34:32,-39.39,267.44,Waning Crescent,4.74,41,Deciduous Forest,215.483,0,DJF,-0.82,La Nina,0.51187044,0.50954163,0.5135417,0.5069167,54.54196,59.101246,53.46125,56.7275,64.0,54.7,59.3,13.6,2.37,4.0,93,0.1,1,100,Moderate or heavy rain shower
1004929,2022-01-01 05:20:00,2022-01-01 07:20:00,ADAIR CO.,COBURG,0.0,0.45,COBURG,37.2,-85.33,37.2028,-85.33,2022,120.0,2.0,0,0,0,0,0,0,-16.6,253.38,2022-01-01 12:54:51,2022-01-01 22:35:12,-39.28,267.33,Waning Crescent,4.74,82,Cultivated Crops,231.986,0,DJF,-0.82,La Nina,0.5110846,0.5117083,0.5121667,0.5071667,54.71465,59.359997,53.603752,56.975,66.1,55.3,60.4,15.6,2.33,5.0,91,0.2,1,100,Moderate or heavy rain shower
1004346,2022-01-01 07:57:00,2022-01-01 11:45:00,FLOYD CO.,ARKANSAS,0.46,0.28,COLLIVER,37.5829,-82.7376,37.5922,-82.7306,2022,228.0,3.8,0,0,0,0,0,0,-18.68,254.89,2022-01-01 12:45:32,2022-01-01 22:23:47,-41.33,269.16,Waning Crescent,4.74,41,Deciduous Forest,249.878,0,DJF,-0.82,La Nina,0.33910835,0.4220833,0.31029168,0.41024995,53.642864,58.853752,52.39625,56.18,69.9,57.3,61.8,12.4,2.86,4.0,90,0.1,1,100,Moderate or heavy rain shower
1005229,2022-01-01 08:17:00,2022-01-01 11:45:00,PIKE CO.,BELFRY,0.66,0.68,LECKIEVILLE,37.6158,-82.2808,37.625,-82.2853,2022,208.0,3.47,0,0,200000,0,0,0,-19.04,255.15,2022-01-01 12:43:48,2022-01-01 22:21:52,-41.69,269.47,Waning Crescent,4.74,41,Deciduous Forest,328.015,0,DJF,-0.82,La Nina,0.34310997,0.42137504,0.3158333,0.41054162,53.389507,58.212498,52.25,55.68875,68.0,53.9,59.1,13.2,2.22,5.0,90,0.1,1,100,Moderate or heavy rain shower
1004352,2022-01-01 08:30:00,2022-01-01 11:15:00,BREATHITT CO.,CANOE,0.15,1.65,CANOE,37.4486,-83.452,37.4565,-83.4522,2022,165.0,2.75,0,0,0,0,0,0,-18.1,254.46,2022-01-01 12:48:01,2022-01-01 22:27:00,-40.77,268.62,Waning Crescent,4.74,41,Deciduous Forest,319.054,0,DJF,-0.82,La Nina,0.35842964,0.4227083,0.33645833,0.41233334,54.008114,59.165,52.782497,56.49125,67.8,55.4,59.7,13.0,3.24,5.0,90,0.2,1,100,Moderate or heavy rain shower
1005246,2022-01-01 09:00:00,2022-01-01 11:30:00,ROCKCASTLE CO.,BRODHEAD,2.0,2.22,OTTAWA,37.3731,-84.4333,37.3873,-84.4575,2022,150.0,2.5,0,0,500000,0,0,0,-17.33,253.91,2022-01-01 12:51:44,2022-01-01 22:31:09,-39.99,267.99,Waning Crescent,4.74,81,Pasture/Hay,371.47,0,DJF,-0.82,La Nina,0.44678295,0.5084167,0.42258334,0.50920826,53.374023,58.30625,52.276253,55.493748,68.4,53.9,59.6,16.9,2.82,5.0,90,0.1,1,100,Moderate or heavy rain shower
1004586,2022-01-01 09:00:00,2022-01-01 11:15:00,BREATHITT CO.,WHICK,0.42,0.58,LITTLE,37.418,-83.3872,37.4343,-83.3833,2022,135.0,2.25,0,0,60000,0,0,0,-18.14,254.49,2022-01-01 12:47:41,2022-01-01 22:26:50,-40.82,268.64,Waning Crescent,4.74,41,Deciduous Forest,397.081,0,DJF,-0.82,La Nina,0.35842964,0.4227083,0.33645833,0.41233334,54.008114,59.165,52.782497,56.49125,67.8,55.4,59.7,13.0,3.24,5.0,90,0.2,1,100,Moderate or heavy rain shower
1005248,2022-01-01 09:00:00,2022-01-01 11:45:00,PIKE CO.,TOLER,0.0,0.37,TOLER,37.63,-82.25,37.631,-82.2474,2022,165.0,2.75,0,0,0,0,0,0,-19.07,255.17,2022-01-01 12:43:43,2022-01-01 22:21:42,-41.71,269.5,Waning Crescent,4.74,22,"Developed, Low Intensity",222.81,24,DJF,-0.82,La Nina,0.34310997,0.42137504,0.3158333,0.41054162,54.92221,59.745197,53.782703,57.22145,68.0,53.9,59.1,13.2,2.22,5.0,90,0.1,1,100,Moderate or heavy rain shower
1004587,2022-01-01 09:03:00,2022-01-01 11:15:00,BREATHITT CO.,WHICK,2.3,2.39,WHICK,37.41,-83.42,37.4132,-83.4245,2022,132.0,2.2,0,0,10000,0,0,0,-18.11,254.47,2022-01-01 12:47:47,2022-01-01 22:26:59,-40.79,268.61,Waning Crescent,4.74,41,Deciduous Forest,269.927,0,DJF,-0.82,La Nina,0.35842964,0.4227083,0.33645833,0.41233334,54.008114,59.165,52.782497,56.49125,67.8,55.4,59.7,13.0,3.24,5.0,90,0.2,1,100,Moderate or heavy rain shower
1004588,2022-01-01 09:07:00,2022-01-01 11:15:00,BREATHITT CO.,HARDSHELL,0.0,1.43,HARDSHELL,37.47,-83.25,37.4542,-83.2231,2022,128.0,2.13,0,0,20000,0,0,0,-18.26,254.58,2022-01-01 12:47:16,2022-01-01 22:26:08,-40.93,268.76,Waning Crescent,4.74,41,Deciduous Forest,303.508,0,DJF,-0.82,La Nina,0.34515545,0.42616674,0.3182083,0.41054165,53.68483,58.62875,52.5125,56.05625,67.8,55.4,59.7,13.0,3.24,5.0,90,0.2,1,100,Moderate or heavy rain shower
1004595,2022-01-01 09:10:00,2022-01-01 11:45:00,PIKE CO.,HELSEY,1.07,2.05,HELSEY,37.6869,-82.3605,37.6936,-82.3512,2022,155.0,2.58,0,0,0,0,0,0,-19.0,255.13,2022-01-01 12:44:19,2022-01-01 22:21:59,-41.63,269.48,Waning Crescent,4.74,41,Deciduous Forest,329.654,0,DJF,-0.82,La Nina,0.35725713,0.4259583,0.33354166,0.4156666,53.2358,57.8825,52.16375,55.3625,68.0,53.9,59.1,13.2,2.22,5.0,90,0.1,1,100,Moderate or heavy rain shower
1004603,2022-01-01 09:16:00,2022-01-01 11:45:00,PIKE CO.,CANADA,1.1,0.99,CANADA,37.6184,-82.3499,37.6169,-82.347,2022,149.0,2.48,0,0,20000,0,0,0,-18.99,255.11,2022-01-01 12:44:05,2022-01-01 22:22:08,-41.63,269.43,Waning Crescent,4.74,23,"Developed, Medium Intensity",254.721,0,DJF,-0.82,La Nina,0.34310997,0.42137504,0.3158333,0.41054162,53.389507,58.212498,52.25,55.68875,68.0,53.9,59.1,13.2,2.22,5.0,90,0.1,1,100,Moderate or heavy rain shower
1004604,2022-01-01 09:17:00,2022-01-01 11:45:00,PIKE CO.,BELFRY,0.0,0.09,BELFRY,37.62,-82.27,37.6198,-82.267,2022,148.0,2.47,0,0,50000,0,0,0,-19.05,255.15,2022-01-01 12:43:46,2022-01-01 22:21:48,-41.7,269.48,Waning Crescent,4.74,24,"Developed, High Intensity",212.852,86,DJF,-0.82,La Nina,0.34310997,0.42137504,0.3158333,0.41054162,54.96901,59.791996,53.8295,57.26825,68.0,53.9,59.1,13.2,2.22,5.0,90,0.1,1,100,Moderate or heavy rain shower
1004606,2022-01-01 09:32:00,2022-01-01 11:45:00,PIKE CO.,SIDNEY,0.0,1.77,CANADA,37.62,-82.37,37.6264,-82.3475,2022,133.0,2.22,0,0,0,0,0,0,-18.97,255.1,2022-01-01 12:44:10,2022-01-01 22:22:12,-41.62,269.42,Waning Crescent,4.74,22,"Developed, Low Intensity",226.429,21,DJF,-0.82,La Nina,0.35255086,0.42520833,0.3270417,0.41579166,53.32884,58.09625,52.182503,55.670006,68.0,53.9,59.1,13.2,2.22,5.0,90,0.1,1,100,Moderate or heavy rain shower
1004610,2022-01-01 10:50:00,2022-01-01 11:45:00,PIKE CO.,META,1.25,1.19,META,37.5621,-82.4505,37.5638,-82.4575,2022,55.0,0.92,0,0,50000,0,0,0,-18.9,255.04,2022-01-01 12:44:20,2022-01-01 22:22:41,-41.55,269.32,Waning Crescent,4.74,41,Deciduous Forest,224.377,0,DJF,-0.82,La Nina,0.34322667,0.42341664,0.31495836,0.4134167,53.523464,58.489998,52.35875,55.861248,70.4,56.9,61.9,12.9,1.9,4.0,88,0.1,1,100,Moderate or heavy rain shower
1005584,2022-01-01 10:55:00,2022-01-01 11:45:00,PIKE CO.,SIDNEY,0.94,0.98,SIDNEY,37.6196,-82.3529,37.6201,-82.3515,2022,50.0,0.83,0,0,10000,0,0,0,-18.99,255.11,2022-01-01 12:44:06,2022-01-01 22:22:08,-41.63,269.43,Waning Crescent,4.74,23,"Developed, Medium Intensity",228.894,56,DJF,-0.82,La Nina,0.34310997,0.42137504,0.3158333,0.41054162,54.81691,59.639896,53.6774,57.11615,68.0,53.9,59.1,13.2,2.22,5.0,90,0.1,1,100,Moderate or heavy rain shower
1005219,2022-01-01 10:55:00,2022-01-01 11:45:00,PIKE CO.,ZEBULON,0.49,0.61,ZEBULON,37.5368,-82.4676,37.5358,-82.4663,2022,50.0,0.83,0,0,50000,0,0,0,-18.88,255.02,2022-01-01 12:44:19,2022-01-01 22:22:50,-41.54,269.29,Waning Crescent,4.74,23,"Developed, Medium Intensity",232.597,48,DJF,-0.82,La Nina,0.33632877,0.41712502,0.30737504,0.40866664,53.889534,59.165,52.68125,56.27375,70.4,56.9,61.9,12.9,1.9,4.0,88,0.1,1,100,Moderate or heavy rain shower
1004932,2022-01-01 13:30:00,2022-01-01 15:30:00,CASEY CO.,LIBERTY,1.1,1.92,MIDDLEBURG,37.32,-84.93,37.3393,-84.8187,2022,120.0,2.0,0,0,0,0,0,0,-16.94,253.63,2022-01-01 12:53:35,2022-01-01 22:33:17,-39.6,267.65,Waning Crescent,4.74,41,Deciduous Forest,290.171,0,DJF,-0.82,La Nina,0.48092625,0.509875,0.46870828,0.51316667,53.99949,58.94375,52.82375,56.3825,64.0,54.0,58.4,14.1,2.8,5.0,93,0.1,1,100,Moderate or heavy rain shower
1004933,2022-01-01 13:30:00,2022-01-01 15:30:00,CASEY CO.,MIDDLEBURG,0.69,0.9,MIDDLEBURG,37.36,-84.82,37.3582,-84.8169,2022,120.0,2.0,0,0,0,0,0,0,-17.03,253.7,2022-01-01 12:53:15,2022-01-01 22:32:44,-39.69,267.75,Waning Crescent,4.74,81,Pasture/Hay,254.791,0,DJF,-0.82,La Nina,0.39985248,0.43537498,0.38679168,0.43279162,53.7806,58.441246,52.55,56.44625,64.0,54.0,58.4,14.1,2.8,5.0,93,0.1,1,100,Moderate or heavy rain shower
994156,2022-01-01 20:15:00,2022-01-01 23:15:00,BOYD CO.,SUMMIT,2.95,3.32,SUMMIT,38.4338,-82.7542,38.427,-82.7548,2022,180.0,3.0,0,0,1000,0,0,0,-18.89,255.16,2022-01-01 12:47:59,2022-01-01 22:21:28,-41.32,269.88,Waning Crescent,4.74,81,Pasture/Hay,172.956,0,DJF,-0.82,La Nina,0.44062173,0.5060417,0.41654167,0.501375,51.792873,55.71125,51.05,53.033752,61.2,53.6,57.3,10.5,2.31,2.0,94,0.1,1,100,Moderate or heavy rain shower
994157,2022-01-01 20:15:00,2022-01-01 23:15:00,BOYD CO.,MAVITY,1.66,2.18,GARNER,38.3347,-82.7237,38.3261,-82.7204,2022,180.0,3.0,0,0,500,0,0,0,-18.89,255.14,2022-01-01 12:47:35,2022-01-01 22:21:37,-41.35,269.82,Waning Crescent,4.74,41,Deciduous Forest,233.44,0,DJF,-0.82,La Nina,0.43587133,0.506375,0.4101667,0.5005,52.049564,55.65125,51.37625,53.1575,61.9,54.3,57.8,9.6,2.92,3.0,93,0.1,1,100,Moderate or heavy rain shower
994160,2022-01-01 21:30:00,2022-01-02 00:30:00,LAWRENCE CO.,MARTHA,1.16,1.37,MARTHA,38.0168,-82.9188,37.9996,-82.9156,2022,180.0,3.0,0,0,500,0,0,0,-18.66,254.93,2022-01-01 12:47:28,2022-01-01 22:23:18,-41.19,269.43,Waning Crescent,4.74,43,Mixed Forest,242.89,0,DJF,-0.82,La Nina,0.34312794,0.4315417,0.31162497,0.42166665,52.868828,57.083748,51.9275,54.69125,66.7,55.9,60.9,10.5,3.18,4.0,91,0.1,1,100,Moderate or heavy rain shower
999544,2022-01-09 11:56:00,2022-01-09 15:00:00,TODD CO.,ALLEGRE,0.0,0.0,SHARON GROVE,36.93,-87.22,36.92,-87.1,2022,184.0,3.07,0,0,0,0,0,0,-13.89,252.56,2022-01-09 13:01:53,2022-01-09 22:50:28,51.49,197.39,Waxing Crescent,42.53,81,Pasture/Hay,228.47,0,DJF,-0.82,La Nina,0.50395256,0.5075,0.5033749,0.5047501,43.372963,36.68,46.655,34.35125,46.6,27.0,40.4,19.2,1.78,5.0,92,0.1,1,100,Moderate or heavy rain shower
1002490,2022-02-17 08:50:00,2022-02-17 16:00:00,MARSHALL CO.,TATUMSVILLE,0.0,1.45,GILBERTSVILLE,36.93,-88.3,36.9969,-88.2757,2022,430.0,7.17,0,0,0,0,0,0,-5.59,259.25,2022-02-17 12:38:57,2022-02-17 23:35:48,3.15,73.48,Full Moon,99.72,11,Open Water,109.158,0,JFM,-0.79,La Nina,0.4050654,0.40879163,0.40549996,0.40233335,44.667877,53.963753,41.93,50.956253,62.7,30.3,52.5,19.7,2.09,6.0,79,0.7,1,100,Moderate or heavy rain shower
1002498,2022-02-17 08:55:00,2022-02-17 18:00:00,MCCRACKEN CO.,PADUCAH,0.0,0.85,WEST PADUCAH,37.08,-88.63,37.08,-88.75,2022,545.0,9.08,0,0,0,0,0,0,-5.29,259.07,2022-02-17 12:40:28,2022-02-17 23:36:56,2.95,73.3,Full Moon,99.72,24,"Developed, High Intensity",113.193,86,JFM,-0.79,La Nina,0.40150377,0.40550005,0.4006667,0.40304172,44.595463,52.178753,42.2075,50.254997,61.8,28.8,50.6,20.8,3.1,5.0,79,0.5,1,100,Moderate or heavy rain shower
1006624,2022-02-17 11:00:00,2022-02-17 15:00:00,CRITTENDEN CO.,MARION,0.0,2.07,MARION,37.33,-88.08,37.3303,-88.0988,2022,240.0,4.0,0,0,50000,0,0,0,-5.89,259.42,2022-02-17 12:38:35,2022-02-17 23:34:25,3.42,73.64,Full Moon,99.72,21,"Developed, Open Space",168.201,11,JFM,-0.79,La Nina,0.39781332,0.4008334,0.3959583,0.40316674,42.709663,51.51875,40.08125,48.785,59.5,28.3,50.3,20.2,3.3,5.0,81,0.7,1,100,Moderate or heavy rain shower
1002488,2022-02-17 12:00:00,2022-02-17 16:00:00,GRAVES CO.,MAYFIELD,3.0,3.0,MAYFIELD,36.7734,-88.63,36.73,-88.6842,2022,240.0,4.0,0,0,35000,0,0,0,-5.21,259.04,2022-02-17 12:40:05,2022-02-17 23:37:19,2.86,73.28,Full Moon,99.72,21,"Developed, Open Space",142.365,5,JFM,-0.79,La Nina,0.3996575,0.38987502,0.4065,0.3794584,44.695286,54.14,41.896248,51.14375,63.8,30.0,52.5,20.1,1.93,5.0,79,0.7,1,100,Moderate or heavy rain shower
1002500,2022-02-22 10:30:00,2022-02-22 12:50:00,HICKMAN CO.,SPRING HILL,1.77,2.88,SPRING HILL,36.71,-88.99,36.7295,-88.9923,2022,140.0,2.33,0,0,0,0,0,0,-2.78,260.34,2022-02-22 12:35:22,2022-02-22 23:43:53,-56.94,51.54,Waning Gibbous,71.2,82,Cultivated Crops,103.686,0,JFM,-0.79,La Nina,0.40925375,0.421375,0.40550002,0.41808334,46.051064,56.9,43.40375,51.51125,64.7,41.5,58.2,19.0,1.17,4.0,96,0.4,1,100,Moderate or heavy rain shower
1016220,2022-03-06 18:20:00,2022-03-06 20:20:00,LARUE CO.,TANNER,2.3,1.52,MAGNOLIA,37.4875,-85.741,37.4835,-85.7422,2022,120.0,2.0,0,0,0,0,0,0,-3.33,266.28,2022-03-06 12:06:50,2022-03-06 23:42:02,32.78,252.13,Waxing Crescent,12.0,82,Cultivated Crops,242.511,0,FMA,-0.86,La Nina,0.37932718,0.3658333,0.3873333,0.35637498,49.149353,60.739998,45.8975,56.434998,65.3,60.8,62.5,19.9,0.72,5.0,85,1.1,1,100,Moderate or heavy rain shower
1013335,2022-04-12 04:00:00,2022-04-12 12:00:00,MCCRACKEN CO.,HARDMONEY,0.0,2.03,LONE OAK,36.95,-88.6,37.0203,-88.6481,2022,480.0,8.0,0,0,0,0,0,0,4.4,277.58,2022-04-12 11:24:02,2022-04-12 00:25:58,53.88,110.73,Waxing Gibbous,75.35,41,Deciduous Forest,129.146,0,MAM,-0.95,La Nina,0.41461003,0.41575003,0.41066658,0.42775002,53.04474,62.9525,50.4725,58.561253,76.8,58.4,66.3,16.0,0.29,4.0,91,2.1,1,100,Moderate or heavy rain shower
1013337,2022-04-12 05:10:00,2022-04-12 12:00:00,MARSHALL CO.,HARVY,1.55,1.46,HARVY,36.8337,-88.4422,36.8283,-88.4413,2022,410.0,6.83,0,0,0,0,0,0,4.27,277.68,2022-04-12 11:23:31,2022-04-12 00:25:13,54.04,110.74,Waxing Gibbous,75.35,82,Cultivated Crops,125.674,0,MAM,-0.95,La Nina,0.39193842,0.40908337,0.38541672,0.4085833,52.95785,63.061253,50.34125,58.56125,76.6,57.9,66.2,15.8,0.39,4.0,92,2.0,1,100,Moderate rain at times
1013339,2022-04-13 17:30:00,2022-04-13 19:00:00,MCCRACKEN CO.,LONE OAK,2.0,2.84,KREBS,37.0221,-88.6351,37.0093,-88.6379,2022,90.0,1.5,0,0,0,0,0,0,4.6,277.89,2022-04-13 11:22:42,2022-04-13 00:27:03,42.27,106.21,Waxing Gibbous,83.54,81,Pasture/Hay,130.802,0,MAM,-0.95,La Nina,0.41728666,0.42079163,0.41558334,0.42195833,54.939392,65.521255,51.754997,62.33,73.8,50.3,65.7,18.8,1.06,5.0,86,1.9,1,100,Moderate or heavy rain shower
1017707,2022-05-06 11:05:00,2022-05-06 13:05:00,FLOYD CO.,WEST PRESTONSBURG,2.12,1.38,WEST PRESTONSBURG,37.6865,-82.8328,37.6888,-82.832,2022,120.0,2.0,0,0,0,0,0,0,4.07,287.86,2022-05-06 10:29:56,2022-05-06 00:25:37,56.48,261.98,Waxing Crescent,22.78,41,Deciduous Forest,194.411,0,AMJ,-0.9,La Nina,0.2580692,0.36329165,0.24045837,0.28337497,58.48284,62.47625,57.0425,62.090004,69.1,57.5,63.9,10.0,2.2,5.0,92,3.8,1,100,Moderate or heavy rain shower
1017678,2022-05-06 13:00:00,2022-05-06 15:00:00,MARTIN CO.,INEZ,2.0,2.17,INEZ,37.8589,-82.4961,37.8576,-82.4981,2022,120.0,2.0,0,0,0,0,0,0,3.88,288.05,2022-05-06 10:28:15,2022-05-06 00:24:37,56.19,261.99,Waxing Crescent,22.78,41,Deciduous Forest,263.677,0,AMJ,-0.9,La Nina,0.2543433,0.38395834,0.23149993,0.28945833,58.13386,62.284996,56.708748,61.636253,68.7,57.4,63.8,10.7,1.64,4.0,91,3.7,1,100,Moderate or heavy rain shower
1031014,2022-05-06 15:40:00,2022-05-06 19:40:00,HARRISON CO.,CYNTHIANA,0.63,0.53,CYNTHIANA,38.389,-84.302,38.3891,-84.3017,2022,240.0,4.0,0,0,0,0,0,0,5.35,286.93,2022-05-06 10:34:22,2022-05-06 00:32:56,57.53,259.7,Waxing Crescent,22.78,23,"Developed, Medium Intensity",214.572,66,AMJ,-0.9,La Nina,0.2825942,0.3726667,0.2711666,0.29175,56.918785,61.92875,55.4375,60.327496,70.5,57.6,63.8,10.4,1.33,6.0,89,4.2,1,100,Moderate or heavy rain shower
1014503,2022-05-06 16:30:00,2022-05-06 17:30:00,ROBERTSON CO.,ALHAMBRA,2.57,2.67,ALHAMBRA,38.5057,-83.9642,38.5142,-83.9584,2022,60.0,1.0,0,0,0,0,0,0,5.13,287.12,2022-05-06 10:32:47,2022-05-06 00:31:49,57.24,259.8,Waxing Crescent,22.78,41,Deciduous Forest,243.252,0,AMJ,-0.9,La Nina,0.29371127,0.36975,0.28933334,0.28337497,56.635666,61.42625,55.19375,59.982502,69.3,56.2,63.0,11.0,1.36,6.0,91,2.9,1,100,Moderate or heavy rain shower
1017717,2022-05-06 17:30:00,2022-05-06 18:30:00,BREATHITT CO.,ELKATAWA,1.3,1.45,WOLVERINE,37.56,-83.41,37.5655,-83.4084,2022,60.0,1.0,0,0,0,0,0,0,4.46,287.52,2022-05-06 10:32:30,2022-05-06 00:27:40,56.96,261.73,Waxing Crescent,22.78,41,Deciduous Forest,315.599,0,AMJ,-0.9,La Nina,0.28111586,0.4039584,0.26083338,0.30970833,58.47583,62.933754,56.967503,62.16125,67.6,55.6,63.0,9.7,1.33,5.0,90,3.1,1,100,Moderate or heavy rain shower
1017718,2022-05-06 17:43:00,2022-05-06 19:45:00,BREATHITT CO.,BARWICK,0.78,1.44,WOLF COAL,37.3675,-83.3838,37.403,-83.3777,2022,122.0,2.03,0,0,0,0,0,0,4.38,287.55,2022-05-06 10:32:47,2022-05-06 00:27:11,56.97,262.05,Waxing Crescent,22.78,41,Deciduous Forest,262.1,0,AMJ,-0.9,La Nina,0.27691835,0.38283336,0.26008338,0.29933333,58.856453,63.17375,57.308754,62.723747,68.1,56.7,63.1,7.5,2.04,5.0,92,4.2,1,100,Moderate or heavy rain shower
1014504,2022-05-06 18:00:00,2022-05-06 19:00:00,MASON CO.,WEEDONIA,0.62,0.51,HELENA,38.4931,-83.7575,38.4895,-83.7753,2022,60.0,1.0,0,0,0,0,0,0,4.98,287.25,2022-05-06 10:31:59,2022-05-06 00:30:58,57.08,260.0,Waxing Crescent,22.78,81,Pasture/Hay,268.321,0,AMJ,-0.9,La Nina,0.31293705,0.37833336,0.3053333,0.31720832,56.43627,61.16375,55.028755,59.68625,70.8,56.3,63.1,10.1,1.42,5.0,90,3.7,1,100,Moderate or heavy rain shower
1017721,2022-05-06 18:38:00,2022-05-06 20:38:00,BREATHITT CO.,YEADON,1.44,1.77,CHENOWEE,37.5291,-83.4507,37.5261,-83.469,2022,120.0,2.0,0,0,0,0,0,0,4.48,287.5,2022-05-06 10:32:44,2022-05-06 00:27:46,57.0,261.74,Waxing Crescent,22.78,41,Deciduous Forest,359.958,0,AMJ,-0.9,La Nina,0.27779046,0.3944167,0.263,0.289625,58.76041,63.14375,57.245003,62.495003,67.6,55.6,63.0,9.7,1.33,5.0,90,3.1,1,100,Moderate or heavy rain shower
1017675,2022-05-06 18:42:00,2022-05-06 19:42:00,PULASKI CO.,CLARENCE,1.13,0.9,CLARENCE,37.2772,-84.5702,37.2749,-84.5692,2022,60.0,1.0,0,0,8000,0,0,0,5.23,286.86,2022-05-06 10:37:43,2022-05-06 00:31:45,57.93,261.25,Waxing Crescent,22.78,21,"Developed, Open Space",285.397,14,AMJ,-0.9,La Nina,0.38101542,0.4979167,0.35799992,0.4209583,58.295715,63.023746,56.716244,62.135,69.1,55.9,63.3,12.3,1.64,6.0,89,3.0,1,100,Moderate or heavy rain shower
1017712,2022-05-06 19:45:00,2022-05-06 20:45:00,ESTILL CO.,IRVINE,0.0,0.27,WEST IRVINE,37.7,-83.97,37.7039,-83.9958,2022,60.0,1.0,0,0,0,0,0,0,4.91,287.18,2022-05-06 10:34:27,2022-05-06 00:30:12,57.38,261.06,Waxing Crescent,22.78,81,Pasture/Hay,188.378,0,AMJ,-0.9,La Nina,0.25949124,0.38825,0.2385,0.28854164,58.834854,63.488747,57.278755,62.61875,70.4,55.2,63.2,10.1,2.05,5.0,86,3.2,1,100,Moderate or heavy rain shower
1068889,2022-05-14 03:30:00,2022-05-14 03:30:00,ROWAN CO.,SHARKEY,1.23,1.33,SHARKEY,38.2137,-83.5409,38.2207,-83.5404,2022,0.0,0.0,1,0,0,0,0,0,5.96,289.1,2022-05-14 10:23:51,2022-05-14 00:36:49,21.24,118.92,Waxing Gibbous,93.53,41,Deciduous Forest,274.975,0,AMJ,-0.9,La Nina,0.28242627,0.21600002,0.29266664,0.26945832,60.619026,68.915,58.182503,66.207504,78.4,57.7,67.7,6.9,0.02,4.0,80,8.7,1,100,Patchy rain possible
1028673,2022-05-14 16:10:00,2022-05-14 18:10:00,FRANKLIN CO.,FRANKFT CPTL CITY AR,0.91,0.87,FRANKFT CPTL CITY AR,38.1925,-84.8947,38.1927,-84.8942,2022,120.0,2.0,0,0,0,0,0,0,6.95,288.3,2022-05-14 10:29:19,2022-05-14 00:42:11,20.31,117.88,Waxing Gibbous,93.53,23,"Developed, Medium Intensity",246.124,14,AMJ,-0.9,La Nina,0.24251966,0.19058335,0.25354156,0.22204168,61.788532,70.75625,59.0,68.36,81.1,60.2,69.7,8.1,0.01,5.0,84,8.8,1,100,Patchy rain possible
1028059,2022-05-26 16:45:00,2022-05-26 17:20:00,BELL CO.,MIDDLESBORO BELL ARP,0.65,0.63,MIDDLESBORO BELL ARP,36.6287,-83.7345,36.6271,-83.7353,2022,35.0,0.58,0,0,0,0,0,0,7.19,291.06,2022-05-26 10:20:09,2022-05-26 00:43:31,-40.11,313.0,Waning Crescent,18.42,21,"Developed, Open Space",354.06,10,AMJ,-0.9,La Nina,0.2658538,0.397625,0.2322916,0.337,64.30404,67.196754,63.090504,67.5005,72.1,61.3,66.4,11.4,1.3,4.0,91,4.4,1,100,Moderate or heavy rain shower
1028030,2022-05-26 17:00:00,2022-05-26 17:20:00,BELL CO.,DORTON BRANCH,0.16,0.16,DORTON BRANCH,36.7723,-83.6706,36.7722,-83.6699,2022,20.0,0.33,0,0,0,0,0,0,7.2,291.08,2022-05-26 10:19:32,2022-05-26 00:43:38,-40.05,313.15,Waning Crescent,18.42,23,"Developed, Medium Intensity",312.424,54,AMJ,-0.9,La Nina,0.2545796,0.34208333,0.23470835,0.29354173,64.832,68.09946,63.53945,68.17445,74.1,60.4,66.8,12.1,1.32,4.0,90,3.5,1,100,Moderate or heavy rain shower
1032597,2022-06-25 19:00:00,2022-06-25 20:40:00,CARTER CO.,OLIVE HILL,0.3,0.34,OLIVE HILL,38.3028,-83.1743,38.3069,-83.1623,2022,100.0,1.67,0,0,3000,0,0,0,9.79,292.22,2022-06-25 10:10:16,2022-06-25 01:00:24,-26.01,321.52,Waning Crescent,14.76,22,"Developed, Low Intensity",257.938,13,MJJ,-0.78,La Nina,0.33953753,0.29125,0.34575006,0.33433333,69.07936,74.52875,67.27625,73.445,92.4,62.8,76.5,7.8,0.08,6.0,63,11.8,1,100,Heavy rain at times
1039008,2022-07-02 15:11:00,2022-07-02 16:15:00,HOPKINS CO.,MADISONVILLE,2.0,2.0,MADISONVILLE,37.3505,-87.5257,37.3095,-87.5257,2022,64.0,1.07,0,0,0,0,0,0,12.7,289.49,2022-07-02 10:33:24,2022-07-02 01:15:00,38.41,269.47,Waxing Crescent,7.56,21,"Developed, Open Space",129.829,13,JJA,-0.76,La Nina,0.3654704,0.2915417,0.37962496,0.34158334,75.4898,83.075,73.362495,80.255005,91.4,73.8,81.1,5.9,0.03,5.0,79,9.8,1,100,Moderate rain at times
1048041,2022-07-05 16:30:00,2022-07-05 17:30:00,CLAY CO.,TINKER,0.72,0.73,SIDELL,37.1893,-83.8242,37.1897,-83.8238,2022,60.0,1.0,0,0,15000,0,0,0,9.86,291.28,2022-07-05 10:20:36,2022-07-05 00:59:20,51.32,229.11,Waxing Crescent,29.23,21,"Developed, Open Space",292.362,5,JJA,-0.76,La Nina,0.30237666,0.3322917,0.30449995,0.285125,73.26009,79.759995,71.11624,78.443756,87.8,72.5,79.8,5.9,0.53,5.0,76,11.8,1,100,Moderate or heavy rain shower
1048025,2022-07-05 16:45:00,2022-07-05 17:30:00,MONTGOMERY CO.,PREWITT,1.6,1.6,MT STERLING,38.0265,-83.9509,38.0397,-83.9506,2022,45.0,0.75,0,0,0,0,0,0,10.25,291.07,2022-07-05 10:18:39,2022-07-05 01:02:17,50.84,228.16,Waxing Crescent,29.23,81,Pasture/Hay,292.563,0,JJA,-0.76,La Nina,0.2120267,0.2479167,0.21216665,0.19958334,72.13359,78.170006,70.073746,77.18375,87.9,71.6,79.6,8.3,0.46,6.0,70,12.4,1,100,Moderate or heavy rain shower
1048029,2022-07-05 18:03:00,2022-07-05 19:30:00,CLAY CO.,HERRON,0.66,0.72,HERRON,37.1522,-83.7884,37.1548,-83.7998,2022,87.0,1.45,0,0,0,0,0,0,9.82,291.31,2022-07-05 10:20:33,2022-07-05 00:59:05,51.33,229.19,Waxing Crescent,29.23,41,Deciduous Forest,266.527,0,JJA,-0.76,La Nina,0.30237666,0.3322917,0.30449995,0.285125,73.26009,79.759995,71.11624,78.443756,87.8,72.5,79.8,5.9,0.53,5.0,76,11.8,1,100,Moderate or heavy rain shower
1039032,2022-07-07 16:38:00,2022-07-07 17:50:00,MUHLENBERG CO.,DRAKESBORO,0.0,1.0,DRAKESBORO,37.22,-87.05,37.1995,-87.0757,2022,72.0,1.2,0,0,20000,0,0,0,12.21,289.29,2022-07-07 10:34:32,2022-07-07 01:11:54,49.43,186.27,First Quarter,49.14,41,Deciduous Forest,137.019,0,JJA,-0.76,La Nina,0.3506479,0.30391666,0.36241665,0.325875,75.95915,83.3675,73.49375,81.942505,94.1,75.5,83.2,6.5,0.27,5.0,70,7.4,1,100,Moderate or heavy rain shower
1043775,2022-07-08 14:45:00,2022-07-08 15:45:00,RUSSELL CO.,BIG OAK,1.96,1.83,BIG OAK,37.1028,-85.0401,37.105,-85.0381,2022,60.0,1.0,0,0,0,0,0,0,10.64,290.3,2022-07-08 10:27:24,2022-07-08 01:03:16,43.5,173.15,Waxing Gibbous,59.82,41,Deciduous Forest,283.144,0,JJA,-0.76,La Nina,0.31829917,0.41566667,0.30233335,0.34058332,74.14355,78.545006,72.38376,78.71001,89.9,69.7,78.5,7.7,0.54,5.0,75,7.6,1,100,Moderate or heavy rain shower
1039036,2022-07-08 23:29:00,2022-07-09 01:15:00,HOPKINS CO.,EARLINGTON,2.0,2.0,EARLINGTON,37.2411,-87.52,37.27,-87.5564,2022,106.0,1.77,0,0,4000,0,0,0,12.54,288.91,2022-07-08 10:36:56,2022-07-08 01:13:34,43.07,169.78,Waxing Gibbous,59.82,81,Pasture/Hay,141.053,0,JJA,-0.76,La Nina,0.36752293,0.34754166,0.3755,0.34683335,75.68979,81.33875,73.6625,80.7575,92.1,73.9,82.2,9.1,0.4,4.0,73,10.5,1,100,Moderate rain at times
1029508,2022-07-09 22:00:00,2022-07-10 00:00:00,BELL CO.,AMRU,0.68,0.6,AMRU,36.6569,-83.6588,36.6566,-83.6603,2022,120.0,2.0,0,0,0,0,0,0,9.42,291.02,2022-07-09 10:23:43,2022-07-09 00:56:13,36.38,161.22,Waxing Gibbous,70.38,41,Deciduous Forest,322.53,0,JJA,-0.76,La Nina,0.25378376,0.293375,0.25616667,0.23241661,73.48134,76.84474,72.11974,77.0285,82.0,68.8,73.7,4.3,0.16,5.0,95,3.0,1,100,Heavy rain at times
1029509,2022-07-09 22:00:00,2022-07-10 00:00:00,BELL CO.,AMRU,0.69,0.79,HUTCH,36.6456,-83.6388,36.6473,-83.6279,2022,120.0,2.0,0,0,0,0,0,0,9.4,291.03,2022-07-09 10:23:40,2022-07-09 00:56:06,36.4,161.24,Waxing Gibbous,70.38,81,Pasture/Hay,340.065,0,JJA,-0.76,La Nina,0.25378376,0.293375,0.25616667,0.23241661,73.247345,76.61075,71.88574,76.7945,82.0,68.8,73.7,4.3,0.16,5.0,95,3.0,1,100,Heavy rain at times
1040116,2022-07-17 19:30:00,2022-07-17 21:30:00,PIKE CO.,MOUTHCARD,0.42,0.39,MOUTHCARD,37.3821,-82.2571,37.3815,-82.2589,2022,120.0,2.0,0,0,0,0,0,0,8.14,290.63,2022-07-17 10:21:25,2022-07-17 00:49:13,-40.04,74.06,Waning Gibbous,85.27,23,"Developed, Medium Intensity",258.883,38,JJA,-0.76,La Nina,0.21134914,0.25079167,0.19316672,0.26054168,72.68023,77.3069,71.2244,76.129395,91.6,70.5,78.3,6.6,0.4,6.0,71,7.2,1,100,Moderate or heavy rain shower
1046294,2022-07-21 01:45:00,2022-07-21 03:45:00,BARREN CO.,GLASGOW MUNI ARPT,2.18,1.52,GLASGOW MUNI ARPT,36.999,-85.9424,37.0211,-85.924,2022,120.0,2.0,0,0,0,0,0,0,10.39,287.99,2022-07-21 10:40:07,2022-07-21 01:00:35,-42.58,2.04,Third Quarter,46.03,21,"Developed, Open Space",237.157,12,JJA,-0.76,La Nina,0.3519963,0.43324995,0.32862502,0.4050417,75.18171,80.89625,73.55001,78.87125,91.4,72.2,80.6,10.3,0.0,6.0,70,12.7,0,0,Cloudy
1046295,2022-07-21 02:11:00,2022-07-21 04:11:00,CUMBERLAND CO.,BURKESVILLE,0.94,0.18,DOUGAN TOWN,36.7912,-85.3794,36.8044,-85.3724,2022,120.0,2.0,0,0,0,0,0,0,9.9,288.34,2022-07-21 10:38:23,2022-07-21 00:57:48,-42.76,2.79,Third Quarter,46.03,41,Deciduous Forest,252.892,0,JJA,-0.76,La Nina,0.34956536,0.4514166,0.31266674,0.442125,74.65989,79.463745,73.25,77.8925,93.3,70.6,80.4,8.9,0.03,6.0,72,12.1,1,100,Patchy rain possible
1046296,2022-07-21 02:16:00,2022-07-21 04:16:00,CUMBERLAND CO.,BAKERTON,0.88,0.98,BAKERTON,36.86,-85.32,36.8563,-85.3298,2022,120.0,2.0,0,0,0,0,0,0,9.87,288.36,2022-07-21 10:37:58,2022-07-21 00:57:44,-42.69,2.87,Third Quarter,46.03,11,Open Water,164.68,0,JJA,-0.76,La Nina,0.34358874,0.43675002,0.31133327,0.42312494,74.553055,79.54625,73.11875,77.80626,93.3,70.6,80.4,8.9,0.03,6.0,72,12.1,1,100,Patchy rain possible
1041990,2022-07-26 09:55:00,2022-07-26 12:15:00,FLOYD CO.,BONANZA,0.5,0.66,BONANZA,37.6927,-82.87,37.6935,-82.8491,2022,140.0,2.33,0,0,0,0,0,0,7.73,288.78,2022-07-26 10:30:01,2022-07-26 00:46:23,-9.69,314.21,Waning Crescent,6.82,41,Deciduous Forest,256.549,0,JJA,-0.76,La Nina,0.2586942,0.39454165,0.22125001,0.34179163,72.971756,74.134995,72.30499,74.87,82.3,69.1,73.3,7.4,1.76,4.0,92,4.3,1,100,Moderate or heavy rain shower
1041991,2022-07-26 10:25:00,2022-07-26 14:30:00,PIKE CO.,BILL SIDING,0.78,0.82,BILL SIDING,37.5032,-82.0636,37.5028,-82.0675,2022,245.0,4.08,0,0,0,0,0,0,7.07,289.26,2022-07-26 10:27:15,2022-07-26 00:42:42,-10.27,314.75,Waning Crescent,6.82,41,Deciduous Forest,285.489,0,JJA,-0.76,La Nina,0.25886586,0.41058338,0.22050004,0.33983335,73.3094,75.18815,72.443146,75.65315,76.9,68.0,71.4,8.1,2.41,4.0,92,2.2,1,100,Moderate or heavy rain shower
1041992,2022-07-26 10:45:00,2022-07-26 12:15:00,PIKE CO.,MC COMBS,0.24,0.34,MC COMBS,37.6533,-82.5787,37.6547,-82.5797,2022,90.0,1.5,0,0,0,0,0,0,7.5,288.95,2022-07-26 10:28:57,2022-07-26 00:45:07,-9.88,314.41,Waning Crescent,6.82,81,Pasture/Hay,205.624,0,JJA,-0.76,La Nina,0.2648254,0.38941666,0.2322083,0.33512497,73.949265,75.115555,73.25179,75.951805,82.3,69.1,73.3,7.4,1.76,4.0,92,4.3,1,100,Moderate or heavy rain shower
1041993,2022-07-26 11:24:00,2022-07-26 13:00:00,MAGOFFIN CO.,CONLEY,2.91,2.95,FALCON,37.7878,-82.9464,37.7833,-82.9558,2022,96.0,1.6,0,0,0,0,0,0,7.81,288.72,2022-07-26 10:30:06,2022-07-26 00:46:55,-9.58,314.17,Waning Crescent,6.82,43,Mixed Forest,269.115,0,JJA,-0.76,La Nina,0.25596294,0.40079167,0.22162503,0.3254167,72.81038,74.0975,72.098755,74.82125,79.2,68.2,72.1,8.9,1.37,3.0,92,2.1,1,100,Moderate or heavy rain shower
1041994,2022-07-26 12:00:00,2022-07-26 13:00:00,FLOYD CO.,TRAM,0.55,0.22,TRAM,37.58,-82.66,37.5857,-82.6573,2022,60.0,1.0,0,0,0,0,0,0,7.53,288.91,2022-07-26 10:29:27,2022-07-26 00:45:16,-9.88,314.34,Waning Crescent,6.82,21,"Developed, Open Space",226.101,4,JJA,-0.76,La Nina,0.25734797,0.40616664,0.22816668,0.30779168,74.02896,75.794754,73.15851,76.42476,82.3,69.1,73.3,7.4,1.76,4.0,92,4.3,1,100,Moderate or heavy rain shower
1041997,2022-07-26 12:00:00,2022-07-26 13:00:00,PIKE CO.,GULNARE,0.91,0.82,GULNARE,37.629,-82.5334,37.6264,-82.5234,2022,60.0,1.0,0,0,0,0,0,0,7.46,288.98,2022-07-26 10:28:50,2022-07-26 00:44:53,-9.92,314.44,Waning Crescent,6.82,41,Deciduous Forest,242.132,0,JJA,-0.76,La Nina,0.2648254,0.38941666,0.2322083,0.33512497,73.89077,75.05705,73.1933,75.8933,81.7,69.1,73.6,8.7,1.69,2.0,92,2.4,1,100,Moderate or heavy rain shower
1041995,2022-07-26 12:00:00,2022-07-26 13:00:00,FLOYD CO.,THOMAS,0.54,0.65,THOMAS,37.6794,-82.5902,37.6841,-82.5995,2022,60.0,1.0,0,0,0,0,0,0,7.51,288.94,2022-07-26 10:28:56,2022-07-26 00:45:14,-9.85,314.4,Waning Crescent,6.82,41,Deciduous Forest,235.249,0,JJA,-0.76,La Nina,0.2648254,0.38941666,0.2322083,0.33512497,73.86736,75.033646,73.16989,75.869896,82.3,69.1,73.3,7.4,1.76,4.0,92,4.3,1,100,Moderate or heavy rain shower
1041999,2022-07-26 12:23:00,2022-07-26 13:00:00,MAGOFFIN CO.,ROYALTON,0.51,0.41,ROYALTON,37.6733,-83.024,37.6699,-83.0212,2022,37.0,0.62,0,0,0,0,0,0,7.83,288.69,2022-07-26 10:30:41,2022-07-26 00:46:57,-9.61,314.1,Waning Crescent,6.82,21,"Developed, Open Space",270.261,18,JJA,-0.76,La Nina,0.24868087,0.40533337,0.20824999,0.33508334,72.74082,73.89125,72.098755,74.558754,79.2,68.2,72.1,8.9,1.37,3.0,92,2.1,1,100,Moderate or heavy rain shower
1042000,2022-07-26 12:30:00,2022-07-26 14:30:00,FLOYD CO.,TRAM,1.37,1.51,IVEL,37.5993,-82.6447,37.6004,-82.6473,2022,120.0,2.0,0,0,0,0,0,0,7.53,288.92,2022-07-26 10:29:21,2022-07-26 00:45:15,-9.88,314.35,Waning Crescent,6.82,22,"Developed, Low Intensity",205.893,32,JJA,-0.76,La Nina,0.25734797,0.40616664,0.22816668,0.30779168,72.80045,74.56625,71.93,75.19625,82.3,69.1,73.3,7.4,1.76,4.0,92,4.3,1,100,Moderate or heavy rain shower
1042001,2022-07-26 13:01:00,2022-07-26 14:30:00,FLOYD CO.,ALVIN,1.16,0.96,ALVIN,37.6467,-82.7018,37.6394,-82.7055,2022,89.0,1.48,0,0,0,0,0,0,7.59,288.88,2022-07-26 10:29:27,2022-07-26 00:45:36,-9.81,314.32,Waning Crescent,6.82,41,Deciduous Forest,218.636,0,JJA,-0.76,La Nina,0.26818672,0.41004172,0.23066668,0.34954163,72.65101,73.96625,71.92625,74.697495,82.3,69.1,73.3,7.4,1.76,4.0,92,4.3,1,100,Moderate or heavy rain shower
1048103,2022-07-27 05:19:00,2022-07-27 05:19:00,PIKE CO.,EDGEWATER MINE,0.86,0.91,EDGEWATER MINE,37.2784,-82.4544,37.2799,-82.4556,2022,0.0,0.0,0,0,0,0,0,0,7.15,288.89,2022-07-27 10:30:09,2022-07-27 00:42:55,-1.73,306.28,New Moon,2.9,71,Grassland/Herbaceous,411.428,0,JJA,-0.76,La Nina,0.2307558,0.36633334,0.20100003,0.28758332,72.25985,75.338745,71.36001,74.31874,82.7,68.8,74.4,7.8,0.16,3.0,96,2.8,1,100,Moderate or heavy rain shower
1048101,2022-07-27 06:07:00,2022-07-27 08:00:00,PIKE CO.,WALES,0.59,0.59,WALES,37.3379,-82.6458,37.3418,-82.6508,2022,113.0,1.88,0,0,0,0,0,0,7.31,288.77,2022-07-27 10:30:47,2022-07-27 00:43:50,-1.62,306.17,New Moon,2.9,41,Deciduous Forest,411.132,0,JJA,-0.76,La Nina,0.24443917,0.3924167,0.2009167,0.34433338,72.7724,75.11375,72.07625,74.37875,83.4,68.9,75.0,8.7,0.33,4.0,96,4.0,1,100,Moderate or heavy rain shower
1049203,2022-07-27 20:26:00,2022-07-27 23:45:00,WOLFE CO.,BETHANY,0.32,1.84,CAMPTON,37.6498,-83.4741,37.7169,-83.5729,2022,199.0,3.32,0,0,0,0,0,0,8.03,288.26,2022-07-27 10:33:21,2022-07-27 00:47:53,-1.12,305.66,New Moon,2.9,41,Deciduous Forest,358.536,0,JJA,-0.76,La Nina,0.3682488,0.50337505,0.3190417,0.49191666,72.32361,74.795,71.55501,74.135,80.2,67.6,74.1,12.1,1.57,5.0,94,3.9,1,100,Moderate or heavy rain shower
1048131,2022-07-27 21:10:00,2022-07-28 06:00:00,BREATHITT CO.,KECK,0.32,0.72,NOCTOR,37.6042,-83.3676,37.5517,-83.33,2022,530.0,8.83,0,0,0,0,0,0,7.93,288.32,2022-07-27 10:33:02,2022-07-27 00:47:21,-1.19,305.72,New Moon,2.9,41,Deciduous Forest,385.239,0,JJA,-0.76,La Nina,0.25849792,0.41191673,0.21245831,0.3652083,72.82816,74.941246,72.173744,74.3675,80.2,67.6,74.1,12.1,1.57,5.0,94,3.9,1,100,Moderate or heavy rain shower
1048109,2022-07-27 21:15:00,2022-07-27 23:15:00,LEE CO.,OLD LNDG,2.3,2.38,OLD LNDG,37.6341,-83.7783,37.6358,-83.7806,2022,120.0,2.0,0,0,0,0,0,0,8.25,288.08,2022-07-27 10:34:37,2022-07-27 00:49:04,-0.99,305.47,New Moon,2.9,41,Deciduous Forest,249.632,0,JJA,-0.76,La Nina,0.28898126,0.42262498,0.24329166,0.40108335,73.14729,75.275,72.51125,74.618744,82.1,70.1,75.5,10.7,2.19,3.0,95,3.6,1,100,Moderate or heavy rain shower
1049118,2022-07-27 22:00:00,2022-07-28 06:15:00,FLOYD CO.,BRAINARD,2.43,2.34,BRAINARD,37.6901,-82.9364,37.6887,-82.9382,2022,495.0,8.25,0,0,0,0,0,0,7.64,288.56,2022-07-27 10:31:06,2022-07-27 00:45:50,-1.35,305.99,New Moon,2.9,41,Deciduous Forest,288.921,0,JJA,-0.76,La Nina,0.28181794,0.42054167,0.23191665,0.40666667,72.650635,74.51375,72.1175,73.8575,79.5,68.6,74.0,11.0,0.98,4.0,94,3.5,1,100,Moderate or heavy rain shower
1049081,2022-07-27 22:00:00,2022-07-28 06:00:00,BREATHITT CO.,ELKATAWA,1.08,1.31,CURT,37.5426,-83.4127,37.5251,-83.4114,2022,480.0,8.0,0,0,0,0,0,0,7.95,288.3,2022-07-27 10:33:22,2022-07-27 00:47:23,-1.2,305.69,New Moon,2.9,41,Deciduous Forest,263.239,0,JJA,-0.76,La Nina,0.25849792,0.41191673,0.21245831,0.3652083,72.82816,74.941246,72.173744,74.3675,80.2,67.6,74.1,12.1,1.57,5.0,94,3.9,1,100,Moderate or heavy rain shower
1049134,2022-07-27 22:00:00,2022-07-28 06:45:00,OWSLEY CO.,YALE,47.68,46.97,YALE,37.3745,-83.678,37.3422,-83.6951,2022,525.0,8.75,0,0,0,0,0,0,8.09,288.17,2022-07-27 10:34:50,2022-07-27 00:48:02,-1.15,305.53,New Moon,2.9,41,Deciduous Forest,262.098,0,JJA,-0.76,La Nina,0.23700418,0.40416667,0.18675004,0.3535833,73.45614,75.61625,72.72875,75.23,82.1,70.1,75.5,10.7,2.19,3.0,95,3.6,1,100,Moderate or heavy rain shower
1048110,2022-07-27 22:30:00,2022-07-28 00:30:00,ESTILL CO.,IRVINE,0.19,0.09,IRVINE,37.7005,-83.9734,37.7009,-83.9726,2022,120.0,2.0,0,0,0,0,0,0,8.41,287.96,2022-07-27 10:35:14,2022-07-27 00:50:00,-0.87,305.35,New Moon,2.9,24,"Developed, High Intensity",209.083,81,JJA,-0.76,La Nina,0.23614626,0.40837505,0.19445835,0.3216667,73.79683,76.0025,73.10749,75.425,81.8,68.2,74.5,10.3,1.81,3.0,96,3.1,1,100,Moderate or heavy rain shower
1049130,2022-07-27 22:55:00,2022-07-28 06:45:00,BREATHITT CO.,LAMBRIC,3.66,0.71,NED,37.5208,-83.1052,37.3952,-83.2678,2022,470.0,7.83,10,0,0,0,0,1,7.71,288.48,2022-07-27 10:32:11,2022-07-27 00:46:06,-1.35,305.88,New Moon,2.9,41,Deciduous Forest,355.041,0,JJA,-0.76,La Nina,0.26131836,0.4180833,0.20662504,0.39658332,72.33665,74.28875,71.761246,73.658745,80.2,67.6,74.1,12.1,1.57,5.0,94,4.0,1,100,Moderate or heavy rain shower
1049192,2022-07-27 23:00:00,2022-07-28 07:15:00,KNOTT CO.,FISTY,1.83,0.25,BEARVILLE,37.3533,-83.116,37.3694,-83.0925,2022,495.0,8.25,16,0,0,0,0,0,7.67,288.5,2022-07-27 10:32:38,2022-07-27 00:45:45,-1.41,305.87,New Moon,2.9,41,Deciduous Forest,355.982,0,JJA,-0.76,La Nina,0.2427175,0.405375,0.19445835,0.35395837,72.57471,74.76125,71.87749,74.23625,85.6,70.4,76.5,9.6,0.48,3.0,95,3.3,1,100,Moderate or heavy rain shower
1049145,2022-07-27 23:00:00,2022-07-28 07:15:00,PERRY CO.,SAUL,2.18,2.49,MANUEL,37.2949,-83.4758,37.339,-83.2626,2022,495.0,8.25,1,0,0,0,0,0,7.92,288.3,2022-07-27 10:34:12,2022-07-27 00:47:03,-1.27,305.65,New Moon,2.9,43,Mixed Forest,394.551,0,JJA,-0.76,La Nina,0.23537542,0.37741664,0.20199998,0.30245832,73.35507,75.91625,72.51875,75.36875,85.6,70.4,76.5,9.6,0.48,3.0,95,3.3,1,100,Moderate or heavy rain shower
1049184,2022-07-27 23:00:00,2022-07-28 07:15:00,PERRY CO.,TUB,1.21,0.76,YERKES,37.3177,-83.1543,37.2794,-83.3481,2022,495.0,8.25,0,0,0,0,0,0,7.69,288.48,2022-07-27 10:32:52,2022-07-27 00:45:49,-1.41,305.85,New Moon,2.9,41,Deciduous Forest,327.984,0,JJA,-0.76,La Nina,0.22899085,0.3868333,0.1961667,0.28891665,73.04938,75.305,72.30125,74.8625,85.6,70.4,76.5,9.6,0.48,3.0,95,3.3,1,100,Moderate or heavy rain shower
1048111,2022-07-27 23:12:00,2022-07-28 01:15:00,OWSLEY CO.,EVERSOLE,0.6,0.7,COWCREEK,37.4468,-83.6398,37.459,-83.6327,2022,123.0,2.05,0,0,0,0,0,0,8.09,288.19,2022-07-27 10:34:30,2022-07-27 00:48:04,-1.13,305.55,New Moon,2.9,41,Deciduous Forest,265.828,0,JJA,-0.76,La Nina,0.3402771,0.50058335,0.28604174,0.47279167,73.46206,75.93875,72.63124,75.485,82.1,70.1,75.5,10.7,2.19,3.0,95,3.6,1,100,Moderate or heavy rain shower
1049108,2022-07-27 23:17:00,2022-07-28 06:15:00,MAGOFFIN CO.,LICKSBURG,1.18,1.86,IVYTON,37.8115,-83.0959,37.7176,-82.9521,2022,418.0,6.97,0,0,0,0,0,0,7.8,288.45,2022-07-27 10:31:27,2022-07-27 00:46:45,-1.23,305.9,New Moon,2.9,41,Deciduous Forest,299.282,0,JJA,-0.76,La Nina,0.2770675,0.41987503,0.22350001,0.413125,72.33511,74.28124,71.776245,73.6025,79.5,68.6,74.0,11.0,0.98,4.0,94,3.5,1,100,Moderate or heavy rain shower
1049197,2022-07-28 01:00:00,2022-07-28 06:30:00,LETCHER CO.,DAY,2.53,0.4,PARTRIDGE,37.0588,-82.8737,36.9936,-82.8343,2022,330.0,5.5,3,0,0,0,0,0,7.26,288.49,2022-07-28 10:33:09,2022-07-28 00:43:15,4.73,297.82,New Moon,0.68,41,Deciduous Forest,561.042,0,JJA,-0.76,La Nina,0.22308664,0.2967917,0.21012501,0.24295837,72.68532,77.6,71.318756,75.7325,84.9,69.8,77.1,8.9,0.2,6.0,88,4.5,1,100,Heavy rain at times
1049202,2022-07-28 02:00:00,2022-07-28 08:00:00,PIKE CO.,ELK HORN CITY,2.15,1.4,SHELBY GAP,37.2739,-82.3712,37.2057,-82.5755,2022,360.0,6.0,0,0,0,0,0,0,6.95,288.76,2022-07-28 10:30:38,2022-07-28 00:41:45,4.49,298.09,New Moon,0.68,41,Deciduous Forest,632.918,0,JJA,-0.76,La Nina,0.23094916,0.34541667,0.19375002,0.32033333,72.544174,76.805,71.348755,75.222496,84.3,67.3,75.1,8.7,0.07,5.0,89,4.9,1,100,Heavy rain at times
1049115,2022-07-28 02:00:00,2022-07-28 06:45:00,FLOYD CO.,GUNLOCK,9.96,9.98,GUNLOCK,37.4436,-82.8076,37.4435,-82.8058,2022,285.0,4.75,0,0,35000,0,0,0,7.33,288.48,2022-07-28 10:32:00,2022-07-28 00:43:53,4.86,297.82,New Moon,0.68,23,"Developed, Medium Intensity",218.861,60,JJA,-0.76,La Nina,0.25002834,0.37220827,0.2053333,0.36254165,74.93649,78.75485,73.90986,77.1836,86.0,69.1,76.5,8.5,0.66,6.0,87,3.8,1,100,Heavy rain at times
1046304,2022-07-28 02:15:00,2022-07-28 04:15:00,LINCOLN CO.,PREACHERSVILLE,3.24,1.5,CRAB ORCHARD,37.524,-84.4713,37.4704,-84.4259,2022,120.0,2.0,0,0,0,0,0,0,8.59,287.52,2022-07-28 10:38:28,2022-07-28 00:50:44,6.05,296.87,New Moon,0.68,41,Deciduous Forest,357.795,0,JJA,-0.76,La Nina,0.2566304,0.39666668,0.20862502,0.37454164,73.84081,76.44125,72.98375,75.9125,87.1,69.6,76.2,11.0,0.52,4.0,87,4.0,1,100,Moderate or heavy rain shower
1049154,2022-07-28 02:30:00,2022-07-28 07:15:00,PERRY CO.,MANUEL,2.38,0.97,ENGLE,37.3386,-83.2591,37.4011,-83.2705,2022,285.0,4.75,6,0,0,0,0,0,7.63,288.24,2022-07-28 10:34:03,2022-07-28 00:45:27,5.13,297.57,New Moon,0.68,41,Deciduous Forest,369.548,0,JJA,-0.76,La Nina,0.24488795,0.38316667,0.19520831,0.36912504,73.62747,77.29251,72.619995,75.86,85.3,69.6,77.1,9.6,0.62,5.0,90,3.7,1,100,Moderate or heavy rain shower
1049189,2022-07-28 03:00:00,2022-07-28 07:15:00,CLAY CO.,LITTLETON,1.02,1.17,HECTOR,37.1631,-83.7335,37.1756,-83.6663,2022,255.0,4.25,3,0,0,0,0,0,7.93,287.99,2022-07-28 10:36:21,2022-07-28 00:46:56,5.38,297.32,New Moon,0.68,41,Deciduous Forest,445.358,0,JJA,-0.76,La Nina,0.23983707,0.34508336,0.21799995,0.279625,73.725006,77.55125,72.70625,75.942505,87.3,68.6,77.1,9.4,0.63,4.0,84,4.5,1,100,Heavy rain at times
1049413,2022-07-29 01:00:00,2022-07-29 03:30:00,MARTIN CO.,INEZ,0.23,0.52,INEZ,37.8666,-82.5298,37.8677,-82.5286,2022,150.0,2.5,0,0,0,0,0,0,7.11,288.41,2022-07-29 10:30:43,2022-07-29 00:42:54,11.78,289.27,New Moon,0.24,23,"Developed, Medium Intensity",194.996,74,JJA,-0.76,La Nina,0.3165821,0.40433332,0.2834166,0.40104166,72.10595,74.43875,71.3825,73.80875,80.2,69.2,73.5,7.2,0.11,3.0,88,2.9,1,100,Patchy rain possible
1049385,2022-07-29 10:55:00,2022-07-29 12:50:00,BELL CO.,CALLAWAY,0.13,0.24,CALLAWAY,36.7819,-83.5695,36.7777,-83.5697,2022,115.0,1.92,0,0,0,0,0,0,7.55,287.94,2022-07-29 10:37:22,2022-07-29 00:44:34,12.21,288.93,New Moon,0.24,41,Deciduous Forest,347.921,0,JJA,-0.76,La Nina,0.23279713,0.31058332,0.22300003,0.2404583,73.95613,75.6812,73.1912,76.00371,80.4,68.9,73.8,8.3,0.19,3.0,87,2.4,1,100,Moderate or heavy rain shower
1049408,2022-07-29 11:47:00,2022-07-29 12:50:00,HARLAN CO.,THREE PT,0.62,0.89,THREE PT,36.7611,-83.2706,36.7685,-83.2687,2022,63.0,1.05,0,0,0,0,0,0,7.32,288.12,2022-07-29 10:36:13,2022-07-29 00:43:19,11.98,289.1,New Moon,0.24,41,Deciduous Forest,533.677,0,JJA,-0.76,La Nina,0.25530463,0.31633332,0.25199997,0.24629165,71.253235,73.50875,70.33999,73.6325,78.8,68.1,73.2,7.6,0.23,4.0,88,2.7,1,100,Heavy rain at times
1049400,2022-07-29 12:13:00,2022-07-29 14:15:00,BELL CO.,JAYEM,0.97,1.4,JAYEM,36.7075,-83.6623,36.7132,-83.6634,2022,122.0,2.03,0,0,0,0,0,0,7.6,287.9,2022-07-29 10:37:54,2022-07-29 00:44:46,12.25,288.9,New Moon,0.24,43,Mixed Forest,345.337,0,JJA,-0.76,La Nina,0.24126667,0.32779166,0.22399999,0.27162495,72.375496,74.1575,71.57751,74.5175,80.4,68.9,73.8,8.3,0.19,3.0,87,2.4,1,100,Moderate or heavy rain shower
1039741,2022-07-31 11:00:00,2022-07-31 14:00:00,BOYD CO.,MEADS,2.46,0.59,WINSLOW,38.4227,-82.7453,38.4411,-82.6651,2022,180.0,3.0,0,0,500,0,0,0,7.14,287.85,2022-07-31 10:31:59,2022-07-31 00:43:13,24.67,269.24,Waxing Crescent,4.93,22,"Developed, Low Intensity",195.654,36,JJA,-0.76,La Nina,0.35033002,0.45250002,0.32800004,0.39283335,71.195076,70.51625,71.041245,71.94875,73.0,65.1,67.9,4.7,0.49,5.0,85,5.7,1,100,Moderate or heavy rain shower
1039743,2022-07-31 11:15:00,2022-07-31 13:15:00,BOYD CO.,KILGORE,0.37,0.2,RUSH,38.3447,-82.781,38.3337,-82.7821,2022,120.0,2.0,0,0,200,0,0,0,7.14,287.84,2022-07-31 10:32:19,2022-07-31 00:43:11,24.7,269.25,Waxing Crescent,4.93,81,Pasture/Hay,193.125,0,JJA,-0.76,La Nina,0.37937084,0.47645834,0.3476667,0.4557083,70.98001,70.463745,70.87999,71.494995,73.0,64.6,68.3,4.7,0.74,3.0,87,5.1,1,100,Moderate or heavy rain shower
1041047,2022-07-31 13:45:00,2022-07-31 17:30:00,PIKE CO.,MOSSY BOTTOM,0.69,0.75,MOSSY BOTTOM,37.5351,-82.5691,37.5343,-82.5677,2022,225.0,3.75,0,0,0,0,0,0,6.74,288.05,2022-07-31 10:33:18,2022-07-31 00:40:29,24.53,269.77,Waxing Crescent,4.93,23,"Developed, Medium Intensity",203.907,0,JJA,-0.76,La Nina,0.28836045,0.39666665,0.24870835,0.3882084,71.85417,71.75,71.70875,72.3875,75.3,67.6,70.5,4.7,1.73,3.0,84,4.1,1,100,Moderate or heavy rain shower
1041046,2022-07-31 13:45:00,2022-07-31 17:30:00,PIKE CO.,RACCOON,0.69,0.49,RACCOON,37.51,-82.45,37.5107,-82.4465,2022,225.0,3.75,0,0,0,0,0,0,6.64,288.13,2022-07-31 10:32:53,2022-07-31 00:39:57,24.44,269.85,Waxing Crescent,4.93,41,Deciduous Forest,248.671,0,JJA,-0.76,La Nina,0.28794006,0.39349997,0.25262505,0.3738334,71.493576,71.54375,71.31875,72.07625,75.3,67.6,70.5,4.7,1.73,3.0,84,4.1,1,100,Moderate or heavy rain shower
1041041,2022-07-31 14:15:00,2022-07-31 15:15:00,WHITLEY CO.,SAXTON,0.3,0.26,SAXTON,36.6343,-84.1191,36.6327,-84.126,2022,60.0,1.0,0,0,0,0,0,0,7.63,287.27,2022-07-31 10:41:30,2022-07-31 00:44:41,25.79,269.27,Waxing Crescent,4.93,41,Deciduous Forest,315.364,0,JJA,-0.76,La Nina,0.24553291,0.33816662,0.22599997,0.28162494,73.33074,73.8875,72.942505,74.47625,76.6,69.0,72.5,5.9,0.97,5.0,93,5.6,1,100,Moderate or heavy rain shower
1041043,2022-07-31 14:15:00,2022-07-31 15:15:00,WHITLEY CO.,SAXTON,0.31,0.24,SAXTON,36.6345,-84.1192,36.6359,-84.1165,2022,60.0,1.0,0,0,0,0,0,0,7.63,287.27,2022-07-31 10:41:30,2022-07-31 00:44:41,25.79,269.27,Waxing Crescent,4.93,22,"Developed, Low Intensity",315.439,31,JJA,-0.76,La Nina,0.24553291,0.33816662,0.22599997,0.28162494,73.33074,73.8875,72.942505,74.47625,76.6,69.0,72.5,5.9,0.97,5.0,93,5.6,1,100,Moderate or heavy rain shower
1041042,2022-07-31 14:15:00,2022-07-31 15:15:00,WHITLEY CO.,BURK HOLLOW,0.78,0.8,BURK HOLLOW,36.6054,-84.1077,36.6065,-84.1054,2022,60.0,1.0,0,0,0,0,0,0,7.61,287.28,2022-07-31 10:41:31,2022-07-31 00:44:34,25.78,269.29,Waxing Crescent,4.93,22,"Developed, Low Intensity",296.064,34,JJA,-0.76,La Nina,0.24381335,0.34233332,0.21600004,0.30633336,74.32236,75.0815,73.9265,75.4265,76.6,69.0,72.5,5.9,0.97,5.0,93,5.6,1,100,Moderate or heavy rain shower
1041044,2022-07-31 14:48:00,2022-07-31 15:15:00,WHITLEY CO.,MOUNTAIN ASH,1.82,1.93,MOUNTAIN ASH,36.6587,-84.1611,36.6555,-84.1589,2022,27.0,0.45,0,0,10000,0,0,0,7.67,287.24,2022-07-31 10:41:37,2022-07-31 00:44:54,25.82,269.23,Waxing Crescent,4.93,81,Pasture/Hay,287.964,0,JJA,-0.76,La Nina,0.24553291,0.33816662,0.22599997,0.28162494,73.33074,73.8875,72.942505,74.47625,76.6,69.0,72.5,5.9,0.97,5.0,93,5.6,1,100,Moderate or heavy rain shower
1041045,2022-07-31 14:48:00,2022-07-31 15:15:00,WHITLEY CO.,BURK HOLLOW,1.06,0.97,KENSEE,36.6148,-84.125,36.6157,-84.1314,2022,27.0,0.45,0,0,20000,0,0,0,7.63,287.27,2022-07-31 10:41:34,2022-07-31 00:44:40,25.79,269.28,Waxing Crescent,4.93,21,"Developed, Open Space",298.994,0,JJA,-0.76,La Nina,0.24381335,0.34233332,0.21600004,0.30633336,74.12345,74.8826,73.72759,75.2276,76.6,69.0,72.5,5.9,0.97,5.0,93,5.6,1,100,Moderate or heavy rain shower
1041048,2022-07-31 15:45:00,2022-07-31 17:30:00,PIKE CO.,BELFRY,0.16,0.21,BELFRY,37.6223,-82.2694,37.6216,-82.2683,2022,105.0,1.75,0,0,0,0,0,0,6.54,288.22,2022-07-31 10:31:54,2022-07-31 00:39:29,24.3,269.91,Waxing Crescent,4.93,23,"Developed, Medium Intensity",214.412,76,JJA,-0.76,La Nina,0.3237617,0.39291668,0.29925,0.38475,71.08231,71.277504,70.87624,71.723755,72.9,65.8,68.2,5.9,0.86,4.0,82,4.2,1,100,Moderate or heavy rain shower
1041049,2022-07-31 19:30:00,2022-07-31 21:00:00,BELL CO.,DORTON BRANCH,0.22,0.3,DORTON BRANCH,36.7727,-83.6678,36.7718,-83.6639,2022,90.0,1.5,0,0,0,0,0,0,7.33,287.51,2022-07-31 10:39:23,2022-07-31 00:43:11,25.42,269.47,Waxing Crescent,4.93,22,"Developed, Low Intensity",310.592,25,JJA,-0.76,La Nina,0.23829709,0.31883335,0.22499995,0.2570417,73.933365,74.62356,73.49105,75.2198,74.8,68.2,71.6,6.1,1.31,5.0,93,3.2,1,100,Moderate or heavy rain shower
1040712,2022-08-01 05:42:00,2022-08-01 07:45:00,LETCHER CO.,NEON,1.07,1.09,NEON,37.1904,-82.7143,37.1909,-82.7135,2022,123.0,2.05,0,0,15000,0,0,0,6.58,287.82,2022-08-01 10:35:29,2022-08-01 00:39:22,30.07,258.39,Waxing Crescent,10.01,23,"Developed, Medium Intensity",389.925,60,JAS,-0.87,La Nina,0.23474376,0.3475,0.2097917,0.28270838,72.372986,74.20325,72.00575,73.022,80.2,66.9,71.7,9.4,0.31,4.0,94,3.1,1,100,Moderate or heavy rain shower
1040718,2022-08-01 06:37:00,2022-08-01 08:30:00,KNOTT CO.,BEARVILLE,0.85,0.82,BEARVILLE,37.3702,-83.0546,37.3704,-83.0537,2022,113.0,1.88,0,0,0,0,0,0,6.89,287.6,2022-08-01 10:36:27,2022-08-01 00:41:08,30.3,258.04,Waxing Crescent,10.01,21,"Developed, Open Space",333.565,38,JAS,-0.87,La Nina,0.25508544,0.38904166,0.20895834,0.36858335,71.5766,73.625,71.19125,72.215004,82.7,67.6,73.9,9.2,0.17,4.0,95,3.4,1,100,Moderate or heavy rain shower
1040733,2022-08-01 07:00:00,2022-08-01 08:30:00,KNOTT CO.,HINDMAN,1.07,1.03,HINDMAN,37.3435,-82.9706,37.3289,-82.9853,2022,90.0,1.5,0,0,0,0,0,0,6.82,287.65,2022-08-01 10:36:10,2022-08-01 00:40:44,30.24,258.12,Waxing Crescent,10.01,41,Deciduous Forest,345.123,0,JAS,-0.87,La Nina,0.23880835,0.35558334,0.20316668,0.32208332,71.419365,73.572495,71.00749,72.113754,82.7,67.6,73.9,9.2,0.17,4.0,95,3.4,1,100,Moderate or heavy rain shower
1040708,2022-08-01 07:22:00,2022-08-01 10:00:00,KNOTT CO.,HINDMAN,1.53,1.44,HINDMAN,37.3404,-83.0046,37.3426,-83.0024,2022,158.0,2.63,0,0,2000,2000,0,0,6.84,287.63,2022-08-01 10:36:19,2022-08-01 00:40:52,30.27,258.09,Waxing Crescent,10.01,21,"Developed, Open Space",312.19,5,JAS,-0.87,La Nina,0.23880835,0.35558334,0.20316668,0.32208332,72.636154,74.78931,72.2243,73.33054,82.7,67.6,73.9,9.2,0.17,4.0,95,3.4,1,100,Moderate or heavy rain shower
1040734,2022-08-01 07:56:00,2022-08-01 09:15:00,FLOYD CO.,BONANZA,0.49,0.52,CLIFF,37.6929,-82.8705,37.6911,-82.7931,2022,79.0,1.32,0,0,0,0,0,0,6.85,287.67,2022-08-01 10:35:00,2022-08-01 00:41:06,30.09,257.98,Waxing Crescent,10.01,41,Deciduous Forest,288.991,0,JAS,-0.87,La Nina,0.29181883,0.399125,0.25245836,0.39099994,71.89066,74.431244,71.42,72.6575,83.9,67.9,74.9,10.7,0.3,5.0,91,2.5,1,100,Patchy rain possible
1040736,2022-08-01 09:00:00,2022-08-01 11:15:00,FLOYD CO.,DOTSON,0.22,0.24,DOTSON,37.6478,-82.873,37.6477,-82.8728,2022,135.0,2.25,0,0,25000,0,0,0,6.84,287.67,2022-08-01 10:35:06,2022-08-01 00:41:01,30.1,258.01,Waxing Crescent,10.01,21,"Developed, Open Space",200.713,17,JAS,-0.87,La Nina,0.2893454,0.39779165,0.25099996,0.38466668,73.27002,75.71195,72.816956,74.00945,83.9,67.9,74.9,10.7,0.3,5.0,91,2.5,1,100,Patchy rain possible
1040740,2022-08-01 09:35:00,2022-08-01 11:00:00,PIKE CO.,SHOCK,3.61,3.54,CANADA,37.5585,-82.3643,37.6136,-82.3457,2022,85.0,1.42,0,0,200000,0,0,0,6.43,287.98,2022-08-01 10:33:16,2022-08-01 00:38:47,29.72,258.42,Waxing Crescent,10.01,41,Deciduous Forest,368.738,0,JAS,-0.87,La Nina,0.33477378,0.415,0.3028333,0.4175417,71.12652,73.369995,70.685005,71.8925,83.7,67.5,74.3,10.3,0.39,4.0,93,2.2,1,100,Patchy rain possible
1049299,2022-08-05 00:39:00,2022-08-05 06:00:00,MUHLENBERG CO.,CENTRAL CITY,1.49,0.89,CENTRAL CITY,37.2959,-87.1033,37.2795,-87.1043,2022,321.0,5.35,0,0,150000,0,0,0,9.25,284.48,2022-08-05 10:56:09,2022-08-05 00:53:12,37.97,194.59,First Quarter,45.07,81,Pasture/Hay,151.564,0,JAS,-0.87,La Nina,0.27004504,0.39450002,0.243375,0.31999993,77.24229,77.78375,76.895004,78.2525,85.4,69.4,76.9,8.5,1.26,4.0,79,5.1,1,100,Moderate or heavy rain shower
1049301,2022-08-05 02:12:00,2022-08-05 06:00:00,HOPKINS CO.,OAK HILL,1.17,1.83,OAK HILL,37.2288,-87.4518,37.2143,-87.4416,2022,228.0,3.8,0,0,0,0,0,0,9.5,284.29,2022-08-05 10:57:41,2022-08-05 00:54:27,38.1,194.18,First Quarter,45.07,41,Deciduous Forest,136.965,0,JAS,-0.87,La Nina,0.3746384,0.48245832,0.34787503,0.4304583,75.37926,76.91375,74.84374,76.70374,86.5,70.3,77.2,8.9,1.23,4.0,80,5.4,1,100,Moderate or heavy rain shower
1053145,2022-08-06 07:22:00,2022-08-06 09:00:00,POWELL CO.,WALTERSVILLE,0.67,0.63,WALTERSVILLE,37.8646,-83.9401,37.8607,-83.9396,2022,98.0,1.63,0,0,0,0,0,0,6.83,286.04,2022-08-06 10:43:10,2022-08-06 00:40:40,33.28,183.09,Waxing Gibbous,56.07,22,"Developed, Low Intensity",196.299,21,JAS,-0.87,La Nina,0.25459877,0.40625,0.20825003,0.36295828,73.324936,75.15125,72.63874,75.06875,86.2,68.0,74.9,7.6,1.21,4.0,82,5.3,1,100,Moderate or heavy rain shower
1053149,2022-08-06 07:42:00,2022-08-06 12:00:00,ESTILL CO.,JINKS,1.03,0.56,JINKS,37.5961,-84.0482,37.5988,-84.0494,2022,258.0,4.3,0,0,0,0,0,0,6.84,286.0,2022-08-06 10:44:09,2022-08-06 00:40:33,33.56,182.98,Waxing Gibbous,56.07,81,Pasture/Hay,205.13,0,JAS,-0.87,La Nina,0.2509754,0.38766667,0.21199994,0.33904162,74.99807,77.117455,74.27121,76.78371,84.0,68.4,74.3,7.4,1.43,4.0,83,6.9,1,100,Moderate or heavy rain shower
1053147,2022-08-06 08:00:00,2022-08-06 12:00:00,JACKSON CO.,MC KEE,0.35,0.3,MC KEE,37.431,-83.9938,37.431,-83.9921,2022,240.0,4.0,0,0,0,0,0,0,6.75,286.05,2022-08-06 10:44:16,2022-08-06 00:40:00,33.72,183.05,Waxing Gibbous,56.07,23,"Developed, Medium Intensity",317.149,57,JAS,-0.87,La Nina,0.25240794,0.36029172,0.22033334,0.32641667,72.68345,74.97124,71.96001,74.401245,84.0,68.4,74.3,7.4,1.43,4.0,83,6.9,1,100,Moderate or heavy rain shower
1053150,2022-08-06 08:48:00,2022-08-06 13:00:00,ESTILL CO.,SHADE,0.56,1.46,TEXOLA,37.6423,-83.8668,37.6484,-83.8775,2022,252.0,4.2,0,0,0,0,0,0,6.71,286.1,2022-08-06 10:43:20,2022-08-06 00:39:55,33.5,183.19,Waxing Gibbous,56.07,81,Pasture/Hay,189.276,0,JAS,-0.87,La Nina,0.24973504,0.38900003,0.21429169,0.32483336,74.56265,76.46435,73.85811,76.344345,84.0,68.4,74.3,7.4,1.43,4.0,83,6.9,1,100,Moderate or heavy rain shower
1053148,2022-08-06 10:15:00,2022-08-06 13:00:00,JACKSON CO.,BRADSHAW,0.3,0.47,MC KEE,37.4257,-83.9706,37.4236,-84.0134,2022,165.0,2.75,0,0,0,0,0,0,6.73,286.07,2022-08-06 10:44:11,2022-08-06 00:39:53,33.72,183.07,Waxing Gibbous,56.07,41,Deciduous Forest,420.012,0,JAS,-0.87,La Nina,0.25240794,0.36029172,0.22033334,0.32641667,72.68345,74.97124,71.96001,74.401245,85.1,67.3,75.2,6.7,1.39,6.0,81,6.7,1,100,Moderate or heavy rain shower
1053143,2022-08-06 10:50:00,2022-08-06 14:15:00,ROCKCASTLE CO.,HUMMEL,1.56,1.3,HUMMEL,37.388,-84.2942,37.3889,-84.2945,2022,205.0,3.42,0,0,0,0,0,0,6.97,285.88,2022-08-06 10:45:33,2022-08-06 00:41:06,33.77,182.7,Waxing Gibbous,56.07,21,"Developed, Open Space",275.663,0,JAS,-0.87,La Nina,0.35793588,0.46383336,0.3232916,0.44141677,72.64487,75.35375,71.77626,74.72,83.8,69.6,75.6,8.1,0.56,5.0,84,5.3,1,100,Moderate or heavy rain shower
1053144,2022-08-06 11:00:00,2022-08-06 13:00:00,ROCKCASTLE CO.,CONWAY,0.29,0.55,CONWAY,37.4661,-84.332,37.4673,-84.3325,2022,120.0,2.0,0,0,0,0,0,0,7.02,285.85,2022-08-06 10:45:33,2022-08-06 00:41:25,33.7,182.66,Waxing Gibbous,56.07,81,Pasture/Hay,294.513,0,JAS,-0.87,La Nina,0.26578584,0.3918333,0.22554171,0.36174998,73.33213,75.545,72.63124,74.997505,83.3,70.3,75.8,8.1,1.05,5.0,86,6.0,1,100,Moderate or heavy rain shower
1053146,2022-08-06 11:30:00,2022-08-06 13:00:00,LAUREL CO.,HAZEL PATCH,0.13,0.13,HAZEL PATCH,37.2283,-84.1994,37.2293,-84.2005,2022,90.0,1.5,0,0,0,0,0,0,6.85,285.96,2022-08-06 10:45:30,2022-08-06 00:40:24,33.93,182.82,Waxing Gibbous,56.07,22,"Developed, Low Intensity",282.99,21,JAS,-0.87,La Nina,0.27365997,0.38575006,0.24329168,0.34041664,73.1233,75.49625,72.33499,75.035,83.8,69.6,75.6,8.1,0.56,5.0,84,5.4,1,100,Moderate or heavy rain shower
1046446,2022-08-06 11:38:00,2022-08-06 13:20:00,RUSSELL CO.,ELI,0.53,0.46,ELI,37.0453,-84.9624,37.0383,-84.9574,2022,102.0,1.7,0,0,0,0,0,0,7.38,285.54,2022-08-06 10:48:55,2022-08-06 00:43:05,34.14,181.94,Waxing Gibbous,56.07,21,"Developed, Open Space",312.284,14,JAS,-0.87,La Nina,0.36630628,0.46737507,0.33799994,0.4296666,73.65444,76.65874,72.69501,75.942505,83.7,69.9,76.1,8.1,0.58,6.0,83,5.4,1,100,Moderate or heavy rain shower
1046445,2022-08-06 12:12:00,2022-08-06 14:12:00,WOODFORD CO.,VERSAILLES,0.54,0.57,VERSAILLES,38.05,-84.74,38.063,-84.7302,2022,120.0,2.0,0,0,0,0,0,0,7.48,285.54,2022-08-06 10:45:59,2022-08-06 00:44:15,33.12,182.17,Waxing Gibbous,56.07,22,"Developed, Low Intensity",275.748,41,JAS,-0.87,La Nina,0.28254628,0.403875,0.2455833,0.3688334,73.39078,75.43625,72.83375,74.61875,85.5,70.7,76.3,8.1,1.35,6.0,81,5.5,1,100,Moderate or heavy rain shower
1046447,2022-08-06 13:50:00,2022-08-06 15:30:00,ANDERSON CO.,TYRONE,2.14,2.29,LAWRENCEBURG,38.01,-84.86,38.0089,-84.8657,2022,100.0,1.67,0,0,0,0,0,0,7.56,285.48,2022-08-06 10:46:33,2022-08-06 00:44:39,33.17,182.03,Waxing Gibbous,56.07,81,Pasture/Hay,217.58,0,JAS,-0.87,La Nina,0.25958422,0.3874167,0.2243333,0.3378334,73.546776,75.65749,72.96875,74.825,84.1,70.3,76.1,8.3,0.7,6.0,84,6.0,1,100,Moderate or heavy rain shower
1046452,2022-08-10 12:40:00,2022-08-10 14:40:00,FRANKLIN CO.,FRANKFORT,1.44,1.47,CHOATEVILLE,38.2181,-84.8629,38.218,-84.8719,2022,120.0,2.0,0,0,0,0,0,0,6.83,284.63,2022-08-10 10:49:38,2022-08-10 00:40:33,5.39,131.12,Waxing Gibbous,93.57,23,"Developed, Medium Intensity",154.561,79,JAS,-0.87,La Nina,0.23760207,0.3992084,0.19141664,0.34208336,74.01515,75.48125,73.23499,76.20125,83.5,70.0,74.5,5.1,0.57,4.0,90,5.2,1,100,Moderate or heavy rain shower
1046055,2022-08-10 15:40:00,2022-08-10 17:00:00,ROCKCASTLE CO.,JOHNETTA,2.3,2.24,HUMMEL,37.43,-84.24,37.4265,-84.2456,2022,80.0,1.33,0,0,2000,0,0,0,6.17,285.08,2022-08-10 10:48:38,2022-08-10 00:36:34,6.27,131.47,Waxing Gibbous,93.57,21,"Developed, Open Space",302.282,4,JAS,-0.87,La Nina,0.25723544,0.3767917,0.22983335,0.31133336,73.260506,75.47,72.41001,75.439995,82.0,68.4,74.3,8.9,0.38,4.0,91,4.5,1,100,Moderate or heavy rain shower
1046054,2022-08-10 16:10:00,2022-08-10 18:30:00,ROCKCASTLE CO.,MT VERNON,0.8,0.82,MT VERNON,37.351,-84.3355,37.3533,-84.3399,2022,140.0,2.33,0,0,0,0,0,0,6.22,285.03,2022-08-10 10:49:10,2022-08-10 00:36:48,6.26,131.39,Waxing Gibbous,93.57,23,"Developed, Medium Intensity",349.436,25,JAS,-0.87,La Nina,0.36613333,0.45408332,0.34000003,0.4264166,73.09655,75.8375,72.087494,75.6425,82.0,68.4,74.3,8.9,0.38,4.0,91,4.5,1,100,Moderate or heavy rain shower
1046059,2022-08-10 16:20:00,2022-08-10 19:10:00,ROCKCASTLE CO.,SAND SPGS,0.88,0.92,SAND SPGS,37.31,-84.38,37.3089,-84.3795,2022,170.0,2.83,0,0,0,0,0,0,6.24,285.01,2022-08-10 10:49:25,2022-08-10 00:36:54,6.26,131.36,Waxing Gibbous,93.57,43,Mixed Forest,309.067,0,JAS,-0.87,La Nina,0.35661256,0.43775,0.33558333,0.40166667,73.0967,75.908745,72.06874,75.68375,82.0,68.4,74.3,8.9,0.38,4.0,91,4.5,1,100,Moderate or heavy rain shower
1046061,2022-08-10 16:30:00,2022-08-10 19:30:00,ROCKCASTLE CO.,RENFRO VLY,0.93,0.87,RENFRO VLY,37.373,-84.3156,37.382,-84.3224,2022,180.0,3.0,0,0,0,0,0,0,6.21,285.04,2022-08-10 10:49:03,2022-08-10 00:36:45,6.26,131.41,Waxing Gibbous,93.57,41,Deciduous Forest,317.419,0,JAS,-0.87,La Nina,0.3534346,0.4524583,0.32499993,0.4179167,72.95855,75.77376,71.96001,75.44375,82.0,68.4,74.3,8.9,0.38,4.0,91,4.5,1,100,Moderate or heavy rain shower
1046063,2022-08-10 17:00:00,2022-08-10 18:20:00,PULASKI CO.,GOOCHTOWN,1.94,2.18,GOOCHTOWN,37.2937,-84.5919,37.2956,-84.5942,2022,80.0,1.33,0,0,0,0,0,0,6.4,284.89,2022-08-10 10:50:18,2022-08-10 00:37:43,6.15,131.22,Waxing Gibbous,93.57,41,Deciduous Forest,294.234,0,JAS,-0.87,La Nina,0.35881498,0.42200002,0.33749998,0.41083333,73.33903,76.15625,72.31999,75.89375,82.0,68.4,74.3,8.9,0.38,4.0,91,4.5,1,100,Moderate or heavy rain shower
1046471,2022-08-10 17:05:00,2022-08-10 20:02:00,BOYD CO.,BELLEFONTE,0.74,0.6,ASHLAND,38.4706,-82.6864,38.4677,-82.6217,2022,177.0,2.95,0,0,8000,0,0,0,5.28,285.91,2022-08-10 10:40:26,2022-08-10 00:32:21,6.47,132.62,Waxing Gibbous,93.57,23,"Developed, Medium Intensity",199.624,65,JAS,-0.87,La Nina,0.2543908,0.33758333,0.23299997,0.30000004,73.455246,76.11125,72.42126,76.115,82.7,69.3,74.9,4.9,0.96,4.0,93,3.5,1,100,Moderate or heavy rain shower
1046056,2022-08-10 17:20:00,2022-08-10 17:50:00,ROCKCASTLE CO.,QUAIL,1.3,1.58,QUAIL,37.34,-84.47,37.3413,-84.4695,2022,30.0,0.5,0,0,0,0,0,0,6.32,284.95,2022-08-10 10:49:44,2022-08-10 00:37:19,6.19,131.3,Waxing Gibbous,93.57,21,"Developed, Open Space",335.806,14,JAS,-0.87,La Nina,0.2827104,0.3484167,0.26079172,0.33595833,73.6019,75.87125,72.75874,75.736244,82.0,68.4,74.3,8.9,0.38,4.0,91,4.5,1,100,Moderate or heavy rain shower
1046473,2022-08-10 17:30:00,2022-08-10 21:48:00,LAWRENCE CO.,CORDELL,0.31,0.47,CORDELL,38.0043,-82.7985,38.0033,-82.7761,2022,258.0,4.3,0,0,250,0,0,0,5.24,285.88,2022-08-10 10:41:47,2022-08-10 00:31:54,6.72,132.5,Waxing Gibbous,93.57,41,Deciduous Forest,289.956,0,JAS,-0.87,La Nina,0.2884096,0.35808334,0.26954168,0.32987502,73.45494,76.14875,72.4325,76.06249,84.0,69.8,75.7,5.6,0.62,4.0,93,3.3,1,100,Moderate or heavy rain shower
1046058,2022-08-10 17:36:00,2022-08-10 19:00:00,ROCKCASTLE CO.,MARETBURG,0.27,0.29,MARETBURG,37.3505,-84.3752,37.3505,-84.3769,2022,84.0,1.4,0,0,0,0,0,0,6.25,285.01,2022-08-10 10:49:20,2022-08-10 00:36:57,6.24,131.37,Waxing Gibbous,93.57,22,"Developed, Low Intensity",355.328,37,JAS,-0.87,La Nina,0.36613333,0.45408332,0.34000003,0.4264166,73.09655,75.8375,72.087494,75.6425,82.0,68.4,74.3,8.9,0.38,4.0,91,4.5,1,100,Moderate or heavy rain shower
1046453,2022-08-10 17:45:00,2022-08-10 19:45:00,CASEY CO.,LANHAMTOWN,1.4,0.92,LIBERTY,37.3486,-84.8901,37.3327,-84.9219,2022,120.0,2.0,0,0,0,0,0,0,6.64,284.71,2022-08-10 10:51:23,2022-08-10 00:39:00,5.94,131.02,Waxing Gibbous,93.57,81,Pasture/Hay,247.502,0,JAS,-0.87,La Nina,0.25558165,0.3170417,0.23829162,0.29437503,73.93614,76.197495,73.05124,76.216255,82.9,68.2,74.4,8.3,0.66,4.0,89,4.9,1,100,Moderate or heavy rain shower
1046066,2022-08-10 17:51:00,2022-08-10 19:10:00,PIKE CO.,PENNY,0.6,0.86,PENNY,37.3681,-82.5807,37.3727,-82.5806,2022,79.0,1.32,0,0,7000,0,0,0,4.91,286.06,2022-08-10 10:42:07,2022-08-10 00:29:49,7.27,132.59,Waxing Gibbous,93.57,41,Deciduous Forest,317.991,0,JAS,-0.87,La Nina,0.22118793,0.30904165,0.20458333,0.24883331,73.477776,75.32751,72.58999,75.905,84.1,70.4,75.7,7.2,0.66,4.0,89,4.2,1,100,Moderate or heavy rain shower
1046067,2022-08-10 18:02:00,2022-08-10 19:10:00,PIKE CO.,VIRGIE,1.49,1.2,VIRGIE,37.35,-82.59,37.3514,-82.5987,2022,68.0,1.13,0,0,7000,0,0,0,4.91,286.06,2022-08-10 10:42:11,2022-08-10 00:29:49,7.28,132.58,Waxing Gibbous,93.57,81,Pasture/Hay,263.068,0,JAS,-0.87,La Nina,0.22118793,0.30904165,0.20458333,0.24883331,73.477776,75.32751,72.58999,75.905,84.1,70.4,75.7,7.2,0.66,4.0,89,4.2,1,100,Moderate or heavy rain shower
1046069,2022-08-10 18:17:00,2022-08-10 19:20:00,PULASKI CO.,FLOYD,1.77,1.84,FLOYD,37.27,-84.61,37.2661,-84.6084,2022,63.0,1.05,0,0,0,0,0,0,6.41,284.88,2022-08-10 10:50:25,2022-08-10 00:37:44,6.15,131.2,Waxing Gibbous,93.57,81,Pasture/Hay,313.095,0,JAS,-0.87,La Nina,0.35881498,0.42200002,0.33749998,0.41083333,73.33903,76.15625,72.31999,75.89375,84.7,69.7,75.2,8.4,0.41,5.0,86,5.2,1,100,Moderate or heavy rain shower
1046068,2022-08-10 18:45:00,2022-08-10 19:20:00,PIKE CO.,ELLWOOD,2.22,2.3,ELLWOOD,37.3184,-82.5397,37.3163,-82.5477,2022,35.0,0.58,0,0,0,0,0,0,4.87,286.09,2022-08-10 10:42:02,2022-08-10 00:29:33,7.33,132.61,Waxing Gibbous,93.57,43,Mixed Forest,336.958,0,JAS,-0.87,La Nina,0.2140838,0.30499998,0.19733334,0.24120833,72.79261,74.90749,71.86624,75.26375,84.1,70.4,75.7,7.2,0.66,4.0,89,4.2,1,100,Moderate or heavy rain shower
1053227,2022-08-19 21:00:00,2022-08-20 00:00:00,BELL CO.,STONEY FORK,0.51,3.72,LAUREL FORD,36.8373,-83.5297,36.8271,-83.546,2022,180.0,3.0,0,0,0,0,0,0,3.54,283.57,2022-08-19 10:54:18,2022-08-19 00:21:47,-33.4,14.0,Third Quarter,52.01,41,Deciduous Forest,385.306,0,JAS,-0.87,La Nina,0.212035,0.20362502,0.21579169,0.20195834,71.6645,74.01305,71.14054,72.678055,84.9,62.1,73.2,6.3,0.06,6.0,68,10.8,1,100,Patchy rain possible
1053224,2022-08-19 21:00:00,2022-08-20 00:00:00,BELL CO.,JENSON,0.62,0.3,JENSON,36.7737,-83.6279,36.7778,-83.6276,2022,180.0,3.0,0,0,0,0,0,0,3.6,283.52,2022-08-19 10:54:48,2022-08-19 00:22:05,-33.48,13.9,Third Quarter,52.01,21,"Developed, Open Space",319.622,14,JAS,-0.87,La Nina,0.20324047,0.18854167,0.20845836,0.19025,71.19001,73.66625,70.64376,72.2375,84.9,62.1,73.2,6.3,0.06,6.0,68,10.8,1,100,Patchy rain possible
1053183,2022-08-19 21:00:00,2022-08-20 00:00:00,BELL CO.,WESSELL,0.55,0.63,WESSELL,36.7742,-83.5917,36.7703,-83.5949,2022,180.0,3.0,0,0,0,0,0,0,3.57,283.54,2022-08-19 10:54:39,2022-08-19 00:21:56,-33.47,13.94,Third Quarter,52.01,43,Mixed Forest,458.623,0,JAS,-0.87,La Nina,0.20324047,0.18854167,0.20845836,0.19025,71.19001,73.66625,70.64376,72.2375,84.9,62.1,73.2,6.3,0.06,6.0,68,10.8,1,100,Patchy rain possible
1049729,2022-08-29 13:59:00,2022-08-29 15:45:00,HOPKINS CO.,MADISONVILLE,0.0,0.84,MADISONVILLE,37.33,-87.5,37.3202,-87.4923,2022,106.0,1.77,0,0,5000,0,0,0,4.14,278.86,2022-08-29 11:17:50,2022-08-29 00:24:44,16.18,264.03,New Moon,2.9,23,"Developed, Medium Intensity",144.861,58,JAS,-0.87,La Nina,0.37649748,0.40437496,0.36470827,0.40762505,76.60257,80.53625,75.29375,79.778755,88.0,73.0,79.9,6.7,0.17,6.0,65,7.4,1,100,Moderate or heavy rain shower
1051575,2022-08-29 16:00:00,2022-08-29 17:00:00,GALLATIN CO.,NAPOLEON,1.48,2.1,SUGAR BAY,38.77,-84.79,38.7768,-84.7841,2022,60.0,1.0,0,0,100000,0,0,0,2.36,280.43,2022-08-29 11:05:21,2022-08-29 00:15:33,13.92,265.35,New Moon,2.9,43,Mixed Forest,207.046,0,JAS,-0.87,La Nina,0.23361667,0.22954166,0.23,0.24737495,73.02534,78.16625,71.50625,76.52,90.8,71.9,79.2,8.4,0.06,5.0,65,5.9,1,100,Heavy rain at times
1051579,2022-08-29 17:00:00,2022-08-29 18:00:00,GALLATIN CO.,RYLE,0.88,1.21,RYLE,38.79,-84.71,38.7994,-84.7134,2022,60.0,1.0,0,0,8000,0,0,0,2.31,280.48,2022-08-29 11:05:01,2022-08-29 00:15:16,13.86,265.4,New Moon,2.9,81,Pasture/Hay,208.558,0,JAS,-0.87,La Nina,0.2415329,0.24279167,0.24329168,0.23508334,72.77483,78.17,71.18749,76.41875,90.8,71.9,79.2,8.4,0.06,5.0,65,5.9,1,100,Heavy rain at times
1051720,2022-09-03 15:19:00,2022-09-03 17:30:00,HENDERSON CO.,HENDERSON,3.13,0.83,BASKETT,37.8753,-87.5778,37.8914,-87.543,2022,131.0,2.18,0,0,0,0,0,0,2.92,277.58,2022-09-03 11:21:47,2022-09-03 00:18:18,27.76,197.19,Waxing Crescent,41.68,41,Deciduous Forest,141.406,0,ASO,-0.97,La Nina,0.25011998,0.263125,0.25483337,0.229625,76.35782,77.73875,75.82625,77.72,86.2,70.0,75.3,8.5,0.51,5.0,74,5.5,1,100,Moderate or heavy rain shower
1058146,2022-09-03 15:55:00,2022-09-03 17:55:00,SIMPSON CO.,FRANKLIN,0.85,0.92,FRANKLIN,36.7304,-86.5782,36.7304,-86.5785,2022,120.0,2.0,0,0,0,0,0,0,2.04,278.22,2022-09-03 11:18:48,2022-09-03 00:13:15,28.61,198.41,Waxing Crescent,41.68,24,"Developed, High Intensity",207.345,88,ASO,-0.97,La Nina,0.35773838,0.40308335,0.349,0.3725834,76.24108,77.72,75.67249,77.697495,84.4,69.1,75.3,8.5,0.74,5.0,78,5.0,1,100,Moderate or heavy rain shower
1051686,2022-09-03 16:00:00,2022-09-03 17:00:00,CARROLL CO.,PRESTONVILLE,0.54,0.45,CARROLLTON,38.68,-85.17,38.6757,-85.169,2022,60.0,1.0,0,0,20000,0,0,0,1.29,279.04,2022-09-03 11:11:24,2022-09-03 00:09:26,26.39,199.5,Waxing Crescent,41.68,23,"Developed, Medium Intensity",147.91,78,ASO,-0.97,La Nina,0.2465313,0.29899994,0.23099996,0.2822917,71.913956,72.935,71.495,73.009995,83.1,68.8,74.3,9.6,0.37,6.0,80,5.1,1,100,Moderate or heavy rain shower
1051687,2022-09-03 16:15:00,2022-09-03 18:00:00,CARROLL CO.,LOCUST,0.52,0.64,LOCUST,38.7027,-85.259,38.6925,-85.2811,2022,105.0,1.75,0,0,0,0,0,0,1.36,278.98,2022-09-03 11:11:44,2022-09-03 00:09:48,26.39,199.41,Waxing Crescent,41.68,41,Deciduous Forest,231.225,0,ASO,-0.97,La Nina,0.2465313,0.29899994,0.23099996,0.2822917,71.913956,72.935,71.495,73.009995,83.1,68.8,74.3,9.6,0.37,6.0,80,5.1,1,100,Moderate or heavy rain shower
1058147,2022-09-03 17:05:00,2022-09-03 19:05:00,TRIMBLE CO.,MONITOR,2.88,2.88,MONITOR,38.6084,-85.2667,38.6078,-85.2637,2022,120.0,2.0,0,0,0,0,0,0,1.35,278.98,2022-09-03 11:11:52,2022-09-03 00:09:45,26.48,199.42,Waxing Crescent,41.68,81,Pasture/Hay,149.643,0,ASO,-0.97,La Nina,0.24146335,0.3003333,0.22800003,0.268,71.971886,72.96876,71.54376,73.1075,83.1,68.8,74.3,9.6,0.37,6.0,80,5.1,1,100,Moderate or heavy rain shower
1051721,2022-09-03 17:34:00,2022-09-03 20:30:00,DAVIESS CO.,OWENSBORO,2.0,2.0,(OWB)OWENSBORO ARPT,37.77,-87.1566,37.7727,-87.18,2022,176.0,2.93,0,0,0,0,0,0,2.6,277.84,2022-09-03 11:20:12,2022-09-03 00:16:31,27.76,197.64,Waxing Crescent,41.68,82,Cultivated Crops,121.617,0,ASO,-0.97,La Nina,0.26981583,0.27920833,0.270125,0.26562497,75.88521,77.26625,75.44,76.95125,87.9,70.2,76.0,7.2,0.45,6.0,75,6.0,1,100,Moderate or heavy rain shower
1058148,2022-09-03 20:00:00,2022-09-03 22:00:00,SHELBY CO.,HATTON,0.43,0.32,HATTON,38.2265,-85.0065,38.2257,-85.0065,2022,120.0,2.0,0,0,0,0,0,0,1.12,279.15,2022-09-03 11:11:10,2022-09-03 00:08:21,26.78,199.74,Waxing Crescent,41.68,22,"Developed, Low Intensity",208.776,38,ASO,-0.97,La Nina,0.22671169,0.28391665,0.20704164,0.27508333,72.520775,74.521255,71.85874,74.12375,77.7,68.4,72.8,9.4,0.56,6.0,88,5.2,1,100,Moderate or heavy rain shower
1058149,2022-09-03 20:15:00,2022-09-03 22:00:00,FRANKLIN CO.,BENSON,1.82,2.0,BENSON,38.2123,-84.9797,38.212,-84.9794,2022,105.0,1.75,0,0,0,0,0,0,1.1,279.16,2022-09-03 11:11:05,2022-09-03 00:08:14,26.78,199.77,Waxing Crescent,41.68,22,"Developed, Low Intensity",185.552,37,ASO,-0.97,La Nina,0.22671169,0.28391665,0.20704164,0.27508333,72.520775,74.521255,71.85874,74.12375,77.7,68.4,72.8,9.4,0.56,6.0,88,5.2,1,100,Moderate or heavy rain shower
1058152,2022-09-05 18:03:00,2022-09-05 20:03:00,TAYLOR CO.,SALOMA,0.43,0.34,SALOMA,37.424,-85.4061,37.4242,-85.4057,2022,120.0,2.0,0,0,0,0,0,0,0.77,278.43,2022-09-05 11:15:09,2022-09-05 00:06:14,24.12,170.2,Waxing Gibbous,64.16,21,"Developed, Open Space",225.173,17,ASO,-0.97,La Nina,0.2663059,0.38933334,0.23287497,0.3399167,72.85161,73.15624,72.728745,73.17125,76.8,67.9,71.2,6.3,0.26,3.0,96,1.8,1,100,Moderate or heavy rain shower
1058153,2022-09-05 18:33:00,2022-09-05 20:33:00,TAYLOR CO.,MAC,1.66,1.74,MAC,37.4143,-85.4957,37.4139,-85.4959,2022,120.0,2.0,0,0,0,0,0,0,0.83,278.37,2022-09-05 11:15:31,2022-09-05 00:06:35,24.11,170.11,Waxing Gibbous,64.16,22,"Developed, Low Intensity",255.374,0,ASO,-0.97,La Nina,0.2663059,0.38933334,0.23287497,0.3399167,72.85161,73.15624,72.728745,73.17125,76.8,67.9,71.2,6.3,0.26,3.0,96,1.8,1,100,Moderate or heavy rain shower
1058154,2022-09-06 16:53:00,2022-09-06 18:53:00,BARREN CO.,EIGHTY EIGHT,1.99,2.01,EIGHTY EIGHT,36.9252,-85.8055,36.9242,-85.8043,2022,120.0,2.0,0,0,0,0,0,0,0.72,277.95,2022-09-06 11:17:57,2022-09-06 00:05:56,20.78,155.62,Waxing Gibbous,74.84,22,"Developed, Low Intensity",205.168,30,ASO,-0.97,La Nina,0.35764834,0.4680834,0.32175002,0.44391665,73.3147,74.240005,73.05874,73.88375,79.9,68.2,72.6,5.8,0.07,5.0,93,3.6,1,100,Heavy rain at times
1071167,2023-01-03 02:50:00,2023-01-03 04:50:00,GRAYSON CO.,MEREDITH,3.23,3.22,PEONIA,37.4259,-86.2791,37.428,-86.2795,2023,120.0,2.0,0,0,0,0,0,0,-15.7,252.95,2023-01-03 12:59:29,2023-01-03 22:39:49,51.44,103.7,Waxing Gibbous,86.18,81,Pasture/Hay,153.426,0,DJF,-0.54,La Nina,0.46441916,0.5047916,0.44704172,0.5105417,47.922688,58.0775,45.1625,54.00125,65.7,56.9,61.1,16.9,1.46,5.0,89,0.1,1,100,Moderate or heavy rain shower
1071168,2023-01-03 02:50:00,2023-01-03 04:50:00,GRAYSON CO.,SKAGGSTOWN,1.38,1.36,SKAGGSTOWN,37.45,-86.18,37.4498,-86.1784,2023,120.0,2.0,0,0,0,0,0,0,-15.78,253.01,2023-01-03 12:59:09,2023-01-03 22:39:21,51.51,103.81,Waxing Gibbous,86.18,21,"Developed, Open Space",202.462,10,DJF,-0.54,La Nina,0.46425375,0.50775,0.44650003,0.510625,47.40759,57.8225,44.58125,53.62625,65.7,56.9,61.1,16.9,1.46,5.0,89,0.1,1,100,Moderate or heavy rain shower
1071169,2023-01-03 04:00:00,2023-01-03 06:00:00,GRAYSON CO.,PEONIA,3.36,3.4,PEONIA,37.43,-86.28,37.4302,-86.2793,2023,120.0,2.0,0,0,0,0,0,0,-15.7,252.95,2023-01-03 12:59:30,2023-01-03 22:39:49,51.44,103.7,Waxing Gibbous,86.18,21,"Developed, Open Space",155.455,9,DJF,-0.54,La Nina,0.46441916,0.5047916,0.44704172,0.5105417,47.922688,58.0775,45.1625,54.00125,65.7,56.9,61.1,16.9,1.46,5.0,89,0.1,1,100,Moderate or heavy rain shower
1071170,2023-01-03 04:00:00,2023-01-03 06:00:00,GRAYSON CO.,SKAGGSTOWN,2.13,2.13,SKAGGSTOWN,37.4608,-86.1788,37.4614,-86.1787,2023,120.0,2.0,0,0,0,0,0,0,-15.78,253.01,2023-01-03 12:59:11,2023-01-03 22:39:19,51.51,103.83,Waxing Gibbous,86.18,21,"Developed, Open Space",213.562,19,DJF,-0.54,La Nina,0.46425375,0.50775,0.44650003,0.510625,47.40759,57.8225,44.58125,53.62625,65.7,56.9,61.1,16.9,1.46,5.0,89,0.1,1,100,Moderate or heavy rain shower
1070805,2023-01-03 04:43:00,2023-01-03 08:00:00,CALLOWAY CO.,POTTERTOWN,1.66,2.79,STELLA,36.62,-88.21,36.6391,-88.3669,2023,197.0,3.28,0,0,30000,0,0,0,-13.98,251.7,2023-01-03 13:05:02,2023-01-03 22:49:43,50.09,101.14,Waxing Gibbous,86.18,82,Cultivated Crops,137.919,0,DJF,-0.54,La Nina,0.3710796,0.4230833,0.35179162,0.41987494,49.745186,59.607502,46.90625,56.191246,68.8,61.0,64.4,18.1,1.21,5.0,85,0.2,1,100,Moderate or heavy rain shower
1070812,2023-01-03 04:47:00,2023-01-03 08:00:00,TRIGG CO.,TRIGG FURNACE,1.47,2.91,CANTON,36.8918,-87.9421,36.7998,-87.9291,2023,193.0,3.22,0,0,0,0,0,0,-14.27,251.91,2023-01-03 13:04:41,2023-01-03 22:47:55,50.25,101.68,Waxing Gibbous,86.18,41,Deciduous Forest,139.795,0,DJF,-0.54,La Nina,0.47676584,0.50908333,0.46325004,0.51233333,48.219654,57.387505,45.665,53.9225,66.8,57.5,62.8,17.4,1.13,5.0,86,0.2,1,100,Moderate or heavy rain shower
1070818,2023-01-03 04:56:00,2023-01-03 08:30:00,CHRISTIAN CO.,PEEDEE,1.18,2.96,MASONVILLE,36.7845,-87.6386,36.7648,-87.4567,2023,214.0,3.57,0,0,0,0,0,0,-14.47,252.05,2023-01-03 13:03:11,2023-01-03 22:46:59,50.51,101.79,Waxing Gibbous,86.18,82,Cultivated Crops,161.747,0,DJF,-0.54,La Nina,0.43993583,0.50358325,0.41695842,0.49750003,49.173763,59.19875,46.37,55.445004,67.0,58.2,63.0,17.0,1.31,5.0,88,0.1,1,100,Moderate or heavy rain shower
1071178,2023-01-03 05:00:00,2023-01-03 07:00:00,OHIO CO.,TAYLOR MINES,1.87,1.99,TAYLOR MINES,37.3601,-86.8769,37.36,-86.8789,2023,120.0,2.0,0,0,0,0,0,0,-15.22,252.61,2023-01-03 13:01:42,2023-01-03 22:42:23,50.99,103.12,Waxing Gibbous,86.18,21,"Developed, Open Space",135.649,11,DJF,-0.54,La Nina,0.4590788,0.506125,0.43945837,0.51066667,48.17131,58.47125,45.335,54.462498,66.7,56.9,62.0,17.4,0.86,5.0,88,0.1,1,100,Moderate or heavy rain shower
1071179,2023-01-03 05:00:00,2023-01-03 07:00:00,OHIO CO.,BEAVER DAM,0.3,0.34,BEAVER DAM,37.4017,-86.875,37.4016,-86.8768,2023,120.0,2.0,0,0,0,0,0,0,-15.24,252.62,2023-01-03 13:01:48,2023-01-03 22:42:16,50.98,103.17,Waxing Gibbous,86.18,23,"Developed, Medium Intensity",124.843,78,DJF,-0.54,La Nina,0.46998802,0.5014167,0.45466664,0.5120416,48.02986,58.4,45.1925,54.30125,66.7,56.9,62.0,17.4,0.86,5.0,88,0.1,1,100,Moderate or heavy rain shower
1070820,2023-01-03 05:07:00,2023-01-03 08:45:00,MUHLENBERG CO.,CENTRAL CITY,0.41,1.36,BEECH CREEK,37.2951,-87.126,37.1688,-87.0572,2023,218.0,3.63,0,0,50000,0,0,0,-15.01,252.45,2023-01-03 13:02:31,2023-01-03 22:43:34,50.81,102.83,Waxing Gibbous,86.18,41,Deciduous Forest,162.493,0,DJF,-0.54,La Nina,0.40594295,0.42829168,0.39629176,0.43158332,49.139374,58.583748,46.4225,55.30625,67.1,59.4,62.8,16.0,1.06,5.0,87,0.1,1,100,Moderate or heavy rain shower
1071171,2023-01-03 05:15:00,2023-01-03 07:15:00,NELSON CO.,NELSONVILLE,1.11,1.17,NELSONVILLE,37.731,-85.6297,37.7316,-85.6292,2023,120.0,2.0,0,0,0,0,0,0,-16.28,253.38,2023-01-03 12:57:43,2023-01-03 22:36:23,51.87,104.64,Waxing Gibbous,86.18,21,"Developed, Open Space",150.101,7,DJF,-0.54,La Nina,0.3299558,0.42645836,0.29804167,0.4072083,47.979088,57.98,45.2,54.17375,66.1,56.2,60.9,16.5,1.44,5.0,88,0.1,1,100,Moderate or heavy rain shower
1071173,2023-01-03 05:15:00,2023-01-03 07:15:00,NELSON CO.,BLOOMFIELD,1.54,1.59,BLOOMFIELD,37.8819,-85.3037,37.882,-85.3032,2023,120.0,2.0,0,0,0,0,0,0,-16.57,253.6,2023-01-03 12:56:50,2023-01-03 22:34:40,52.08,105.12,Waxing Gibbous,86.18,22,"Developed, Low Intensity",213.455,31,DJF,-0.54,La Nina,0.33632,0.42775,0.30766666,0.40408334,47.64729,57.66125,44.911247,53.69,65.9,56.1,61.0,15.9,1.69,5.0,88,0.2,1,100,Moderate or heavy rain shower
1071175,2023-01-03 05:20:00,2023-01-03 07:20:00,HARDIN CO.,GAITHERS,0.16,0.28,GAITHERS,37.6499,-85.9029,37.65,-85.9021,2023,120.0,2.0,0,0,0,0,0,0,-16.05,253.21,2023-01-03 12:58:36,2023-01-03 22:37:42,51.68,104.3,Waxing Gibbous,86.18,22,"Developed, Low Intensity",208.729,27,DJF,-0.54,La Nina,0.42955586,0.5078333,0.39933333,0.50708336,47.419514,57.507504,44.705,53.363754,65.8,56.7,61.2,17.6,1.43,6.0,88,0.1,1,100,Moderate or heavy rain shower
1071174,2023-01-03 05:20:00,2023-01-03 07:20:00,HARDIN CO.,EASTVIEW,0.81,0.86,EASTVIEW,37.5708,-86.0408,37.5689,-86.046,2023,120.0,2.0,0,0,0,0,0,0,-15.92,253.12,2023-01-03 12:58:56,2023-01-03 22:38:28,51.59,104.08,Waxing Gibbous,86.18,81,Pasture/Hay,197.798,0,DJF,-0.54,La Nina,0.4532217,0.5097917,0.4308333,0.51112497,47.6504,57.89375,44.896248,53.67875,65.8,56.7,61.2,17.6,1.43,6.0,88,0.1,1,100,Moderate or heavy rain shower
1071184,2023-01-03 05:20:00,2023-01-03 07:20:00,BRECKINRIDGE CO.,HIGH PLAINS,1.64,1.65,BEWLEYVILLE,37.77,-86.19,37.8406,-86.2705,2023,120.0,2.0,0,0,0,0,0,0,-15.86,253.09,2023-01-03 13:00:04,2023-01-03 22:38:31,51.43,104.2,Waxing Gibbous,86.18,81,Pasture/Hay,202.313,0,DJF,-0.54,La Nina,0.4514542,0.5095417,0.42820835,0.51179165,47.454872,57.668747,44.7275,53.401253,65.7,57.4,61.2,16.3,1.41,4.0,88,0.1,1,100,Moderate or heavy rain shower
1071182,2023-01-03 05:20:00,2023-01-03 07:20:00,BRECKINRIDGE CO.,FAIRFIELD,0.45,0.47,FAIRFIELD,37.6672,-86.2875,37.6673,-86.2869,2023,120.0,2.0,0,0,0,0,0,0,-15.76,253.01,2023-01-03 13:00:11,2023-01-03 22:39:12,51.38,103.99,Waxing Gibbous,86.18,21,"Developed, Open Space",191.919,5,DJF,-0.54,La Nina,0.45544955,0.5058333,0.43445835,0.510625,47.028687,57.6425,44.168747,53.29625,65.7,56.9,61.1,16.9,1.46,5.0,89,0.1,1,100,Moderate or heavy rain shower
1071176,2023-01-03 05:20:00,2023-01-03 07:20:00,HARDIN CO.,TUNNEL HILL,3.92,3.98,TUNNEL HILL,37.6819,-85.7918,37.6831,-85.788,2023,120.0,2.0,0,0,0,0,0,0,-16.14,253.28,2023-01-03 12:58:14,2023-01-03 22:37:10,51.76,104.44,Waxing Gibbous,86.18,81,Pasture/Hay,248.319,0,DJF,-0.54,La Nina,0.3376967,0.42716667,0.30679166,0.41383335,47.291412,57.747498,44.36375,53.843746,65.8,56.7,61.2,17.6,1.43,6.0,88,0.1,1,100,Moderate or heavy rain shower
1071264,2023-01-03 05:30:00,2023-01-03 07:30:00,WARREN CO.,BROWNING,0.83,0.84,BROWNING,36.9608,-86.6064,36.9632,-86.6081,2023,120.0,2.0,0,0,0,0,0,0,-15.31,252.65,2023-01-03 12:59:32,2023-01-03 22:42:23,51.29,102.85,Waxing Gibbous,86.18,21,"Developed, Open Space",153.806,5,DJF,-0.54,La Nina,0.45760083,0.50445837,0.4380416,0.5090416,49.07712,58.793747,46.32875,55.261246,66.3,58.2,62.2,17.2,1.6,5.0,87,0.2,1,100,Moderate or heavy rain shower
1071266,2023-01-03 05:40:00,2023-01-03 07:40:00,BUTLER CO.,BOSTON,0.43,0.44,BOSTON,37.0798,-86.7922,37.0798,-86.7917,2023,120.0,2.0,0,0,0,0,0,0,-15.2,252.58,2023-01-03 13:00:36,2023-01-03 22:42:49,51.12,102.84,Waxing Gibbous,86.18,21,"Developed, Open Space",131.324,11,DJF,-0.54,La Nina,0.46496794,0.5056666,0.44954172,0.50429165,48.528202,58.6775,45.68375,54.8975,66.7,58.1,62.6,17.0,1.23,5.0,88,0.1,1,100,Moderate or heavy rain shower
1071267,2023-01-03 06:40:00,2023-01-03 08:40:00,MEADE CO.,MULDRAUGH,3.72,3.71,MULDRAUGH,37.8897,-86.0454,37.8904,-86.046,2023,120.0,2.0,0,0,0,0,0,0,-16.01,253.2,2023-01-03 12:59:49,2023-01-03 22:37:37,51.51,104.48,Waxing Gibbous,86.18,22,"Developed, Low Intensity",213.593,10,DJF,-0.54,La Nina,0.449025,0.506375,0.42574993,0.5097083,47.597603,57.811253,44.881252,53.50625,65.7,57.4,61.2,16.3,1.41,4.0,88,0.1,1,100,Moderate or heavy rain shower
1071269,2023-01-03 06:40:00,2023-01-03 08:40:00,MEADE CO.,MULDRAUGH,0.92,0.91,MULDRAUGH,37.9426,-85.9944,37.9427,-85.9941,2023,120.0,2.0,0,0,0,0,0,0,-16.06,253.24,2023-01-03 12:59:46,2023-01-03 22:37:16,51.53,104.59,Waxing Gibbous,86.18,22,"Developed, Low Intensity",216.944,41,DJF,-0.54,La Nina,0.37461504,0.43050003,0.35341668,0.42866668,47.109463,57.63125,44.19125,53.6075,65.7,57.4,61.2,16.3,1.41,4.0,88,0.1,1,100,Moderate or heavy rain shower
1071309,2023-01-03 07:00:00,2023-01-03 10:21:00,BULLITT CO.,MT WASHINGTON,0.54,0.9,HUBERS,38.05,-85.54,38.035,-85.7356,2023,201.0,3.35,0,0,0,0,0,0,-16.44,253.52,2023-01-03 12:58:15,2023-01-03 22:35:09,51.86,105.12,Waxing Gibbous,86.18,41,Deciduous Forest,166.746,0,DJF,-0.54,La Nina,0.3746196,0.43058333,0.35408333,0.426375,47.570038,57.575005,44.855,53.54375,65.7,55.4,60.6,16.7,1.42,6.0,88,0.1,1,100,Moderate or heavy rain shower
1071274,2023-01-03 07:00:00,2023-01-03 09:00:00,BULLITT CO.,BROOKS,0.91,0.89,BROOKS,38.0776,-85.6864,38.0772,-85.6853,2023,120.0,2.0,0,0,0,0,0,0,-16.33,253.45,2023-01-03 12:58:55,2023-01-03 22:35:39,51.74,105.02,Waxing Gibbous,86.18,23,"Developed, Medium Intensity",161.689,58,DJF,-0.54,La Nina,0.37580332,0.4300833,0.35566667,0.42674997,48.008,57.395,45.425,53.735,66.4,56.5,61.4,17.2,1.52,5.0,87,0.1,1,100,Moderate or heavy rain shower
1071271,2023-01-03 07:00:00,2023-01-03 09:00:00,BULLITT CO.,MT WASHINGTON,1.4,1.36,MT WASHINGTON,38.0485,-85.5756,38.0493,-85.5773,2023,120.0,2.0,0,0,0,0,0,0,-16.41,253.5,2023-01-03 12:58:23,2023-01-03 22:35:17,51.83,105.09,Waxing Gibbous,86.18,22,"Developed, Low Intensity",189.271,22,DJF,-0.54,La Nina,0.3746196,0.43058333,0.35408333,0.426375,47.570038,57.575005,44.855,53.54375,65.7,55.4,60.6,16.7,1.42,6.0,88,0.1,1,100,Moderate or heavy rain shower
1071270,2023-01-03 07:00:00,2023-01-03 09:00:00,BULLITT CO.,HUBERS,0.96,0.93,HUBERS,38.0409,-85.7109,38.0407,-85.7109,2023,120.0,2.0,0,0,0,0,0,0,-16.3,253.43,2023-01-03 12:58:54,2023-01-03 22:35:51,51.73,104.96,Waxing Gibbous,86.18,21,"Developed, Open Space",145.823,0,DJF,-0.54,La Nina,0.35247084,0.42858335,0.32508335,0.421,47.678,57.762497,44.91125,53.802498,66.4,56.5,61.4,17.2,1.52,5.0,87,0.1,1,100,Moderate or heavy rain shower
1071289,2023-01-03 07:15:00,2023-01-03 09:15:00,JEFFERSON CO.,SMYRNA,1.14,1.14,SMYRNA,38.1282,-85.6292,38.1282,-85.6289,2023,120.0,2.0,0,0,0,0,0,0,-16.39,253.5,2023-01-03 12:58:49,2023-01-03 22:35:17,51.77,105.14,Waxing Gibbous,86.18,23,"Developed, Medium Intensity",190.154,54,DJF,-0.54,La Nina,0.35982373,0.42949998,0.33412495,0.42470834,47.960674,57.398746,45.368748,53.70125,66.6,55.8,61.1,16.4,1.25,5.0,87,0.1,1,100,Moderate or heavy rain shower
1071290,2023-01-03 07:15:00,2023-01-03 09:15:00,JEFFERSON CO.,HIGHVIEW,1.29,1.09,HIGHVIEW,38.16,-85.64,38.1605,-85.6395,2023,120.0,2.0,0,0,0,0,0,0,-16.39,253.5,2023-01-03 12:58:57,2023-01-03 22:35:14,51.75,105.17,Waxing Gibbous,86.18,23,"Developed, Medium Intensity",158.204,37,DJF,-0.54,La Nina,0.35982373,0.42949998,0.33412495,0.42470834,47.960674,57.398746,45.368748,53.70125,66.4,55.8,61.0,16.4,1.28,5.0,88,0.1,1,100,Moderate or heavy rain shower
1071302,2023-01-03 08:29:00,2023-01-03 10:29:00,HARRISON CO.,SYLVANDELL,1.67,1.44,HARRISON CO ARPT,38.4719,-84.183,38.3611,-84.2593,2023,120.0,2.0,0,0,0,0,0,0,-17.58,254.4,2023-01-03 12:54:00,2023-01-03 22:28:32,52.78,106.88,Waxing Gibbous,86.18,41,Deciduous Forest,268.432,0,DJF,-0.54,La Nina,0.34007502,0.42549995,0.31079164,0.41199997,46.820374,56.836254,44.161247,52.598747,64.9,56.2,60.7,17.1,1.58,5.0,87,0.2,1,100,Moderate or heavy rain shower
1071303,2023-01-03 08:30:00,2023-01-03 10:30:00,FAYETTE CO.,VILEY,0.35,1.33,GREENDALE,38.0832,-84.555,38.0969,-84.4824,2023,120.0,2.0,0,0,0,0,0,0,-17.19,254.07,2023-01-03 12:54:24,2023-01-03 22:31:07,52.6,106.04,Waxing Gibbous,86.18,23,"Developed, Medium Intensity",291.848,0,DJF,-0.54,La Nina,0.30798247,0.42575002,0.27241668,0.39066663,46.109077,56.7275,43.22,52.475,64.3,55.6,60.2,17.3,2.05,5.0,88,0.2,1,100,Moderate or heavy rain shower
1071305,2023-01-03 08:31:00,2023-01-03 10:31:00,BOURBON CO.,ELIZABETH STATION,1.09,0.69,MILLERSBURG,38.2356,-84.3463,38.2874,-84.1833,2023,120.0,2.0,0,0,0,0,0,0,-17.39,254.23,2023-01-03 12:53:59,2023-01-03 22:29:51,52.72,106.43,Waxing Gibbous,86.18,81,Pasture/Hay,261.858,0,DJF,-0.54,La Nina,0.33054504,0.41687503,0.30445835,0.3912084,46.784374,56.97125,44.067497,52.70375,64.1,56.0,60.7,18.8,2.04,6.0,86,0.2,1,100,Moderate or heavy rain shower
1071307,2023-01-03 08:40:00,2023-01-03 10:40:00,SPENCER CO.,ELK CREEK,2.88,2.08,YODER,38.069,-85.4054,38.0713,-85.3119,2023,120.0,2.0,0,0,0,0,0,0,-16.54,253.6,2023-01-03 12:57:46,2023-01-03 22:34:33,51.96,105.26,Waxing Gibbous,86.18,22,"Developed, Low Intensity",224.215,11,DJF,-0.54,La Nina,0.36757246,0.43124998,0.3437083,0.42816663,46.447735,57.33875,43.497498,52.9325,65.7,55.4,60.6,16.7,1.42,6.0,88,0.1,1,100,Moderate or heavy rain shower
1063421,2023-01-03 09:00:00,2023-01-03 10:00:00,ROBERTSON CO.,PIQUA,1.41,0.74,PIQUA,38.4629,-84.0744,38.473,-84.0747,2023,60.0,1.0,0,0,0,0,0,0,-17.66,254.45,2023-01-03 12:53:32,2023-01-03 22:28:07,52.86,106.97,Waxing Gibbous,86.18,81,Pasture/Hay,213.725,0,DJF,-0.54,La Nina,0.3393338,0.42850003,0.308875,0.4140416,46.683464,56.67875,44.0225,52.475,64.2,55.7,60.3,18.1,2.19,5.0,85,0.2,1,100,Moderate or heavy rain shower
1063965,2023-01-03 09:00:00,2023-01-03 10:00:00,PENDLETON CO.,MARCUS,1.46,1.43,MARCUS,38.5876,-84.4649,38.5845,-84.461,2023,60.0,1.0,0,0,0,0,0,0,-17.4,254.28,2023-01-03 12:55:27,2023-01-03 22:29:20,52.53,106.77,Waxing Gibbous,86.18,41,Deciduous Forest,191.193,0,DJF,-0.54,La Nina,0.3204021,0.42383334,0.2862917,0.40287504,45.763702,56.55875,42.8825,52.04375,64.2,55.3,59.4,15.4,2.04,5.0,89,0.2,1,100,Moderate or heavy rain shower
1063423,2023-01-03 09:00:00,2023-01-03 10:00:00,OWEN CO.,TACKETTS MILL,0.84,0.74,TACKETTS MILL,38.3673,-84.7951,38.3725,-84.7753,2023,60.0,1.0,0,0,0,0,0,0,-17.09,254.03,2023-01-03 12:56:09,2023-01-03 22:31:17,52.34,106.19,Waxing Gibbous,86.18,21,"Developed, Open Space",211.742,6,DJF,-0.54,La Nina,0.32619125,0.42812505,0.29225004,0.40858328,46.08601,56.783752,43.208748,52.385002,64.8,55.3,60.0,16.9,1.85,5.0,90,0.1,1,100,Moderate or heavy rain shower
1063966,2023-01-03 09:15:00,2023-01-03 10:15:00,PENDLETON CO.,FOUR OAKS,1.54,1.63,FOUR OAKS,38.61,-84.3075,38.6103,-84.3047,2023,60.0,1.0,0,0,0,0,0,0,-17.52,254.37,2023-01-03 12:54:53,2023-01-03 22:28:39,52.64,106.94,Waxing Gibbous,86.18,81,Pasture/Hay,198.464,0,DJF,-0.54,La Nina,0.31239337,0.42395833,0.27537498,0.402125,46.827877,56.86625,44.1425,52.68875,65.3,56.5,60.1,14.7,2.06,5.0,89,0.1,1,100,Moderate or heavy rain shower
1071308,2023-01-03 09:40:00,2023-01-03 11:40:00,JEFFERSON CO.,BECKLEY,1.24,0.89,EASTWOOD,38.2331,-85.478,38.2366,-85.4573,2023,120.0,2.0,0,0,0,0,0,0,-16.53,253.61,2023-01-03 12:58:31,2023-01-03 22:34:23,51.86,105.4,Waxing Gibbous,86.18,41,Deciduous Forest,202.238,0,DJF,-0.54,La Nina,0.36918083,0.43033335,0.34624997,0.42741668,47.447525,57.40625,44.75375,53.363747,65.7,56.3,60.7,16.6,1.49,5.0,87,0.1,1,100,Moderate or heavy rain shower
1063967,2023-01-03 09:45:00,2023-01-03 10:45:00,GRANT CO.,CORDOVA,1.28,1.39,CORDOVA,38.54,-84.54,38.548,-84.5401,2023,60.0,1.0,0,0,0,0,0,0,-17.33,254.22,2023-01-03 12:55:37,2023-01-03 22:29:46,52.49,106.64,Waxing Gibbous,86.18,43,Mixed Forest,263.345,0,DJF,-0.54,La Nina,0.3204021,0.42383334,0.2862917,0.40287504,45.763702,56.55875,42.8825,52.04375,64.2,55.3,59.4,15.4,2.04,5.0,89,0.2,1,100,Moderate or heavy rain shower
1064550,2023-01-03 09:45:00,2023-01-03 11:00:00,GRANT CO.,CORDOVA,1.75,1.71,CORDOVA,38.55,-84.54,38.5541,-84.5395,2023,75.0,1.25,0,0,0,0,0,0,-17.33,254.22,2023-01-03 12:55:39,2023-01-03 22:29:45,52.48,106.65,Waxing Gibbous,86.18,43,Mixed Forest,242.81,0,DJF,-0.54,La Nina,0.3204021,0.42383334,0.2862917,0.40287504,45.763702,56.55875,42.8825,52.04375,64.2,55.3,59.4,15.4,2.04,5.0,89,0.2,1,100,Moderate or heavy rain shower
1063970,2023-01-03 09:45:00,2023-01-03 10:45:00,PENDLETON CO.,FOUR OAKS,2.76,2.86,FOUR OAKS,38.59,-84.32,38.5922,-84.3177,2023,60.0,1.0,0,0,0,0,0,0,-17.5,254.36,2023-01-03 12:54:53,2023-01-03 22:28:45,52.64,106.91,Waxing Gibbous,86.18,41,Deciduous Forest,226.985,0,DJF,-0.54,La Nina,0.31239337,0.42395833,0.27537498,0.402125,46.827877,56.86625,44.1425,52.68875,65.3,56.5,60.1,14.7,2.06,5.0,89,0.1,1,100,Moderate or heavy rain shower
1063969,2023-01-03 09:45:00,2023-01-03 10:45:00,GRANT CO.,DOWINGSVILLE,1.13,1.43,DOWINGSVILLE,38.6624,-84.7136,38.6658,-84.71,2023,60.0,1.0,0,0,0,0,0,0,-17.23,254.16,2023-01-03 12:56:40,2023-01-03 22:30:07,52.32,106.64,Waxing Gibbous,86.18,41,Deciduous Forest,203.425,0,DJF,-0.54,La Nina,0.3151046,0.42695832,0.27662504,0.40974998,46.964714,56.7125,44.35625,52.658745,64.2,55.3,59.4,15.4,2.04,5.0,89,0.2,1,100,Moderate or heavy rain shower
1063427,2023-01-03 10:00:00,2023-01-03 11:00:00,OWEN CO.,GRATZ,1.19,0.8,GRATZ,38.4666,-84.9284,38.466,-84.9173,2023,60.0,1.0,0,0,40000,0,0,0,-17.01,253.98,2023-01-03 12:56:58,2023-01-03 22:31:32,52.21,106.19,Waxing Gibbous,86.18,41,Deciduous Forest,136.208,0,DJF,-0.54,La Nina,0.33845127,0.42524993,0.3090833,0.41020834,45.725113,56.480003,42.85625,51.97625,64.8,55.3,60.0,16.9,1.85,5.0,90,0.1,1,100,Moderate or heavy rain shower
1063434,2023-01-03 10:00:00,2023-01-03 11:30:00,BRACKEN CO.,MILFORD,1.27,0.67,MILFORD,38.5678,-84.1676,38.5759,-84.1816,2023,90.0,1.5,0,0,0,0,0,0,-17.61,254.43,2023-01-03 12:54:13,2023-01-03 22:28:12,52.76,107.02,Waxing Gibbous,86.18,82,Cultivated Crops,181.184,0,DJF,-0.54,La Nina,0.33511043,0.42729166,0.3033333,0.41333333,46.90659,56.84,44.25875,52.673748,65.3,56.5,60.1,14.7,2.06,5.0,89,0.1,1,100,Moderate or heavy rain shower
1078729,2023-02-16 04:00:00,2023-02-16 08:45:00,MCCRACKEN CO.,FREMONT,0.0,1.74,OAKS,36.97,-88.62,36.9334,-88.5579,2023,285.0,4.75,0,0,0,0,0,0,-5.59,258.71,2023-02-16 12:41:44,2023-02-16 23:35:44,-63.76,282.73,Waning Crescent,25.18,21,"Developed, Open Space",117.131,12,JFM,-0.29,Neutral,0.40949,0.41837502,0.40637496,0.4172083,48.93144,57.89375,46.27625,55.0475,64.6,36.3,56.6,15.6,1.62,6.0,80,1.0,1,100,Moderate or heavy rain shower
1075680,2023-02-16 07:10:00,2023-02-16 09:50:00,DAVIESS CO.,UTICA,2.57,2.34,MASONVILLE,37.5938,-87.1533,37.7007,-87.0688,2023,160.0,2.67,0,0,15000,0,0,0,-7.02,259.64,2023-02-16 12:36:42,2023-02-16 23:29:03,-64.72,285.42,Waning Crescent,25.18,82,Cultivated Crops,118.845,0,JFM,-0.29,Neutral,0.39865795,0.4160417,0.39283338,0.41283333,49.05845,57.229996,46.6025,54.755,66.4,37.5,57.9,17.1,2.4,5.0,82,0.5,1,100,Moderate or heavy rain shower
1082501,2023-02-16 07:26:00,2023-02-16 09:26:00,BRECKINRIDGE CO.,BURAS,1.5,1.53,BURAS,37.6902,-86.2957,37.6904,-86.2953,2023,120.0,2.0,0,0,0,0,0,0,-7.74,260.16,2023-02-16 12:33:24,2023-02-16 23:25:29,-65.34,286.53,Waning Crescent,25.18,21,"Developed, Open Space",178.848,18,JFM,-0.29,Neutral,0.48967543,0.4970417,0.48674998,0.49725008,47.795223,56.46875,45.33875,53.32625,64.9,37.1,56.9,15.8,3.02,4.0,84,0.4,1,100,Moderate or heavy rain shower
1082502,2023-02-16 07:45:00,2023-02-16 10:45:00,BRECKINRIDGE CO.,MC QUADY,1.77,1.71,MC QUADY,37.7254,-86.5242,37.7254,-86.5235,2023,180.0,3.0,0,0,0,0,0,0,-7.56,260.03,2023-02-16 12:34:22,2023-02-16 23:26:21,-65.16,286.36,Waning Crescent,25.18,21,"Developed, Open Space",165.048,13,JFM,-0.29,Neutral,0.49275792,0.4991667,0.48950005,0.50179166,48.040028,56.7275,45.55625,53.66,64.9,37.1,56.9,15.8,3.02,4.0,84,0.4,1,100,Moderate or heavy rain shower
1082504,2023-02-16 09:14:00,2023-02-16 11:14:00,BULLITT CO.,SMITHVILLE,0.48,0.64,SMITHVILLE,38.015,-85.5139,38.0145,-85.5099,2023,120.0,2.0,0,0,0,0,0,0,-8.42,260.67,2023-02-16 12:30:43,2023-02-16 23:21:55,-65.83,288.08,Waning Crescent,25.18,41,Deciduous Forest,131.423,0,JFM,-0.29,Neutral,0.3914754,0.41404167,0.38691667,0.3995833,47.870865,56.281254,45.353752,53.6975,63.1,40.5,57.7,15.5,3.52,5.0,87,0.4,1,100,Moderate or heavy rain shower
1075681,2023-02-16 09:30:00,2023-02-16 11:00:00,CALDWELL CO.,FREDONIA,1.38,2.38,FREDONIA,37.22,-88.07,37.2005,-88.0718,2023,90.0,1.5,0,0,0,0,0,0,-6.16,259.06,2023-02-16 12:39:52,2023-02-16 23:33:12,-64.12,283.75,Waning Crescent,25.18,81,Pasture/Hay,135.069,0,JFM,-0.29,Neutral,0.50547254,0.501375,0.50762504,0.4994583,48.0485,56.888744,45.533752,53.72375,64.0,35.1,55.4,15.5,2.43,5.0,81,1.0,1,100,Moderate or heavy rain shower
1075682,2023-02-16 09:45:00,2023-02-16 11:15:00,WEBSTER CO.,DIXON,1.64,1.64,DIXON,37.52,-87.67,37.5364,-87.701,2023,90.0,1.5,0,0,0,0,0,0,-6.57,259.33,2023-02-16 12:38:40,2023-02-16 23:31:13,-64.35,284.74,Waning Crescent,25.18,81,Pasture/Hay,152.687,0,JFM,-0.29,Neutral,0.49906382,0.50125,0.49737498,0.50412506,48.010475,56.63,45.49625,53.7575,64.2,36.0,56.2,16.5,2.09,5.0,82,0.7,1,100,Moderate or heavy rain shower
1082505,2023-02-16 10:15:00,2023-02-16 11:15:00,BULLITT CO.,LIMESTONE,0.12,0.12,LIMESTONE,37.9311,-85.6684,37.9313,-85.6679,2023,60.0,1.0,0,0,0,0,0,0,-8.29,260.57,2023-02-16 12:31:13,2023-02-16 23:22:39,-65.74,287.73,Waning Crescent,25.18,21,"Developed, Open Space",141.753,17,JFM,-0.29,Neutral,0.3923012,0.410375,0.38824996,0.40016672,47.9786,56.423748,45.451252,53.82875,63.5,42.1,58.0,16.1,3.66,5.0,86,0.5,1,100,Moderate or heavy rain shower
1082513,2023-02-16 12:10:00,2023-02-16 14:10:00,TAYLOR CO.,CAMPBELLSVILLE ARPT,0.89,0.9,CAMPBELLSVILLE ARPT,37.3447,-85.3349,37.3452,-85.3342,2023,120.0,2.0,0,0,0,0,0,0,-8.45,260.68,2023-02-16 12:29:06,2023-02-16 23:22:06,-66.16,286.88,Waning Crescent,25.18,22,"Developed, Low Intensity",249.069,30,JFM,-0.29,Neutral,0.45431915,0.49579164,0.44195834,0.48287502,48.864388,57.10625,46.625,53.795002,63.3,45.7,59.4,18.0,2.48,5.0,87,0.4,1,100,Moderate or heavy rain shower
1075684,2023-02-16 12:12:00,2023-02-16 13:45:00,CHRISTIAN CO.,GARRETSBURG,1.23,2.34,EDGOTEN,36.6522,-87.5313,36.6548,-87.4107,2023,93.0,1.55,0,0,0,0,0,0,-6.51,259.31,2023-02-16 12:36:58,2023-02-16 23:31:47,-64.66,283.15,Waning Crescent,25.18,23,"Developed, Medium Intensity",168.189,66,JFM,-0.29,Neutral,0.4832383,0.49695835,0.47945842,0.49162498,49.68965,59.217503,47.0825,55.4525,65.1,40.7,59.2,16.3,1.29,6.0,83,0.6,1,100,Moderate or heavy rain shower
1082515,2023-02-16 12:30:00,2023-02-16 14:30:00,BULLITT CO.,BARDSTOWN JCT,0.19,0.18,BARDSTOWN JCT,37.9315,-85.7031,37.9314,-85.7024,2023,120.0,2.0,0,0,0,0,0,0,-8.26,260.55,2023-02-16 12:31:21,2023-02-16 23:22:47,-65.71,287.69,Waning Crescent,25.18,22,"Developed, Low Intensity",133.089,22,JFM,-0.29,Neutral,0.3923012,0.410375,0.38824996,0.40016672,47.9786,56.423748,45.451252,53.82875,64.2,42.3,58.4,16.0,3.97,6.0,86,0.5,1,100,Moderate or heavy rain shower
1082516,2023-02-16 12:40:00,2023-02-16 14:40:00,BULLITT CO.,CLERMONT,0.36,0.3,CLERMONT,37.9217,-85.6438,37.9205,-85.6411,2023,120.0,2.0,0,0,0,0,0,0,-8.3,260.58,2023-02-16 12:31:06,2023-02-16 23:22:34,-65.76,287.74,Waning Crescent,25.18,21,"Developed, Open Space",152.085,17,JFM,-0.29,Neutral,0.3923012,0.410375,0.38824996,0.40016672,47.9786,56.423748,45.451252,53.82875,63.5,42.1,58.0,16.1,3.66,5.0,86,0.5,1,100,Moderate or heavy rain shower
1082517,2023-02-16 12:45:00,2023-02-16 14:45:00,BULLITT CO.,SOLITUDE,0.8,0.79,SOLITUDE,37.9737,-85.5439,37.9738,-85.542,2023,120.0,2.0,0,0,0,0,0,0,-8.39,260.65,2023-02-16 12:30:47,2023-02-16 23:22:06,-65.82,287.96,Waning Crescent,25.18,82,Cultivated Crops,133.454,0,JFM,-0.29,Neutral,0.3914754,0.41404167,0.38691667,0.3995833,47.870865,56.281254,45.353752,53.6975,63.1,40.5,57.7,15.5,3.52,5.0,87,0.4,1,100,Moderate or heavy rain shower
1082518,2023-02-16 13:00:00,2023-02-16 15:00:00,HART CO.,PRICEVILLE,1.53,1.63,PRICEVILLE,37.3506,-85.9664,37.3505,-85.9655,2023,120.0,2.0,0,0,0,0,0,0,-7.95,260.31,2023-02-16 12:31:38,2023-02-16 23:24:37,-65.68,286.19,Waning Crescent,25.18,21,"Developed, Open Space",182.268,7,JFM,-0.29,Neutral,0.49414253,0.49787498,0.49091664,0.50395834,49.070755,57.8975,46.64,54.4625,64.0,41.1,58.9,18.1,2.46,5.0,86,0.4,1,100,Moderate or heavy rain shower
1082519,2023-02-16 14:22:00,2023-02-16 16:22:00,LARUE CO.,BUFFALO,0.74,0.79,BUFFALO,37.5094,-85.7013,37.509,-85.7011,2023,120.0,2.0,0,0,0,0,0,0,-8.19,260.49,2023-02-16 12:30:47,2023-02-16 23:23:21,-65.84,286.81,Waning Crescent,25.18,22,"Developed, Low Intensity",227.52,38,JFM,-0.29,Neutral,0.381565,0.41762498,0.36987498,0.40962505,48.46179,57.245,45.920002,54.248753,63.1,42.7,59.0,17.6,2.18,5.0,86,0.4,1,100,Moderate or heavy rain shower
1083323,2023-02-16 20:15:00,2023-02-16 22:15:00,MAGOFFIN CO.,SALYERSVILLE,0.22,0.24,SALYERSVILLE,37.7472,-83.068,37.7473,-83.0681,2023,120.0,2.0,0,0,35000,0,0,0,-10.29,262.08,2023-02-16 12:20:35,2023-02-16 23:12:29,-67.71,290.46,Waning Crescent,25.18,22,"Developed, Low Intensity",259.255,17,JFM,-0.29,Neutral,0.37831914,0.40429172,0.37325,0.3870417,48.294685,55.8125,46.07,53.416252,64.8,55.1,59.1,15.4,1.57,5.0,89,0.4,1,100,Moderate or heavy rain shower
1082940,2023-03-03 06:00:00,2023-03-03 11:00:00,CARLISLE CO.,ARLINGTON,0.0,0.0,ARLINGTON,36.78,-89.02,36.786,-88.9536,2023,300.0,5.0,0,0,0,0,0,0,-1.51,263.17,2023-03-03 12:24:02,2023-03-03 23:52:27,51.21,92.86,Waxing Gibbous,82.31,82,Cultivated Crops,110.633,0,FMA,-0.02,Neutral,0.4248633,0.4269584,0.42429173,0.42612493,52.812016,53.933754,52.276253,54.275,60.8,43.2,53.2,28.3,1.0,6.0,77,0.7,1,100,Moderate or heavy rain shower
1082949,2023-03-03 06:00:00,2023-03-03 12:00:00,HENDERSON CO.,HENDERSON,0.0,5.0,HENDERSON,37.83,-87.58,37.8271,-87.5858,2023,360.0,6.0,0,0,0,0,0,0,-2.39,264.09,2023-03-03 12:19:00,2023-03-03 23:45:59,52.29,95.19,Waxing Gibbous,82.31,23,"Developed, Medium Intensity",120.376,61,FMA,-0.02,Neutral,0.3787283,0.42120838,0.36483333,0.41220835,51.068752,51.24875,50.727497,52.17875,60.6,39.7,51.0,28.6,2.11,5.0,81,0.5,1,100,Moderate or heavy rain shower
1082941,2023-03-03 06:00:00,2023-03-03 11:00:00,MCCRACKEN CO.,FUTRELL,0.88,1.12,ST JOHNS,37.07,-88.64,36.965,-88.6721,2023,300.0,5.0,0,0,0,0,0,0,-1.74,263.41,2023-03-03 12:22:42,2023-03-03 23:50:44,51.5,93.48,Waxing Gibbous,82.31,41,Deciduous Forest,142.154,0,FMA,-0.02,Neutral,0.4125892,0.42916667,0.40616664,0.42908335,52.956764,52.70375,52.714996,53.87,58.3,41.4,50.7,28.6,1.49,6.0,78,0.7,1,100,Moderate or heavy rain shower
1082942,2023-03-03 06:30:00,2023-03-03 11:30:00,FULTON CO.,CAYCE,2.52,0.0,CAYCE,36.5358,-88.9882,36.5598,-88.9849,2023,300.0,5.0,0,0,20000,0,0,0,-1.51,263.18,2023-03-03 12:23:44,2023-03-03 23:52:30,51.24,92.57,Waxing Gibbous,82.31,90,Woody Wetlands,98.0604,0,FMA,-0.02,Neutral,0.41700587,0.42308334,0.41554168,0.42,55.09205,57.4325,54.125,57.627495,61.8,43.5,53.6,28.0,1.34,6.0,76,0.7,1,100,Moderate or heavy rain shower
1082944,2023-03-03 07:15:00,2023-03-03 11:15:00,BALLARD CO.,LOVELACEVILLE,3.0,1.33,GAGE,37.0134,-88.82,37.0011,-88.8725,2023,240.0,4.0,0,0,0,0,0,0,-1.64,263.3,2023-03-03 12:23:23,2023-03-03 23:51:30,51.36,93.29,Waxing Gibbous,82.31,82,Cultivated Crops,144.739,0,FMA,-0.02,Neutral,0.41178584,0.42808333,0.405375,0.4283333,52.083687,52.190002,51.769997,53.12375,58.3,41.4,50.7,28.6,1.49,6.0,78,0.7,1,100,Moderate or heavy rain shower
1082934,2023-03-03 07:30:00,2023-03-03 10:30:00,MARSHALL CO.,BENTON,1.7,1.73,DOGTOWN,36.8818,-88.377,36.8737,-88.3185,2023,180.0,3.0,0,0,0,0,0,0,-1.87,263.56,2023-03-03 12:21:32,2023-03-03 23:49:49,51.72,93.41,Waxing Gibbous,82.31,90,Woody Wetlands,108.101,0,FMA,-0.02,Neutral,0.409385,0.42462495,0.40345833,0.424625,53.31826,55.013752,52.624996,55.129997,60.8,42.6,53.1,28.3,1.07,6.0,78,0.8,1,100,Moderate or heavy rain shower
1082945,2023-03-03 07:30:00,2023-03-03 12:30:00,HICKMAN CO.,FULHAM,0.48,0.8,CROLEY,36.6458,-88.8631,36.5885,-88.9327,2023,300.0,5.0,0,0,0,0,0,0,-1.59,263.26,2023-03-03 12:23:18,2023-03-03 23:51:55,51.34,92.79,Waxing Gibbous,82.31,90,Woody Wetlands,101.561,0,FMA,-0.02,Neutral,0.41342342,0.42670837,0.40791664,0.42787504,53.43909,55.598747,52.57625,55.6775,60.8,43.2,53.2,28.3,1.0,6.0,77,0.7,1,100,Moderate or heavy rain shower
1082947,2023-03-03 08:00:00,2023-03-03 11:00:00,LYON CO.,KUTTAWA,2.0,2.0,KUTTAWA,37.099,-88.12,37.101,-88.0922,2023,180.0,3.0,0,0,0,0,0,0,-2.03,263.72,2023-03-03 12:20:39,2023-03-03 23:48:38,51.91,93.86,Waxing Gibbous,82.31,82,Cultivated Crops,132.231,0,FMA,-0.02,Neutral,0.49607173,0.5049166,0.49141672,0.50908333,52.345623,54.01625,51.62375,54.263752,61.4,41.7,52.4,27.3,1.08,6.0,79,0.7,1,100,Moderate or heavy rain shower
1085394,2023-03-03 10:00:00,2023-03-03 12:30:00,UNION CO.,UNIONTOWN,0.0,2.65,BOXVILLE,37.77,-87.93,37.6549,-87.8345,2023,150.0,2.5,0,0,0,0,0,0,-2.18,263.88,2023-03-03 12:20:21,2023-03-03 23:47:25,52.01,94.87,Waxing Gibbous,82.31,82,Cultivated Crops,129.047,0,FMA,-0.02,Neutral,0.38959256,0.419,0.37925005,0.41524997,51.370323,50.82875,51.158745,52.276253,60.2,40.1,50.7,28.4,2.0,4.0,80,0.5,1,100,Moderate or heavy rain shower
1082943,2023-03-03 10:18:00,2023-03-03 11:30:00,MARSHALL CO.,CALVERT CITY,3.0,1.42,PALMA,36.9993,-88.3885,36.9968,-88.3564,2023,72.0,1.2,0,0,0,0,0,0,-1.87,263.56,2023-03-03 12:21:39,2023-03-03 23:49:47,51.7,93.56,Waxing Gibbous,82.31,41,Deciduous Forest,128.398,0,FMA,-0.02,Neutral,0.40885457,0.42558336,0.40158328,0.42820832,52.594627,54.00875,52.024998,54.07625,59.5,42.1,52.3,27.7,1.28,5.0,79,0.7,1,100,Moderate or heavy rain shower
1085393,2023-03-03 11:00:00,2023-03-03 14:00:00,WEBSTER CO.,PROVIDENCE,0.0,0.0,CLAY,37.4,-87.77,37.48,-87.83,2023,180.0,3.0,0,0,0,0,0,0,-2.25,263.95,2023-03-03 12:19:28,2023-03-03 23:47:02,52.17,94.49,Waxing Gibbous,82.31,82,Cultivated Crops,113.731,0,FMA,-0.02,Neutral,0.4127734,0.42445835,0.40808335,0.42495832,52.729103,53.9,52.18625,54.199997,60.2,40.8,51.8,28.2,1.46,6.0,79,0.6,1,100,Moderate or heavy rain shower
1084604,2023-03-24 20:00:00,2023-03-25 01:00:00,GRAVES CO.,SEDALIA,3.0,3.0,SYMSONIA,36.6193,-88.5617,36.92,-88.52,2023,300.0,5.0,0,0,0,0,0,0,1.24,270.88,2023-03-24 11:51:56,2023-03-24 00:08:48,29.11,263.19,Waxing Crescent,6.71,41,Deciduous Forest,141.719,0,FMA,-0.02,Neutral,0.40657794,0.4179167,0.4029584,0.41520834,50.480976,60.69125,47.405,57.62375,66.4,55.8,62.7,14.5,2.92,5.0,92,1.1,1,100,Moderate or heavy rain shower
1085398,2023-03-24 21:00:00,2023-03-25 01:00:00,MARSHALL CO.,OAK LEVEL,2.19,0.0,HARVY,36.8385,-88.4664,36.8146,-88.4482,2023,240.0,4.0,0,0,0,0,0,0,1.18,270.93,2023-03-24 11:51:30,2023-03-24 00:08:27,29.0,263.13,Waxing Crescent,6.71,82,Cultivated Crops,143.718,0,FMA,-0.02,Neutral,0.40212044,0.41554168,0.39679167,0.41591668,50.346912,60.031254,47.434998,57.1025,66.9,55.6,62.9,15.7,3.15,5.0,91,1.1,1,100,Moderate or heavy rain shower
1084605,2023-03-24 21:21:00,2023-03-25 01:00:00,CALLOWAY CO.,MURRAY,2.0,2.0,MURRAY,36.649,-88.32,36.62,-88.3561,2023,219.0,3.65,0,0,20000,0,0,0,1.07,271.02,2023-03-24 11:50:57,2023-03-24 00:07:50,28.91,263.33,Waxing Crescent,6.71,82,Cultivated Crops,166.345,0,FMA,-0.02,Neutral,0.4021146,0.41695833,0.39591667,0.41841662,50.557102,60.687496,47.48375,57.7175,67.5,60.9,63.9,14.1,2.3,5.0,90,1.5,1,100,Moderate or heavy rain shower
1084606,2023-03-24 22:04:00,2023-03-25 01:00:00,HOPKINS CO.,HANSON,0.0,0.0,NORTONVILLE,37.42,-87.48,37.2,-87.47,2023,176.0,2.93,0,0,0,0,0,0,0.5,271.52,2023-03-24 11:47:26,2023-03-24 00:04:37,28.15,263.45,Waxing Crescent,6.71,41,Deciduous Forest,138.04,0,FMA,-0.02,Neutral,0.41164708,0.42158338,0.40791667,0.42112502,50.156864,58.981255,47.408752,56.637497,66.4,54.9,62.0,13.2,2.9,5.0,90,1.1,1,100,Moderate or heavy rain shower
1093986,2023-05-09 02:50:00,2023-05-09 04:15:00,LAUREL CO.,LONDON,1.0,0.86,LONDON,37.1445,-84.0817,37.1443,-84.0831,2023,85.0,1.42,0,0,0,0,0,0,5.24,287.79,2023-05-09 10:33:15,2023-05-09 00:31:57,-46.26,93.63,Waning Gibbous,87.04,23,"Developed, Medium Intensity",377.126,22,AMJ,0.57,El Nino,0.359315,0.46025002,0.33799994,0.39875004,57.827263,65.465004,55.5275,63.166252,77.0,57.6,67.3,9.8,0.26,5.0,82,5.9,1,100,Patchy rain possible
1093987,2023-05-09 03:40:00,2023-05-09 04:15:00,LAUREL CO.,EAST BERNSTADT,0.49,0.47,EAST BERNSTADT,37.1871,-84.1202,37.1882,-84.1191,2023,35.0,0.58,0,0,0,0,0,0,5.28,287.77,2023-05-09 10:33:19,2023-05-09 00:32:11,-46.29,93.57,Waning Gibbous,87.04,22,"Developed, Low Intensity",360.879,23,AMJ,0.57,El Nino,0.2832821,0.3669583,0.2686667,0.3055,57.71975,65.24375,55.441254,63.02375,77.0,57.6,67.3,9.8,0.26,5.0,82,5.9,1,100,Patchy rain possible
1102490,2023-06-18 23:14:00,2023-06-19 01:30:00,CALLOWAY CO.,KIRKSEY,1.66,1.67,COPELAND,36.7,-88.41,36.7125,-88.4076,2023,136.0,2.27,0,0,30000,0,0,0,12.78,289.84,2023-06-18 10:34:23,2023-06-18 01:14:58,12.19,294.51,New Moon,0.16,81,Pasture/Hay,165.534,0,MJJ,0.84,El Nino,0.25929752,0.21262498,0.27300003,0.22787507,68.696976,72.63875,67.2275,72.42125,81.5,64.5,72.7,9.2,1.34,6.0,74,10.7,1,100,Moderate or heavy rain shower
1119261,2023-06-19 18:00:00,2023-06-19 19:00:00,JEFFERSON CO.,SMYRNA,2.16,2.2,SMYRNA,38.0988,-85.6466,38.0989,-85.6453,2023,60.0,1.0,0,0,0,0,0,0,11.27,291.07,2023-06-19 10:19:17,2023-06-19 01:08:25,20.51,289.32,New Moon,0.8,23,"Developed, Medium Intensity",179.949,0,MJJ,0.84,El Nino,0.24690334,0.34870836,0.22554165,0.2862083,68.21972,71.15,66.89749,71.77625,74.0,65.3,69.2,7.2,1.16,6.0,76,5.8,1,100,Moderate or heavy rain shower
1115236,2023-06-25 10:10:00,2023-06-25 12:10:00,HARDIN CO.,GAITHERS,0.57,0.54,GAITHERS,37.6582,-85.9006,37.6582,-85.9004,2023,120.0,2.0,0,0,0,0,0,0,11.53,290.82,2023-06-25 10:23:04,2023-06-25 01:09:19,56.22,210.16,Waxing Crescent,37.45,22,"Developed, Low Intensity",204.177,49,MJJ,0.84,El Nino,0.37092796,0.4079167,0.35208333,0.42320836,68.84757,75.931244,67.01375,72.77375,88.9,66.7,77.0,11.6,0.62,5.0,77,7.4,1,100,Moderate or heavy rain shower
1119188,2023-06-29 08:45:00,2023-06-29 10:45:00,HANCOCK CO.,LEWISPORT,0.82,1.28,LEWISPORT,37.9342,-86.914,37.9283,-86.9097,2023,120.0,2.0,0,0,0,0,0,0,12.44,289.96,2023-06-29 10:27:46,2023-06-29 01:14:27,31.28,150.36,Waxing Gibbous,75.92,95,Emergent Herbaceous Wetlands,117.066,0,MJJ,0.84,El Nino,0.28204837,0.29283336,0.2768333,0.2963333,69.414276,74.36,67.94375,72.807495,86.2,68.7,76.7,11.0,0.71,6.0,73,10.2,1,100,Moderate or heavy rain shower
1102484,2023-06-29 09:00:00,2023-06-29 14:00:00,DAVIESS CO.,DERMOT,0.69,1.12,HABIT,37.74,-87.03,37.7052,-86.977,2023,300.0,5.0,0,0,40000,0,0,0,12.46,289.94,2023-06-29 10:28:49,2023-06-29 01:14:20,31.41,150.18,Waxing Gibbous,75.92,90,Woody Wetlands,119.838,0,MJJ,0.84,El Nino,0.27679998,0.30175003,0.26700005,0.30208337,71.190575,75.80376,69.74,74.62625,87.7,69.6,77.6,11.7,0.73,6.0,71,11.3,1,100,Moderate or heavy rain shower
1119190,2023-06-29 11:05:00,2023-06-29 11:05:00,SIMPSON CO.,PRICES MILL,0.55,0.4,PRICES MILL,36.68,-86.73,36.6812,-86.7327,2023,0.0,0.0,0,0,0,0,0,0,11.88,290.32,2023-06-29 10:30:44,2023-06-29 01:10:00,32.46,150.16,Waxing Gibbous,75.92,82,Cultivated Crops,175.861,0,MJJ,0.84,El Nino,0.3221734,0.34245834,0.3260001,0.30229172,73.112045,79.6025,71.01125,78.15126,89.2,69.6,77.8,10.1,0.34,6.0,69,12.2,1,100,Moderate or heavy rain shower
1124113,2023-07-09 00:00:00,2023-07-09 04:00:00,WHITLEY CO.,HIGHLAND PARK,0.64,0.61,HIGHLAND PARK,36.7412,-84.1537,36.7415,-84.154,2023,240.0,4.0,0,0,0,0,0,0,9.83,290.77,2023-07-09 10:25:18,2023-07-09 00:58:29,-50.85,30.69,Waning Gibbous,62.06,22,"Developed, Low Intensity",290.259,40,JJA,1.12,El Nino,0.32703254,0.36324993,0.31258324,0.36449996,70.192444,74.16875,68.802505,73.6325,82.6,66.5,73.3,9.2,0.17,5.0,87,3.5,1,100,Moderate or heavy rain shower
1128824,2023-07-18 18:15:00,2023-07-18 20:15:00,JEFFERSON CO.,AVOCA,0.89,0.8,BECKLEY,38.2566,-85.486,38.2563,-85.4849,2023,120.0,2.0,0,0,0,0,0,0,10.75,288.54,2023-07-18 10:32:34,2023-07-18 01:04:03,15.23,290.12,New Moon,0.24,22,"Developed, Low Intensity",185.403,7,JJA,1.12,El Nino,0.24813251,0.351375,0.22633336,0.28845835,72.982956,75.042496,72.17,75.08375,85.0,66.0,74.0,10.3,0.73,5.0,80,4.7,1,100,Moderate or heavy rain shower
1128825,2023-07-18 18:35:00,2023-07-18 20:35:00,JEFFERSON CO.,MIDDLETOWN,0.68,0.66,MIDDLETOWN,38.2584,-85.5365,38.2599,-85.537,2023,120.0,2.0,0,0,0,0,0,0,10.78,288.51,2023-07-18 10:32:46,2023-07-18 01:04:16,15.26,290.09,New Moon,0.24,21,"Developed, Open Space",209.562,3,JJA,1.12,El Nino,0.24813251,0.351375,0.22633336,0.28845835,72.982956,75.042496,72.17,75.08375,85.1,66.2,74.2,10.3,0.58,5.0,80,4.1,1,100,Moderate or heavy rain shower
1128827,2023-07-18 18:55:00,2023-07-18 20:55:00,SHELBY CO.,MONTCLAIR,1.46,1.47,MONTCLAIR,38.218,-85.3032,38.2185,-85.3006,2023,120.0,2.0,0,0,0,0,0,0,10.6,288.66,2023-07-18 10:31:56,2023-07-18 01:03:13,15.08,290.23,New Moon,0.24,41,Deciduous Forest,208.395,0,JJA,1.12,El Nino,0.23141831,0.32195833,0.20233329,0.30095828,71.041214,73.07375,70.16001,73.385,85.0,64.6,73.5,11.4,0.52,5.0,82,3.6,1,100,Moderate or heavy rain shower
1128831,2023-07-18 18:59:00,2023-07-18 20:59:00,MARION CO.,GANDERTOWN,2.13,2.07,GANDERTOWN,37.7104,-85.3872,37.7103,-85.3865,2023,120.0,2.0,0,0,0,0,0,0,10.5,288.7,2023-07-18 10:33:38,2023-07-18 01:02:12,14.96,290.32,New Moon,0.24,21,"Developed, Open Space",154.754,9,JJA,1.12,El Nino,0.25944963,0.36808336,0.23116662,0.32020834,71.97485,73.9625,71.1275,74.2175,86.1,66.2,74.7,11.4,0.63,5.0,80,4.3,1,100,Moderate or heavy rain shower
1116248,2023-07-18 19:45:00,2023-07-18 20:45:00,CAMPBELL CO.,ONEONTA,0.54,0.61,ONEONTA,38.97,-84.31,38.9715,-84.3039,2023,60.0,1.0,0,0,20000,0,0,0,10.11,289.1,2023-07-18 10:25:54,2023-07-18 01:01:19,14.61,290.58,New Moon,0.24,81,Pasture/Hay,148.793,0,JJA,1.12,El Nino,0.26192796,0.35991666,0.24745835,0.278875,70.280525,72.3575,69.439995,72.46999,82.9,64.4,72.6,8.1,0.46,4.0,78,3.6,1,100,Moderate or heavy rain shower
1116250,2023-07-18 19:45:00,2023-07-18 20:45:00,KENTON CO.,SOUTH FT MITCHELL,1.48,1.42,SOUTH FT MITCHELL,39.01,-84.56,38.9986,-84.5637,2023,60.0,1.0,0,0,30000,0,0,0,10.31,288.95,2023-07-18 10:26:48,2023-07-18 01:02:26,14.81,290.43,New Moon,0.24,22,"Developed, Low Intensity",267.791,25,JJA,1.12,El Nino,0.2731975,0.36074996,0.26216665,0.28183335,70.19476,72.21875,69.4175,72.185,82.6,64.4,72.8,9.7,0.29,4.0,79,4.5,1,100,Moderate or heavy rain shower
1102154,2023-07-19 00:56:00,2023-07-19 15:00:00,GRAVES CO.,LOWES,3.0,5.0,BOAZ,36.9107,-88.8084,36.9077,-88.5464,2023,844.0,14.07,0,0,2000000,1000000,0,0,12.75,286.79,2023-07-19 10:50:09,2023-07-19 01:13:12,24.75,279.98,New Moon,1.57,82,Cultivated Crops,121.473,0,JJA,1.12,El Nino,0.30262586,0.39020833,0.27904168,0.35429165,74.10512,76.62501,73.28375,76.08125,88.7,71.1,78.8,11.2,2.93,5.0,79,7.1,1,100,Moderate or heavy rain shower
1102165,2023-07-19 03:56:00,2023-07-19 15:00:00,CALLOWAY CO.,LYNN GROVE,4.0,0.0,BACKUSBURG,36.5421,-88.43,36.7093,-88.4672,2023,664.0,11.07,0,0,500000,0,0,0,12.35,287.08,2023-07-19 10:49:35,2023-07-19 01:10:44,24.39,280.35,New Moon,1.57,82,Cultivated Crops,164.164,0,JJA,1.12,El Nino,0.30611166,0.38916662,0.28095832,0.36466667,73.881615,76.51625,73.02875,75.927505,88.2,71.6,78.4,12.6,2.68,5.0,77,7.6,1,100,Moderate or heavy rain shower
1102183,2023-07-19 04:30:00,2023-07-19 13:00:00,FULTON CO.,ANNA LYNNE,0.0,1.12,HICKMAN,36.55,-89.25,36.587,-89.1945,2023,510.0,8.5,0,0,100000,0,0,0,12.98,286.63,2023-07-19 10:52:50,2023-07-19 01:14:02,25.04,279.92,New Moon,1.57,11,Open Water,91.8801,0,JJA,1.12,El Nino,0.28445,0.36700007,0.25837496,0.34633335,75.23086,78.275,74.314995,77.356255,90.5,73.4,80.6,16.1,1.47,5.0,76,6.6,1,100,Moderate or heavy rain shower
1102181,2023-07-19 04:45:00,2023-07-19 15:00:00,CARLISLE CO.,ARLINGTON,1.0,1.31,MILBURN,36.7698,-89.0328,36.7984,-88.8336,2023,615.0,10.25,0,0,500000,0,0,0,12.88,286.7,2023-07-19 10:51:25,2023-07-19 01:13:44,24.91,279.93,New Moon,1.57,41,Deciduous Forest,113.194,0,JJA,1.12,El Nino,0.29983667,0.38116667,0.27754164,0.34916663,74.50615,77.15,73.673744,76.478745,90.3,73.4,79.9,14.3,2.88,5.0,76,6.3,1,100,Moderate or heavy rain shower
1102170,2023-07-19 05:38:00,2023-07-19 15:00:00,HICKMAN CO.,BEULAH,4.3,0.69,BEELERTON,36.7125,-88.8203,36.5886,-88.8111,2023,562.0,9.37,0,0,250000,0,0,0,12.7,286.83,2023-07-19 10:50:42,2023-07-19 01:12:44,24.73,280.07,New Moon,1.57,82,Cultivated Crops,126.455,0,JJA,1.12,El Nino,0.31218585,0.3938333,0.28483334,0.37875,76.111404,78.2075,75.41,77.81749,90.2,72.9,79.1,12.4,2.8,5.0,77,6.4,1,100,Moderate or heavy rain shower
1102172,2023-07-19 06:25:00,2023-07-19 15:00:00,MCCRACKEN CO.,OAKS,1.4,2.2,CAMMELIA,36.9583,-88.5294,36.9853,-88.8098,2023,515.0,8.58,0,0,150000,0,0,0,12.55,286.93,2023-07-19 10:48:55,2023-07-19 01:12:12,24.54,280.11,New Moon,1.57,41,Deciduous Forest,136.154,0,JJA,1.12,El Nino,0.29529753,0.391125,0.27108333,0.346375,74.11891,76.542496,73.29125,76.14875,88.3,70.5,78.2,11.9,2.41,5.0,81,5.7,1,100,Moderate or heavy rain shower
1102178,2023-07-19 06:29:00,2023-07-19 15:00:00,BALLARD CO.,KEVIL,0.0,0.0,MONKEYS EYEBROW,37.08,-88.9,37.1955,-88.9722,2023,511.0,8.52,0,0,700000,0,0,0,12.86,286.7,2023-07-19 10:50:05,2023-07-19 01:14:00,24.86,279.85,New Moon,1.57,82,Cultivated Crops,112.178,0,JJA,1.12,El Nino,0.2911196,0.39495835,0.2656249,0.34391665,76.00986,77.77251,75.34624,77.697495,88.7,71.1,78.8,11.2,2.93,5.0,79,7.1,1,100,Moderate or heavy rain shower
1102185,2023-07-19 08:30:00,2023-07-19 12:00:00,MARSHALL CO.,GILBERTSVILLE ARPT,0.58,0.0,TATUMSVILLE,37.0119,-88.2971,36.9114,-88.246,2023,210.0,3.5,0,0,50000,0,0,0,12.39,287.05,2023-07-19 10:47:51,2023-07-19 01:11:25,24.37,280.21,New Moon,1.57,41,Deciduous Forest,122.196,0,JJA,1.12,El Nino,0.28254336,0.35245836,0.2770833,0.2779583,74.30034,76.69625,73.385,76.64,88.7,70.2,78.0,11.5,1.71,5.0,81,6.4,1,100,Moderate or heavy rain shower
1108789,2023-07-24 13:50:00,2023-07-24 14:50:00,BALLARD CO.,WICKLIFFE,0.0,1.5,BLANDVILLE,36.97,-89.08,36.95,-88.95,2023,60.0,1.0,0,0,0,0,0,0,12.46,285.78,2023-07-24 10:54:52,2023-07-24 01:11:10,44.76,214.38,Waxing Crescent,31.53,41,Deciduous Forest,128.615,0,JJA,1.12,El Nino,0.28203005,0.29725,0.27212498,0.31091666,74.22095,77.75749,73.31376,76.152504,90.5,68.4,79.5,9.8,0.17,6.0,63,12.2,1,100,Moderate or heavy rain shower
1108793,2023-07-24 14:55:00,2023-07-24 15:50:00,CALDWELL CO.,PRINCETON,2.0,2.0,PRINCETON,37.0995,-87.8957,37.1405,-87.8957,2023,55.0,0.92,0,0,0,0,0,0,11.6,286.42,2023-07-24 10:49:48,2023-07-24 01:06:45,44.1,215.8,Waxing Crescent,31.53,23,"Developed, Medium Intensity",151.388,76,JJA,1.12,El Nino,0.35077962,0.3715833,0.33837494,0.38637495,72.89139,76.71875,71.869995,75.1175,88.6,69.6,78.5,11.0,0.09,6.0,68,12.4,1,100,Moderate or heavy rain shower
1117240,2023-07-27 22:15:00,2023-07-27 23:15:00,BOONE CO.,BULLITTSVILLE,0.41,0.76,BULLITTSVILLE,39.0835,-84.7238,39.0869,-84.7241,2023,60.0,1.0,0,0,0,0,0,0,9.42,287.36,2023-07-27 10:34:40,2023-07-27 00:56:36,31.79,175.59,Waxing Gibbous,61.18,23,"Developed, Medium Intensity",250.767,0,JJA,1.12,El Nino,0.2576584,0.31508332,0.24587499,0.2789167,73.931305,80.585,71.90375,78.665,88.3,73.6,79.9,11.7,0.12,5.0,70,7.0,1,100,Moderate or heavy rain shower
1128926,2023-07-27 23:05:00,2023-07-28 00:05:00,HARRISON CO.,CYNTHIANA,1.29,1.28,CYNTHIANA,38.3946,-84.2851,38.3951,-84.2837,2023,60.0,1.0,0,0,0,0,0,0,8.89,287.72,2023-07-27 10:34:37,2023-07-27 00:53:08,32.51,176.06,Waxing Gibbous,61.18,22,"Developed, Low Intensity",221.491,43,JJA,1.12,El Nino,0.24940462,0.29620835,0.23145832,0.29533336,72.56596,80.16499,70.3775,77.53624,91.0,74.5,80.2,13.9,0.08,5.0,71,7.1,1,100,Moderate or heavy rain shower
1128927,2023-07-27 23:28:00,2023-07-28 00:28:00,HARRISON CO.,CLAYSVILLE,2.11,2.14,CLAYSVILLE,38.5002,-84.2098,38.5003,-84.2076,2023,60.0,1.0,0,0,0,0,0,0,8.87,287.75,2023-07-27 10:34:03,2023-07-27 00:53:06,32.41,176.15,Waxing Gibbous,61.18,22,"Developed, Low Intensity",189.213,22,JJA,1.12,El Nino,0.2617859,0.3290833,0.23962499,0.31533337,72.36812,79.62875,70.25,77.21,91.0,74.5,80.2,13.9,0.08,5.0,71,7.1,1,100,Moderate or heavy rain shower
1128929,2023-07-27 23:48:00,2023-07-28 00:30:00,NICHOLAS CO.,HOOKTOWN,0.72,0.66,HOOKTOWN,38.3603,-84.1481,38.3601,-84.1469,2023,42.0,0.7,1,0,0,0,0,0,8.78,287.81,2023-07-27 10:34:09,2023-07-27 00:52:30,32.55,176.21,Waxing Gibbous,61.18,21,"Developed, Open Space",245.755,11,JJA,1.12,El Nino,0.22858208,0.25945833,0.21525,0.26400003,72.729645,80.603745,70.46375,77.87375,91.6,73.0,80.5,12.5,0.13,5.0,70,7.9,1,100,Moderate or heavy rain shower
1128930,2023-07-29 20:20:00,2023-07-29 22:20:00,MARION CO.,NURKES SPG,3.15,3.11,NURKES SPG,37.6425,-85.2931,37.6433,-85.2927,2023,120.0,2.0,0,0,0,0,0,0,9.14,286.89,2023-07-29 10:42:06,2023-07-29 00:53:38,19.39,150.84,Waxing Gibbous,80.7,82,Cultivated Crops,223.968,0,JJA,1.12,El Nino,0.25058168,0.2742917,0.24000001,0.2789583,74.76748,80.4575,72.762505,79.744995,94.2,75.4,83.4,12.1,0.16,6.0,61,11.5,1,100,Moderate rain at times
1128931,2023-07-29 20:30:00,2023-07-29 22:30:00,MARION CO.,LEBANON,2.83,2.67,LEBANON,37.6109,-85.2541,37.6114,-85.2524,2023,120.0,2.0,0,0,0,0,0,0,9.1,286.91,2023-07-29 10:42:01,2023-07-29 00:53:25,19.43,150.87,Waxing Gibbous,80.7,22,"Developed, Low Intensity",231.121,29,JJA,1.12,El Nino,0.22746877,0.25675002,0.2173333,0.2524583,74.666336,80.435,72.60125,79.82376,94.5,73.8,82.9,12.5,0.41,6.0,61,10.6,1,100,Moderate rain at times
1128932,2023-07-29 21:10:00,2023-07-29 22:30:00,MARION CO.,NURKES SPG,2.93,2.96,NURKES SPG,37.6242,-85.3075,37.624,-85.3062,2023,80.0,1.33,0,0,0,0,0,0,9.14,286.88,2023-07-29 10:42:12,2023-07-29 00:53:39,19.4,150.83,Waxing Gibbous,80.7,81,Pasture/Hay,237.881,0,JJA,1.12,El Nino,0.25058168,0.2742917,0.24000001,0.2789583,74.76748,80.4575,72.762505,79.744995,94.2,75.4,83.4,12.1,0.16,6.0,61,11.5,1,100,Moderate rain at times
1121608,2023-08-03 09:04:00,2023-08-03 10:30:00,FULTON CO.,HICKMAN,0.54,0.55,DODD,36.5638,-89.1857,36.5661,-89.1542,2023,86.0,1.43,0,0,0,0,0,0,11.05,283.89,2023-08-03 11:04:08,2023-08-03 01:02:13,-26.12,92.04,Full Moon,97.54,82,Cultivated Crops,103.517,0,JAS,1.37,El Nino,0.33150253,0.40587506,0.3103333,0.37929168,78.12013,79.63999,77.723755,78.97249,90.4,74.8,81.7,11.9,0.98,5.0,64,5.3,1,100,Moderate or heavy rain shower
1122681,2023-08-04 04:49:00,2023-08-04 11:00:00,FULTON CO.,CAYCE,1.39,2.23,STATE LINE,36.5683,-89.0403,36.5193,-89.1489,2023,371.0,6.18,0,0,2000000,0,0,0,10.78,283.77,2023-08-04 11:04:21,2023-08-04 01:00:41,-32.77,77.88,Waning Gibbous,92.46,82,Cultivated Crops,97.7863,0,JAS,1.37,El Nino,0.33804795,0.40791667,0.31720826,0.38620842,78.169365,80.33375,77.41625,80.03001,91.6,73.2,80.9,9.4,1.02,5.0,72,7.2,1,100,Moderate or heavy rain shower
1122686,2023-08-04 08:00:00,2023-08-04 11:30:00,HICKMAN CO.,GREENVILLE CROSSING,0.59,1.42,CLINTON,36.6496,-89.0594,36.6647,-89.0122,2023,210.0,3.5,0,0,0,0,0,0,10.81,283.74,2023-08-04 11:04:15,2023-08-04 01:00:55,-32.77,77.81,Waning Gibbous,92.46,81,Pasture/Hay,123.747,0,JAS,1.37,El Nino,0.34233415,0.40904173,0.3242916,0.38195834,77.98175,80.2925,77.183754,79.9475,90.1,72.5,80.0,8.8,1.37,5.0,77,8.5,1,100,Moderate or heavy rain shower
1128432,2023-08-05 05:30:00,2023-08-05 10:30:00,HICKMAN CO.,BEULAH,0.0,1.6,BEULAH,36.77,-88.85,36.7441,-88.8679,2023,300.0,5.0,0,0,0,0,0,0,10.51,283.63,2023-08-05 11:03:59,2023-08-05 00:59:20,-37.33,62.02,Waning Gibbous,85.0,41,Deciduous Forest,135.369,0,JAS,1.37,El Nino,0.34147254,0.40987507,0.31504172,0.40929165,77.52298,79.55,76.82,79.2575,88.7,73.2,80.3,8.1,0.46,5.0,74,9.5,1,100,Moderate or heavy rain shower
1122731,2023-08-12 09:00:00,2023-08-12 10:00:00,GRAVES CO.,WINGO,2.0,2.0,WINGO,36.6295,-88.7555,36.6705,-88.7555,2023,60.0,1.0,0,0,0,0,0,0,9.08,282.2,2023-08-12 11:09:37,2023-08-12 00:51:07,-16.54,324.54,Waning Crescent,17.03,41,Deciduous Forest,137.357,0,JAS,1.37,El Nino,0.35161507,0.38325003,0.33916667,0.38375005,75.31187,78.2075,74.374985,77.558754,88.0,72.9,79.7,10.9,0.35,6.0,82,11.1,1,100,Moderate or heavy rain shower
1122732,2023-08-12 09:20:00,2023-08-12 11:15:00,CALLOWAY CO.,MURRAY,4.0,1.0,MURRAY,36.5791,-88.269,36.5933,-88.3338,2023,115.0,1.92,0,0,0,0,0,0,8.69,282.48,2023-08-12 11:07:45,2023-08-12 00:49:05,-16.8,324.91,Waning Crescent,17.03,82,Cultivated Crops,143.749,0,JAS,1.37,El Nino,0.32157502,0.35837498,0.30570826,0.36370838,75.07306,78.357506,74.09,77.348755,88.6,73.1,79.6,10.5,0.14,6.0,81,11.5,1,100,Moderate or heavy rain shower
1126961,2023-08-26 03:14:00,2023-08-26 05:00:00,HENDERSON CO.,HENDERSON,2.0,2.0,HENDERSON,37.83,-87.6167,37.8773,-87.5599,2023,106.0,1.77,0,0,0,0,0,0,5.15,279.51,2023-08-26 11:14:58,2023-08-26 00:30:24,22.34,165.47,Waxing Gibbous,67.04,11,Open Water,105.0,0,JAS,1.37,El Nino,0.28206417,0.24929166,0.28608334,0.27920836,79.13832,84.27125,77.36749,83.49876,93.2,73.7,82.7,9.8,0.19,6.0,70,7.9,1,100,Overcast
1126965,2023-08-27 05:30:00,2023-08-27 10:30:00,CALDWELL CO.,PRINCETON,2.0,2.0,PRINCETON,37.0995,-87.8957,37.1405,-87.8957,2023,300.0,5.0,0,0,0,0,0,0,4.99,279.17,2023-08-27 11:17:49,2023-08-27 00:29:12,18.01,152.0,Waxing Gibbous,77.2,23,"Developed, Medium Intensity",151.388,76,JAS,1.37,El Nino,0.42279747,0.493875,0.40354168,0.465125,75.780945,75.68375,75.08376,78.20375,81.1,70.2,75.2,9.2,2.23,6.0,78,4.9,1,100,Moderate or heavy rain shower
1126968,2023-08-27 08:30:00,2023-08-27 10:00:00,CHRISTIAN CO.,HERNDON,0.0,0.0,FIDELIO,36.73,-87.57,36.7387,-87.4277,2023,90.0,1.5,1,0,10000,0,0,0,4.68,279.39,2023-08-27 11:16:57,2023-08-27 00:27:28,18.46,152.21,Waxing Gibbous,77.2,82,Cultivated Crops,171.535,0,JAS,1.37,El Nino,0.41733038,0.4917917,0.39895836,0.4555,75.65498,75.451256,75.02,77.9,81.3,70.7,75.5,9.2,1.04,5.0,77,6.1,1,100,Moderate or heavy rain shower
1126970,2023-08-27 11:00:00,2023-08-27 12:00:00,TODD CO.,GUTHRIE,0.0,2.0,GUTHRIE,36.65,-87.17,36.6454,-87.211,2023,60.0,1.0,0,0,0,0,0,0,4.36,279.63,2023-08-27 11:15:27,2023-08-27 00:25:46,18.68,152.54,Waxing Gibbous,77.2,82,Cultivated Crops,164.689,0,JAS,1.37,El Nino,0.41811666,0.49441668,0.39670837,0.4660834,75.78711,75.8825,75.10251,78.10249,80.4,70.7,75.4,8.1,1.93,5.0,79,6.0,1,100,Moderate or heavy rain shower
1133994,2023-09-05 17:30:00,2023-09-05 22:00:00,CHRISTIAN CO.,CROFTON,6.0,1.0,FRUIT HILL,36.9886,-87.4031,37.0058,-87.3889,2023,270.0,4.5,0,0,40000,0,0,0,2.21,277.3,2023-09-05 11:23:17,2023-09-05 00:14:12,-27.51,32.48,Waning Gibbous,69.87,23,"Developed, Medium Intensity",183.527,0,ASO,1.6,El Nino,0.38613293,0.35179165,0.38754165,0.39275002,74.39656,79.085,73.051254,77.44625,86.4,71.1,77.2,11.9,0.06,5.0,81,6.0,1,100,Heavy rain at times
1139018,2023-09-10 20:00:00,2023-09-10 22:30:00,BELL CO.,MIDDLESBORO,0.93,0.91,MIDDLESBORO,36.608,-83.7066,36.6076,-83.7124,2023,150.0,2.5,0,0,0,0,0,0,-1.48,278.28,2023-09-10 11:12:45,2023-09-10 23:50:15,-21.71,332.09,Waning Crescent,21.75,24,"Developed, High Intensity",343.662,89,ASO,1.6,El Nino,0.2399471,0.26445833,0.23283331,0.25616664,71.6537,71.47505,71.561295,72.03006,80.8,60.6,68.9,4.9,0.18,4.0,83,4.2,1,100,Moderate or heavy rain shower
1139020,2023-09-10 20:00:00,2023-09-10 22:30:00,BELL CO.,BINGHAMTON,0.49,0.43,BINGHAMTON,36.624,-83.7048,36.6229,-83.705,2023,150.0,2.5,0,0,0,0,0,0,-1.48,278.28,2023-09-10 11:12:44,2023-09-10 23:50:16,-21.69,332.1,Waning Crescent,21.75,23,"Developed, Medium Intensity",345.847,68,ASO,1.6,El Nino,0.23804545,0.28879166,0.22758333,0.257,71.927444,71.126,72.05975,71.741,80.8,60.6,68.9,4.9,0.18,4.0,83,4.2,1,100,Moderate or heavy rain shower
1139022,2023-09-10 20:00:00,2023-09-10 22:30:00,BELL CO.,MIDDLESBORO,1.08,1.13,MIDDLESBORO,36.612,-83.7074,36.6116,-83.7072,2023,150.0,2.5,0,0,0,0,0,0,-1.48,278.28,2023-09-10 11:12:45,2023-09-10 23:50:16,-21.7,332.09,Waning Crescent,21.75,22,"Developed, Low Intensity",343.415,34,ASO,1.6,El Nino,0.2399471,0.26445833,0.23283331,0.25616664,71.6654,71.48675,71.57299,72.04175,80.8,60.6,68.9,4.9,0.18,4.0,83,4.2,1,100,Moderate or heavy rain shower
1133996,2023-09-28 05:36:00,2023-09-28 09:40:00,CHRISTIAN CO.,HOPKINSVILLE,2.0,2.0,HOPKINSVILLE,36.85,-87.5162,36.8211,-87.48,2023,244.0,4.07,0,0,0,0,0,0,-4.14,271.39,2023-09-28 11:42:27,2023-09-28 23:38:23,10.43,110.6,Waxing Gibbous,96.98,21,"Developed, Open Space",167.572,7,ASO,1.6,El Nino,0.38929918,0.43016663,0.39199987,0.3664167,70.18689,69.755005,69.96876,71.07875,82.1,63.9,70.5,12.8,1.69,5.0,76,3.7,1,100,Moderate or heavy rain shower
1137218,2023-09-28 09:30:00,2023-09-28 11:15:00,TODD CO.,TRESS SHOP,1.03,2.85,TRESS SHOP,36.8287,-87.2015,36.8443,-87.256,2023,105.0,1.75,0,0,10000,0,0,0,-4.67,271.57,2023-09-28 11:41:11,2023-09-28 23:37:08,10.67,110.8,Waxing Gibbous,96.98,81,Pasture/Hay,201.661,0,ASO,1.6,El Nino,0.39311877,0.45250002,0.39616677,0.36287498,69.666466,68.84375,69.619995,70.1,81.9,63.5,70.2,12.1,1.16,5.0,77,4.0,1,100,Moderate or heavy rain shower
1156474,2024-02-28 08:30:00,2024-02-28 10:51:00,CARTER CO.,ROSE HILL,0.93,0.88,LAWTON,38.3168,-83.2266,38.2815,-83.2194,2024,141.0,2.35,0,0,0,0,0,0,-7.91,265.72,2024-02-28 12:06:33,2024-02-28 23:24:54,-29.04,74.94,Waning Gibbous,89.65,41,Deciduous Forest,329.375,0,JFM,1.62,El Nino,0.44825792,0.4801667,0.43945828,0.4677917,46.840702,54.031254,44.3375,53.026253,64.3,31.9,51.1,17.9,1.0,5.0,78,1.8,1,100,Moderate or heavy rain shower
1156475,2024-02-28 09:25:00,2024-02-28 10:51:00,CARTER CO.,COUNTS XRDS,0.67,1.01,GRAHN,38.3199,-83.1077,38.3002,-83.0976,2024,86.0,1.43,0,0,0,0,0,0,-8.0,265.8,2024-02-28 12:06:05,2024-02-28 23:24:25,-28.95,75.02,Waning Gibbous,89.65,43,Mixed Forest,299.026,0,JFM,1.62,El Nino,0.4522675,0.47324994,0.44758335,0.4613333,47.245102,54.62375,44.73875,53.37875,64.3,31.9,51.1,17.9,1.0,5.0,78,1.8,1,100,Moderate or heavy rain shower
1165562,2024-03-05 19:00:00,2024-03-05 21:30:00,HENDERSON CO.,WEAVERTON,1.0,1.0,WEAVERTON,37.8055,-87.5831,37.8166,-87.5492,2024,150.0,2.5,0,0,0,0,0,0,-2.0,265.02,2024-03-05 12:15:03,2024-03-05 23:48:44,-73.91,300.01,Waning Crescent,35.86,21,"Developed, Open Space",117.858,13,FMA,1.26,El Nino,0.38762918,0.38466665,0.39425,0.36591664,51.690727,61.775,48.69875,58.5875,66.7,58.1,62.6,14.5,0.25,6.0,85,1.6,1,100,Heavy rain at times
1176922,2024-04-15 20:20:00,2024-04-15 20:40:00,OLDHAM CO.,LA GRANGE,1.21,0.62,BALLARDSVILLE,38.4019,-85.3578,38.3785,-85.3398,2024,20.0,0.33,0,0,0,0,0,0,2.77,280.6,2024-04-15 11:04:28,2024-04-15 00:17:48,76.24,220.68,Waxing Crescent,42.11,41,Deciduous Forest,245.711,0,MAM,0.82,El Nino,0.3719221,0.34233332,0.37583336,0.36837497,54.96305,65.35625,52.19,61.00625,75.6,59.8,66.3,9.2,0.05,5.0,91,1.7,1,100,Moderate rain at times
1189061,2024-05-03 17:00:00,2024-05-03 18:00:00,LARUE CO.,ATHERTONVILLE,2.28,2.56,ATHERTONVILLE,37.6132,-85.6359,37.6127,-85.6348,2024,60.0,1.0,0,0,0,0,0,0,5.73,285.61,2024-05-03 10:43:56,2024-05-03 00:34:24,-60.37,317.17,Waning Crescent,33.05,21,"Developed, Open Space",156.95,4,AMJ,0.49,Neutral,0.35265422,0.39579168,0.34124997,0.37737504,61.40934,67.0925,59.43875,66.27125,73.8,62.7,66.9,10.1,1.22,4.0,90,2.6,1,100,Moderate or heavy rain shower
1176904,2024-05-06 18:20:00,2024-05-06 21:15:00,CARTER CO.,GRAYSON,0.67,0.88,GRAYSON,38.3249,-82.9605,38.3174,-82.9382,2024,175.0,2.92,0,0,0,0,0,0,4.43,287.86,2024-05-06 10:28:34,2024-05-06 00:27:53,-23.64,299.45,Waning Crescent,6.41,23,"Developed, Medium Intensity",181.9,34,AMJ,0.49,Neutral,0.4092784,0.4414583,0.41387498,0.3827916,60.5567,65.765,58.82,64.775,71.3,61.0,64.9,3.8,0.63,3.0,95,1.7,1,100,Moderate or heavy rain shower
1176905,2024-05-06 18:30:00,2024-05-06 21:15:00,CARTER CO.,BEECH GROVE,0.48,0.72,BEECH GROVE,38.307,-82.9301,38.2971,-82.9258,2024,165.0,2.75,0,0,0,0,0,0,4.4,287.88,2024-05-06 10:28:29,2024-05-06 00:27:43,-23.67,299.47,Waning Crescent,6.41,41,Deciduous Forest,197.742,0,AMJ,0.49,Neutral,0.41439494,0.44437504,0.417125,0.3950417,60.771202,65.93,59.01875,65.060005,71.3,61.0,64.9,3.8,0.63,3.0,95,1.7,1,100,Moderate or heavy rain shower
1176906,2024-05-06 18:35:00,2024-05-06 21:45:00,GREENUP CO.,ARGILLITE,1.08,0.71,PALMYRA,38.4879,-82.8371,38.4597,-82.8518,2024,190.0,3.17,0,0,0,0,0,0,4.39,287.92,2024-05-06 10:27:44,2024-05-06 00:27:43,-23.64,299.61,Waning Crescent,6.41,41,Deciduous Forest,258.227,0,AMJ,0.49,Neutral,0.3942825,0.42987502,0.40199998,0.35595843,60.774387,66.125,59.007496,65.04875,72.5,60.3,64.8,4.5,0.24,3.0,95,1.7,1,100,Heavy rain at times
1176907,2024-05-06 19:40:00,2024-05-06 21:45:00,BOYD CO.,RUSH,0.35,0.08,RUSH,38.3349,-82.7817,38.3356,-82.7817,2024,125.0,2.08,0,0,0,0,0,0,4.3,287.97,2024-05-06 10:27:50,2024-05-06 00:27:11,-23.76,299.59,Waning Crescent,6.41,22,"Developed, Low Intensity",194.034,40,AMJ,0.49,Neutral,0.39049506,0.41824996,0.40104166,0.34508333,60.916924,66.27125,59.112503,65.31874,71.3,61.0,64.9,3.8,0.63,3.0,95,1.7,1,100,Moderate or heavy rain shower
1176908,2024-05-06 19:40:00,2024-05-06 22:30:00,LAWRENCE CO.,PEACH ORCHARD,0.96,0.9,PATRICK,37.9394,-82.6315,37.9064,-82.6498,2024,170.0,2.83,0,0,5000,0,0,0,4.07,288.08,2024-05-06 10:28:03,2024-05-06 00:25:46,-24.05,299.57,Waning Crescent,6.41,41,Deciduous Forest,244.368,0,AMJ,0.49,Neutral,0.28026712,0.33308336,0.28387496,0.25029168,61.13015,65.85875,59.48375,65.19875,72.4,61.5,65.0,4.7,0.4,3.0,94,1.9,1,100,Moderate or heavy rain shower
1184016,2024-05-08 07:30:00,2024-05-08 09:30:00,TODD CO.,GUTHRIE,1.19,1.49,GUTHRIE,36.6542,-87.1491,36.6523,-87.1835,2024,120.0,2.0,0,0,0,0,0,0,7.37,286.03,2024-05-08 10:46:45,2024-05-08 00:43:00,5.53,289.2,New Moon,0.08,41,Deciduous Forest,165.759,0,AMJ,0.49,Neutral,0.42276832,0.49170828,0.39975002,0.47870836,63.74206,69.515,61.913757,68.08624,78.4,66.3,71.7,13.2,0.39,4.0,88,3.1,1,100,Patchy rain possible
1183969,2024-05-08 14:50:00,2024-05-08 18:30:00,HENDERSON CO.,DIXIE,3.93,3.82,DIXIE,37.6414,-87.7328,37.6583,-87.7417,2024,220.0,3.67,0,0,0,0,0,0,8.08,285.56,2024-05-08 10:47:01,2024-05-08 00:47:23,6.28,288.75,New Moon,0.08,82,Cultivated Crops,115.388,0,AMJ,0.49,Neutral,0.34018958,0.39245832,0.32454163,0.3764167,65.3741,71.7875,63.43999,69.8675,80.9,64.3,72.2,15.8,0.2,4.0,86,7.1,1,100,Moderate rain at times
1184049,2024-05-08 15:15:00,2024-05-09 03:00:00,TRIGG CO.,CALEDONIA,3.16,5.53,CADIZ,36.7826,-87.713,36.8829,-87.7945,2024,705.0,11.75,0,0,50000,0,0,0,7.83,285.69,2024-05-08 10:48:45,2024-05-08 00:45:31,5.99,288.86,New Moon,0.08,43,Mixed Forest,151.675,0,AMJ,0.49,Neutral,0.3919479,0.4677917,0.38633338,0.38591662,64.20463,69.995,62.34875,68.6375,78.8,67.4,71.9,13.0,0.82,3.0,90,3.5,1,100,Patchy rain possible
1183973,2024-05-08 16:20:00,2024-05-08 21:30:00,UNION CO.,HENSHAW,2.01,1.73,HENSHAW,37.6014,-88.0782,37.6329,-88.0636,2024,310.0,5.17,0,0,0,0,0,0,8.33,285.37,2024-05-08 10:48:29,2024-05-08 00:48:41,6.52,288.56,New Moon,0.08,21,"Developed, Open Space",116.714,9,AMJ,0.49,Neutral,0.2921808,0.32733333,0.2882084,0.29408342,64.161354,71.135,62.022495,69.17,81.1,63.3,72.1,14.5,0.27,4.0,86,7.8,1,100,Moderate rain at times
1184087,2024-05-08 19:30:00,2024-05-09 03:00:00,CHRISTIAN CO.,GAINSVILLE,2.97,1.21,GRACEY,36.9097,-87.4493,36.8723,-87.6565,2024,450.0,7.5,0,0,75000,0,0,0,7.67,285.82,2024-05-08 10:47:26,2024-05-08 00:44:43,5.84,289.0,New Moon,0.08,81,Pasture/Hay,160.93,0,AMJ,0.49,Neutral,0.41679874,0.46850002,0.40650007,0.43487498,63.863674,69.79625,61.99625,68.28875,78.9,66.6,71.7,13.2,1.18,4.0,89,3.8,1,100,Patchy rain possible
1188682,2024-05-08 21:11:00,2024-05-09 03:11:00,LOGAN CO.,ADAIRVILLE,1.14,1.23,ADAIRVILLE,36.6554,-86.8407,36.653,-86.8368,2024,360.0,6.0,0,0,0,0,0,0,7.14,286.2,2024-05-08 10:45:31,2024-05-08 00:41:46,5.3,289.37,New Moon,0.08,41,Deciduous Forest,156.031,0,AMJ,0.49,Neutral,0.43881497,0.497875,0.41837505,0.48920837,63.870018,69.755005,62.01125,68.28125,80.1,66.0,72.0,14.3,0.38,4.0,87,3.3,1,100,Moderate or heavy rain shower
1188683,2024-05-08 21:14:00,2024-05-09 03:14:00,LOGAN CO.,SCHLEY,1.52,1.58,SCHLEY,36.6662,-86.8987,36.6685,-86.8966,2024,360.0,6.0,0,0,0,0,0,0,7.18,286.17,2024-05-08 10:45:44,2024-05-08 00:42:01,5.35,289.34,New Moon,0.08,81,Pasture/Hay,150.659,0,AMJ,0.49,Neutral,0.45563456,0.49895838,0.4396249,0.49608338,63.851,69.822495,61.9925,68.2325,78.9,66.2,71.5,13.4,0.41,4.0,89,3.1,1,100,Patchy rain possible
1188684,2024-05-09 01:00:00,2024-05-09 04:00:00,LOGAN CO.,RUSSELLVILLE,0.44,0.42,RUSSELLVILLE,36.8473,-86.8871,36.8484,-86.8817,2024,180.0,3.0,0,0,0,0,0,0,7.37,286.38,2024-05-09 10:44:21,2024-05-09 00:43:13,18.45,285.8,New Moon,1.11,22,"Developed, Low Intensity",177.572,46,AMJ,0.49,Neutral,0.44913217,0.48933336,0.43154168,0.4960417,63.746635,69.24125,62.22125,67.145,78.1,59.7,69.8,16.3,0.42,6.0,81,10.1,1,100,Patchy rain possible
1188685,2024-05-09 01:00:00,2024-05-09 03:00:00,LOGAN CO.,AUBURN,1.38,1.34,AUBURN,36.8884,-86.7098,36.8892,-86.7087,2024,120.0,2.0,0,0,0,0,0,0,7.25,286.47,2024-05-09 10:43:34,2024-05-09 00:42:35,18.33,285.88,New Moon,1.11,21,"Developed, Open Space",184.396,8,AMJ,0.49,Neutral,0.477893,0.48991668,0.47045827,0.49937502,63.54909,68.94875,62.030003,66.9575,78.1,59.7,69.8,16.3,0.42,6.0,81,10.1,1,100,Patchy rain possible
1188687,2024-05-09 02:30:00,2024-05-09 04:30:00,ALLEN CO.,FOREST SPGS,2.61,2.47,FOREST SPGS,36.67,-86.21,36.6697,-86.2087,2024,120.0,2.0,1,0,0,0,0,0,6.81,286.78,2024-05-09 10:42:01,2024-05-09 00:40:08,17.88,286.21,New Moon,1.11,21,"Developed, Open Space",197.513,8,AMJ,0.49,Neutral,0.44092336,0.48908338,0.42024994,0.49574998,63.405575,68.72749,61.85,66.965,77.8,60.5,69.5,14.5,0.65,5.0,85,9.0,1,100,Heavy rain at times
1188688,2024-05-09 03:30:00,2024-05-09 06:30:00,ALLEN CO.,PETROLEUM,0.17,0.12,PETROLEUM,36.7024,-86.2497,36.7042,-86.2479,2024,180.0,3.0,0,0,0,0,0,0,6.85,286.76,2024-05-09 10:42:07,2024-05-09 00:40:22,17.92,286.18,New Moon,1.11,22,"Developed, Low Intensity",176.93,0,AMJ,0.49,Neutral,0.46919176,0.49066663,0.45845833,0.49883333,63.416412,68.73125,61.880005,66.91249,77.8,60.5,69.5,14.5,0.65,5.0,85,9.0,1,100,Heavy rain at times
1188689,2024-05-09 03:45:00,2024-05-09 06:45:00,SIMPSON CO.,FRANKLIN,1.86,1.77,FRANKLIN,36.7388,-86.546,36.7381,-86.545,2024,180.0,3.0,0,0,0,0,0,0,7.08,286.58,2024-05-09 10:43:13,2024-05-09 00:41:37,18.16,286.01,New Moon,1.11,21,"Developed, Open Space",186.792,7,AMJ,0.49,Neutral,0.47277415,0.49304163,0.46287492,0.49995837,65.05566,70.26125,63.608753,68.28125,77.9,61.8,69.9,16.1,0.43,5.0,83,9.7,1,100,Patchy rain possible
1182122,2024-05-14 14:40:00,2024-05-14 16:20:00,CALLOWAY CO.,NEW CONCORD,2.41,1.67,NEW CONCORD,36.5779,-88.1761,36.5681,-88.1771,2024,100.0,1.67,0,0,0,0,0,0,8.99,286.73,2024-05-14 10:45:42,2024-05-14 00:52:03,72.04,224.45,Waxing Crescent,35.76,90,Woody Wetlands,117.151,0,AMJ,0.49,Neutral,0.3394471,0.38020834,0.3329167,0.34825003,63.339386,65.91125,62.5175,65.3,72.0,62.3,66.1,14.5,0.6,6.0,93,2.3,1,100,Moderate or heavy rain shower
1188730,2024-05-22 17:45:00,2024-05-22 18:45:00,CUMBERLAND CO.,MODOC,3.17,3.07,MODOC,36.7708,-85.2736,36.7712,-85.2766,2024,60.0,1.0,0,0,0,0,0,0,7.94,289.71,2024-05-22 10:27:54,2024-05-22 00:47:23,7.07,119.6,Full Moon,97.42,82,Cultivated Crops,195.64,0,AMJ,0.49,Neutral,0.40686998,0.43112493,0.40224996,0.41462502,64.53935,70.96625,62.442497,69.58625,82.0,64.7,71.8,12.1,0.92,6.0,73,10.3,1,100,Moderate or heavy rain shower
1181224,2024-05-22 17:49:00,2024-05-22 19:49:00,WAYNE CO.,MONTICELLO,0.87,0.87,MONTICELLO,36.8393,-84.8408,36.8385,-84.8411,2024,120.0,2.0,0,0,0,0,0,0,7.64,289.94,2024-05-22 10:26:00,2024-05-22 00:45:49,7.33,119.89,Full Moon,97.42,23,"Developed, Medium Intensity",285.775,50,AMJ,0.49,Neutral,0.40483674,0.42041668,0.3974166,0.42508337,64.27659,71.003746,62.1275,69.4025,82.1,63.8,72.4,11.4,0.77,6.0,73,11.1,1,100,Moderate or heavy rain shower
1184229,2024-05-23 14:00:00,2024-05-23 15:40:00,HOPKINS CO.,EAST DIAMOND,1.35,1.17,MADISONVILLE,37.3259,-87.4741,37.3262,-87.4993,2024,100.0,1.67,0,0,0,0,0,0,9.89,288.54,2024-05-23 10:34:41,2024-05-23 00:58:22,-5.75,114.47,Full Moon,99.56,22,"Developed, Low Intensity",136.834,53,AMJ,0.49,Neutral,0.3503513,0.380625,0.34758338,0.34975,67.90917,71.933754,66.50375,71.386246,78.6,63.9,70.2,10.0,0.4,4.0,90,3.6,1,100,Moderate or heavy rain shower
1184095,2024-05-23 15:20:00,2024-05-23 17:30:00,DAVIESS CO.,ST JOSEPH,1.02,0.59,ST JOSEPH,37.6946,-87.3474,37.6821,-87.3523,2024,130.0,2.17,0,0,0,0,0,0,9.91,288.55,2024-05-23 10:33:13,2024-05-23 00:58:49,-5.83,114.51,Full Moon,99.56,81,Pasture/Hay,132.849,0,AMJ,0.49,Neutral,0.32191792,0.3484167,0.3192084,0.32237503,68.102905,72.44,66.5825,71.869995,78.8,63.0,70.0,11.2,0.38,4.0,87,4.6,1,100,Moderate or heavy rain shower
1181255,2024-05-25 01:10:00,2024-05-25 03:10:00,LAUREL CO.,DORTHA,1.58,1.55,DORTHA,37.0015,-84.0703,37.0017,-84.0655,2024,120.0,2.0,0,0,20000,0,0,0,7.51,290.77,2024-05-25 10:20:46,2024-05-25 00:45:27,-25.65,107.23,Full Moon,97.64,22,"Developed, Low Intensity",360.243,24,AMJ,0.49,Neutral,0.43053922,0.46654168,0.41875002,0.45895836,63.36721,69.245,61.7825,66.84125,80.8,60.3,70.5,9.2,0.05,3.0,85,4.4,1,100,Patchy rain possible
1186151,2024-05-26 07:50:00,2024-05-26 14:00:00,CALLOWAY CO.,MURRAY,1.36,1.56,MURRAY,36.6305,-88.3408,36.593,-88.3358,2024,370.0,6.17,0,0,10000,0,0,0,10.69,288.58,2024-05-26 10:38:18,2024-05-26 01:02:19,-39.95,99.09,Waning Gibbous,93.41,81,Pasture/Hay,172.637,0,AMJ,0.49,Neutral,0.35166338,0.39720833,0.3345833,0.39504167,67.41271,71.53999,65.975,70.96625,82.9,68.5,73.7,15.8,2.88,5.0,84,8.1,1,100,Moderate or heavy rain shower
1186158,2024-05-26 08:10:00,2024-05-26 13:30:00,CALLOWAY CO.,NEW PROVIDENCE,3.37,1.79,NEW CONCORD,36.5741,-88.204,36.5398,-88.1888,2024,320.0,5.33,0,0,0,0,0,0,10.57,288.66,2024-05-26 10:37:54,2024-05-26 01:01:37,-39.83,99.2,Waning Gibbous,93.41,41,Deciduous Forest,153.728,0,AMJ,0.49,Neutral,0.34679294,0.3932917,0.330375,0.38758335,67.03906,71.33375,65.56251,70.67,82.9,68.5,73.7,15.8,2.88,5.0,84,8.2,1,100,Moderate or heavy rain shower
1188049,2024-05-26 10:40:00,2024-05-26 12:45:00,TRIGG CO.,MONTGOMERY,0.87,0.45,MONTGOMERY,36.8809,-87.7456,36.8765,-87.7411,2024,125.0,2.08,0,0,0,0,0,0,10.33,288.86,2024-05-26 10:35:15,2024-05-26 01:00:35,-39.52,99.18,Waning Gibbous,93.41,82,Cultivated Crops,159.045,0,AMJ,0.49,Neutral,0.40733004,0.479875,0.3820834,0.46970835,66.267426,70.985,64.74126,69.9275,81.7,68.2,73.8,17.7,1.03,5.0,81,7.8,1,100,Moderate or heavy rain shower
1188056,2024-05-26 11:40:00,2024-05-26 13:00:00,TODD CO.,KIRKMANSVILLE,2.36,2.76,KIRKMANSVILLE,37.0012,-87.2142,36.9974,-87.2159,2024,80.0,1.33,0,0,0,0,0,0,9.97,289.14,2024-05-26 10:32:49,2024-05-26 00:58:46,-39.13,99.35,Waning Gibbous,93.41,41,Deciduous Forest,161.774,0,AMJ,0.49,Neutral,0.39507627,0.45712495,0.38000008,0.42608333,66.1952,70.94,64.6475,69.92,83.7,67.7,73.7,17.9,0.84,5.0,82,6.5,1,100,Moderate or heavy rain shower
1188099,2024-05-26 19:30:00,2024-05-26 22:00:00,UNION CO.,UNIONTOWN,1.59,1.76,CHAPMAN,37.747,-87.9292,37.7403,-87.9279,2024,150.0,2.5,0,0,0,0,0,0,10.74,288.61,2024-05-26 10:33:41,2024-05-26 01:03:37,-39.79,98.4,Waning Gibbous,93.41,82,Cultivated Crops,113.562,0,AMJ,0.49,Neutral,0.31790337,0.38608336,0.2977083,0.3644167,68.073616,71.16499,66.916245,71.01125,82.7,67.4,73.8,18.9,1.07,5.0,82,7.7,1,100,Moderate or heavy rain shower
1188073,2024-05-26 20:00:00,2024-05-26 22:40:00,HENDERSON CO.,ANTHOSTON,1.3,0.49,WEAVERTON,37.7827,-87.5476,37.7652,-87.5971,2024,160.0,2.67,0,0,0,0,0,0,10.47,288.82,2024-05-26 10:32:04,2024-05-26 01:02:11,-39.5,98.57,Waning Gibbous,93.41,82,Cultivated Crops,119.228,0,AMJ,0.49,Neutral,0.32219967,0.37970832,0.30675003,0.35600004,68.0615,71.3825,66.901245,70.9325,83.0,67.4,74.1,21.5,1.31,5.0,82,8.6,1,100,Moderate or heavy rain shower
1188060,2024-05-26 20:30:00,2024-05-26 22:30:00,CARLISLE CO.,WINNFORD,0.48,2.6,BARDWELL,36.921,-89.0615,36.8433,-89.0446,2024,120.0,2.0,0,0,0,0,0,0,11.33,288.13,2024-05-26 10:40:25,2024-05-26 01:05:57,-40.56,98.49,Waning Gibbous,93.41,41,Deciduous Forest,129.3,0,AMJ,0.49,Neutral,0.3384404,0.4089167,0.31204167,0.40545833,68.11989,72.40624,66.68375,71.615,84.7,70.7,75.8,17.1,1.93,5.0,79,7.7,1,100,Moderate or heavy rain shower
1188101,2024-05-26 20:30:00,2024-05-26 22:15:00,DAVIESS CO.,(OWB)OWENSBORO ARPT,2.28,1.15,(OWB)OWENSBORO ARPT,37.7829,-87.1727,37.7411,-87.1615,2024,105.0,1.75,0,0,0,0,0,0,10.19,289.03,2024-05-26 10:30:34,2024-05-26 01:00:41,-39.21,98.76,Waning Gibbous,93.41,82,Cultivated Crops,120.796,0,AMJ,0.49,Neutral,0.32712877,0.36350003,0.3207501,0.336875,67.43266,71.13874,66.185,70.475,83.1,67.6,74.5,19.9,0.72,5.0,80,10.0,1,100,Moderate or heavy rain shower
1193664,2024-06-01 12:30:00,2024-06-01 16:30:00,BALLARD CO.,WICKLIFFE,1.16,1.44,WICKLIFFE,36.9805,-89.0965,36.9804,-89.0588,2024,240.0,4.0,0,0,0,0,0,0,12.05,288.75,2024-06-01 10:37:52,2024-06-01 01:10:27,-52.08,330.62,Waning Crescent,35.56,41,Deciduous Forest,123.013,0,MJJ,0.22,Neutral,0.34125665,0.40991667,0.32379165,0.37825,66.92383,69.17,66.16626,68.7725,77.3,65.6,69.7,15.9,1.71,5.0,91,3.0,1,100,Moderate or heavy rain shower
1191082,2024-06-03 19:45:00,2024-06-03 20:15:00,LOGAN CO.,HALO,1.2,1.18,HALO,36.8792,-86.8384,36.8792,-86.8369,2024,30.0,0.5,0,0,0,0,0,0,10.53,290.18,2024-06-03 10:28:31,2024-06-03 01:02:25,-30.35,314.78,Waning Crescent,15.62,81,Pasture/Hay,166.323,0,MJJ,0.22,Neutral,0.44435504,0.44037497,0.443375,0.4490417,65.8373,71.555,64.36624,68.975006,83.7,64.7,73.6,8.1,0.03,5.0,81,11.9,1,100,Overcast
1191083,2024-06-04 15:10:00,2024-06-04 15:40:00,NELSON CO.,BOTLAND,0.78,0.71,BOTLAND,37.7628,-85.3909,37.7627,-85.3929,2024,30.0,0.5,0,0,0,0,0,0,9.87,290.91,2024-06-04 10:19:57,2024-06-04 00:59:45,-18.61,309.79,Waning Crescent,8.2,43,Mixed Forest,196.781,0,MJJ,0.22,Neutral,0.3412883,0.35320833,0.33995828,0.341875,64.87351,70.036255,63.335,68.4275,77.6,62.6,69.4,7.8,0.33,5.0,88,9.9,1,100,Moderate or heavy rain shower
1191086,2024-06-04 16:03:00,2024-06-04 17:03:00,JEFFERSON CO.,SHIVELY,1.85,1.74,SHIVELY,38.1988,-85.7957,38.1951,-85.7973,2024,60.0,1.0,0,0,0,0,0,0,10.32,290.61,2024-06-04 10:20:18,2024-06-04 01:02:38,-18.09,309.59,Waning Crescent,8.2,24,"Developed, High Intensity",138.496,81,MJJ,0.22,Neutral,0.30200794,0.31179163,0.30225003,0.29791662,66.75942,71.95625,65.1125,70.67375,77.5,64.1,70.9,8.3,0.1,5.0,82,9.3,1,100,Heavy rain at times
1181815,2024-06-29 20:50:00,2024-06-29 23:50:00,BOYD CO.,WESTWOOD,1.23,1.12,WESTWOOD,38.4853,-82.6482,38.4849,-82.6486,2024,180.0,3.0,0,0,0,0,0,0,9.53,292.22,2024-06-29 10:09:18,2024-06-29 00:59:02,-48.4,9.89,Third Quarter,49.12,23,"Developed, Medium Intensity",166.152,72,MJJ,0.22,Neutral,0.2577096,0.24745834,0.26258337,0.2444167,72.05173,80.659996,69.82625,76.8125,92.0,74.8,82.4,13.0,0.2,6.0,65,9.0,1,100,Moderate or heavy rain shower
1206804,2024-07-03 20:15:00,2024-07-03 21:15:00,JEFFERSON CO.,SHIVELY,1.44,1.43,SHIVELY,38.1957,-85.8024,38.1965,-85.8008,2024,60.0,1.0,0,0,0,0,0,0,11.69,290.15,2024-07-03 10:24:44,2024-07-03 01:10:25,-14.31,317.77,Waning Crescent,10.16,23,"Developed, Medium Intensity",136.466,78,JJA,0.08,Neutral,0.25196126,0.18849999,0.27062497,0.20912504,74.7749,82.2125,72.8975,78.7325,92.9,75.7,82.5,11.4,0.29,6.0,67,12.0,1,100,Patchy rain possible
1203284,2024-07-16 22:45:00,2024-07-17 04:00:00,MCLEAN CO.,LIVERMORE,0.62,0.41,ISLAND,37.478,-87.1411,37.4512,-87.1515,2024,315.0,5.25,0,0,0,0,0,0,11.84,287.94,2024-07-16 10:40:22,2024-07-16 01:09:16,30.0,162.21,Waxing Gibbous,69.45,82,Cultivated Crops,117.624,0,JJA,0.08,Neutral,0.2682167,0.2189167,0.28495833,0.22725,77.44802,83.056244,75.63124,81.8075,93.8,73.6,82.7,12.1,0.04,6.0,71,12.5,1,100,Moderate rain at times
1203281,2024-07-16 23:00:00,2024-07-17 03:00:00,WEBSTER CO.,JOLLY,1.26,1.46,PROVIDENCE,37.4529,-87.7119,37.4174,-87.7677,2024,240.0,4.0,0,0,0,0,0,0,12.26,287.63,2024-07-16 10:42:43,2024-07-16 01:11:29,29.89,161.6,Waxing Gibbous,69.45,82,Cultivated Crops,114.42,0,JJA,0.08,Neutral,0.28659585,0.25958338,0.29508334,0.26650003,75.351654,80.307495,73.700005,79.3625,93.9,74.9,82.5,12.5,0.17,6.0,68,12.6,1,100,Moderate or heavy rain shower
1203286,2024-07-17 00:00:00,2024-07-17 03:45:00,MUHLENBERG CO.,LYNN CITY,1.38,0.98,GISHTON,37.35,-87.23,37.3494,-87.2237,2024,225.0,3.75,0,0,0,0,0,0,11.79,287.77,2024-07-17 10:41:47,2024-07-17 01:08:44,22.63,152.01,Waxing Gibbous,78.22,21,"Developed, Open Space",133.329,17,JJA,0.08,Neutral,0.2948875,0.32825,0.29724997,0.2756667,76.82934,78.5975,75.935,79.306244,81.0,69.1,75.2,9.8,0.21,5.0,89,5.9,1,100,Moderate or heavy rain shower
1203283,2024-07-17 00:30:00,2024-07-17 03:00:00,MUHLENBERG CO.,CENTRAL CITY,1.77,1.36,CENTRAL CITY,37.28,-87.11,37.2805,-87.1052,2024,150.0,2.5,0,0,0,0,0,0,11.67,287.85,2024-07-17 10:41:29,2024-07-17 01:08:04,22.74,152.1,Waxing Gibbous,78.22,41,Deciduous Forest,147.071,0,JJA,0.08,Neutral,0.31595337,0.3419583,0.31804165,0.30012503,76.84715,78.814995,75.92,79.369995,81.0,69.1,75.2,9.8,0.21,5.0,89,5.9,1,100,Moderate or heavy rain shower
1203282,2024-07-17 00:30:00,2024-07-17 04:00:00,HOPKINS CO.,WICKS WELL,2.09,3.09,MADISONVILLE,37.362,-87.5133,37.3235,-87.5113,2024,210.0,3.5,0,0,0,0,0,0,12.0,287.61,2024-07-17 10:42:53,2024-07-17 01:09:54,22.52,151.75,Waxing Gibbous,78.22,22,"Developed, Low Intensity",138.609,22,JJA,0.08,Neutral,0.36146125,0.42850003,0.35649994,0.35612497,77.19181,79.26126,76.103745,80.232506,79.7,69.9,74.6,8.9,0.11,5.0,91,6.0,1,100,Heavy rain at times
1203285,2024-07-17 01:15:00,2024-07-17 03:00:00,MUHLENBERG CO.,POWDERLY,0.88,0.95,POWDERLY,37.22,-87.18,37.2383,-87.1655,2024,105.0,1.75,0,0,0,0,0,0,11.71,287.82,2024-07-17 10:41:55,2024-07-17 01:08:11,22.77,152.03,Waxing Gibbous,78.22,82,Cultivated Crops,132.929,0,JJA,0.08,Neutral,0.380435,0.42587498,0.374625,0.38520834,75.01524,77.884995,73.71876,78.50375,80.7,68.9,74.8,10.1,0.19,5.0,88,6.5,1,100,Heavy rain at times
1203243,2024-07-21 20:05:00,2024-07-21 21:30:00,CALLOWAY CO.,MURRAY,1.08,1.05,MURRAY,36.6345,-88.3271,36.6203,-88.3267,2024,85.0,1.42,0,0,5000,0,0,0,12.03,286.66,2024-07-21 10:50:57,2024-07-21 01:08:51,-12.49,114.31,Full Moon,99.57,23,"Developed, Medium Intensity",161.254,0,JJA,0.08,Neutral,0.29356375,0.26525006,0.29945824,0.28279167,74.07545,76.505,73.44125,75.439995,84.0,67.3,75.3,6.0,0.03,6.0,76,12.5,1,100,Moderate rain at times
1206852,2024-07-21 23:55:00,2024-07-22 00:55:00,BARREN CO.,GLASGOW,1.6,1.65,GLASGOW,36.962,-85.8818,36.9639,-85.8795,2024,60.0,1.0,0,0,0,0,0,0,10.27,287.95,2024-07-21 10:40:21,2024-07-21 00:59:54,-10.86,115.56,Full Moon,99.57,21,"Developed, Open Space",221.808,0,JJA,0.08,Neutral,0.4206238,0.39112505,0.42829165,0.40416658,72.78467,75.305,72.072495,74.386246,84.4,68.2,75.0,6.5,0.03,4.0,82,9.5,1,100,Moderate rain at times
1206853,2024-07-22 01:58:00,2024-07-22 02:58:00,BARREN CO.,SLICK ROCK,1.52,1.5,SLICK ROCK,36.9805,-85.7927,36.981,-85.7921,2024,60.0,1.0,0,0,0,0,0,0,10.11,287.83,2024-07-22 10:40:42,2024-07-22 00:58:55,-19.38,104.99,Full Moon,99.41,21,"Developed, Open Space",261.692,8,JJA,0.08,Neutral,0.40905082,0.42795837,0.41125014,0.39520833,72.66962,74.746254,71.9375,74.4875,81.3,66.5,73.5,7.4,0.49,5.0,80,8.5,1,100,Moderate or heavy rain shower
1206855,2024-07-22 17:57:00,2024-07-22 18:57:00,BRECKINRIDGE CO.,HARNED,1.29,1.12,HARNED,37.7676,-86.412,37.7675,-86.4114,2024,60.0,1.0,0,0,0,0,0,0,10.81,287.34,2024-07-22 10:41:13,2024-07-22 01:03:22,-20.05,104.4,Full Moon,99.41,21,"Developed, Open Space",207.585,11,JJA,0.08,Neutral,0.37812915,0.3414167,0.39029166,0.3486667,72.827034,75.965,71.933754,74.84375,84.3,65.7,74.0,6.3,0.01,5.0,81,6.0,1,100,Patchy rain possible
1206923,2024-07-30 13:05:00,2024-07-30 13:05:00,HART CO.,PRICEVILLE,1.5,1.61,PRICEVILLE,37.3511,-85.9666,37.3511,-85.9655,2024,0.0,0.0,0,0,0,0,0,0,9.3,286.22,2024-07-30 10:46:53,2024-07-30 00:54:05,-27.23,343.47,Waning Crescent,29.74,21,"Developed, Open Space",180.709,8,JJA,0.08,Neutral,0.41115668,0.4882916,0.40220833,0.41612497,72.90317,75.8375,71.96001,75.15875,87.9,71.2,78.6,10.6,0.77,5.0,82,8.1,1,100,Moderate or heavy rain shower
1204720,2024-07-31 12:13:00,2024-07-31 14:00:00,BELL CO.,JENSON,0.0,0.17,JENSON,36.78,-83.62,36.7786,-83.6187,2024,107.0,1.78,0,0,0,0,0,0,7.21,287.44,2024-07-31 10:39:34,2024-07-31 00:42:31,-21.85,333.87,Waning Crescent,20.35,41,Deciduous Forest,350.078,0,JJA,0.08,Neutral,0.32971287,0.38454166,0.3090833,0.38216662,71.75705,74.7122,70.98844,73.407196,88.9,70.0,77.0,9.4,0.36,4.0,84,10.8,1,100,Patchy light rain with thunder
1204729,2024-07-31 12:15:00,2024-07-31 14:00:00,BELL CO.,KETTLE IS,0.92,0.92,KETTLE IS,36.7918,-83.6076,36.7886,-83.6062,2024,105.0,1.75,0,0,0,0,0,0,7.21,287.45,2024-07-31 10:39:30,2024-07-31 00:42:30,-21.85,333.88,Waning Crescent,20.35,41,Deciduous Forest,336.497,0,JJA,0.08,Neutral,0.32971287,0.38454166,0.3090833,0.38216662,72.34205,75.2972,71.573456,73.9922,88.9,70.0,77.0,9.4,0.36,4.0,84,10.8,1,100,Patchy light rain with thunder
1204734,2024-07-31 12:30:00,2024-07-31 14:00:00,BELL CO.,MIRACLE,1.18,0.92,MIRACLE,36.7526,-83.601,36.7537,-83.5993,2024,90.0,1.5,0,0,0,0,0,0,7.19,287.46,2024-07-31 10:39:33,2024-07-31 00:42:23,-21.88,333.88,Waning Crescent,20.35,41,Deciduous Forest,319.639,0,JJA,0.08,Neutral,0.34009627,0.39399996,0.3195834,0.39245832,71.730835,74.884544,70.90579,73.5083,88.9,70.0,77.0,9.4,0.36,4.0,84,10.8,1,100,Patchy light rain with thunder
1206943,2024-07-31 16:10:00,2024-07-31 17:10:00,ADAIR CO.,PURDY,0.66,0.76,PURDY,37.1431,-85.1718,37.1436,-85.1708,2024,60.0,1.0,0,0,0,0,0,0,8.49,286.51,2024-07-31 10:44:59,2024-07-31 00:49:31,-20.97,332.58,Waning Crescent,20.35,21,"Developed, Open Space",261.779,4,JJA,0.08,Neutral,0.42486832,0.4823333,0.4035416,0.47883332,72.49569,76.6925,71.4575,74.65625,89.5,71.4,80.1,12.3,0.14,5.0,81,12.1,1,100,Fog
1206946,2024-07-31 17:40:00,2024-07-31 19:40:00,ADAIR CO.,MC GAHA,0.81,0.78,MC GAHA,37.1179,-85.1945,37.1184,-85.1952,2024,120.0,2.0,0,0,0,0,0,0,8.5,286.5,2024-07-31 10:45:08,2024-07-31 00:49:33,-20.99,332.56,Waning Crescent,20.35,22,"Developed, Low Intensity",239.272,23,JJA,0.08,Neutral,0.44370294,0.48441663,0.42754176,0.4855416,72.47367,76.651245,71.44624,74.603745,89.5,71.4,80.1,12.3,0.14,5.0,81,12.1,1,100,Fog
1206947,2024-07-31 19:00:00,2024-07-31 21:00:00,ADAIR CO.,COLUMBIA,0.68,0.71,COLUMBIA,37.1057,-85.2899,37.1062,-85.2892,2024,120.0,2.0,0,0,0,0,0,0,8.57,286.45,2024-07-31 10:45:33,2024-07-31 00:49:55,-20.96,332.47,Waning Crescent,20.35,21,"Developed, Open Space",204.242,10,JJA,0.08,Neutral,0.43066752,0.48399997,0.41233337,0.47574997,72.53409,76.628746,71.513756,74.667496,89.5,71.4,80.1,12.3,0.14,5.0,81,12.1,1,100,Fog
1211191,2024-08-02 14:30:00,2024-08-02 16:30:00,BELL CO.,ARJAY,1.11,1.56,KETTLE IS,36.8,-83.61,36.7919,-83.6079,2024,120.0,2.0,0,0,15000,0,0,0,6.89,287.05,2024-08-02 10:41:07,2024-08-02 00:40:39,-7.91,313.06,Waning Crescent,6.45,41,Deciduous Forest,340.73,0,JAS,-0.07,Neutral,0.33562753,0.41137505,0.31183335,0.39195833,72.62642,75.2228,71.6528,75.09905,88.9,67.6,76.7,10.7,0.31,4.0,77,9.1,1,100,Moderate or heavy rain shower
1211193,2024-08-07 17:02:00,2024-08-07 19:00:00,ROCKCASTLE CO.,BRODHEAD,0.24,0.35,BRODHEAD,37.3995,-84.4157,37.4031,-84.4163,2024,118.0,1.97,0,0,0,0,0,0,6.78,285.5,2024-08-07 10:47:17,2024-08-07 00:39:58,23.3,262.02,Waxing Crescent,6.08,22,"Developed, Low Intensity",291.976,25,JAS,-0.07,Neutral,0.38777545,0.41279173,0.3728334,0.43066666,72.753426,77.1875,71.39,75.95,90.3,69.9,79.0,6.9,0.08,6.0,74,11.6,1,100,Patchy rain possible
1211192,2024-08-07 17:25:00,2024-08-07 19:00:00,ROCKCASTLE CO.,BRODHEAD,0.44,0.46,BRODHEAD,37.3938,-84.4181,37.3948,-84.4174,2024,95.0,1.58,0,0,2000,0,0,0,6.78,285.5,2024-08-07 10:47:18,2024-08-07 00:39:58,23.31,262.02,Waxing Crescent,6.08,22,"Developed, Low Intensity",290.128,38,JAS,-0.07,Neutral,0.38777545,0.41279173,0.3728334,0.43066666,72.753426,77.1875,71.39,75.95,90.3,69.9,79.0,6.9,0.08,6.0,74,11.6,1,100,Patchy rain possible
1200418,2024-08-28 17:00:00,2024-08-28 18:00:00,CAMPBELL CO.,HAWTHORNE,1.28,1.21,HAWTHORNE,38.99,-84.4,38.99,-84.398,2024,60.0,1.0,0,0,0,0,0,0,2.24,280.78,2024-08-28 11:03:05,2024-08-28 00:14:58,-22.48,348.43,Waning Crescent,33.07,22,"Developed, Low Intensity",199.852,4,JAS,-0.07,Neutral,0.25957456,0.19833331,0.27066663,0.24195836,72.05753,79.137505,70.15625,76.216255,99.2,72.8,82.9,11.1,0.0,6.0,49,9.1,1,100,Patchy rain possible
1200419,2024-08-28 17:30:00,2024-08-28 18:30:00,CAMPBELL CO.,SILVER GROVE,1.38,1.38,SILVER GROVE,39.01,-84.38,39.0168,-84.3797,2024,60.0,1.0,0,0,0,0,0,0,2.23,280.79,2024-08-28 11:02:58,2024-08-28 00:14:54,-22.46,348.45,Waning Crescent,33.07,41,Deciduous Forest,174.523,0,JAS,-0.07,Neutral,0.2546683,0.20595837,0.26233336,0.24462499,72.12114,78.905,70.291245,76.13375,99.2,72.8,82.9,11.1,0.0,6.0,49,9.1,1,100,Patchy rain possible
1200420,2024-08-28 17:45:00,2024-08-28 18:45:00,CAMPBELL CO.,ALEXANDRIA,2.12,2.25,ALEXANDRIA,38.95,-84.41,38.947,-84.407,2024,60.0,1.0,0,0,0,0,0,0,2.24,280.78,2024-08-28 11:03:10,2024-08-28 00:14:57,-22.51,348.42,Waning Crescent,33.07,71,Grassland/Herbaceous,202.891,0,JAS,-0.07,Neutral,0.25957456,0.19833331,0.27066663,0.24195836,72.05753,79.137505,70.15625,76.216255,99.2,72.8,82.9,11.1,0.0,6.0,49,9.1,1,100,Patchy rain possible
1218307,2024-09-22 18:40:00,2024-09-22 18:40:00,WHITLEY CO.,WOODBINE,1.59,1.62,WOODBINE,36.8774,-84.0744,36.877,-84.0743,2024,0.0,0.0,0,0,400,0,0,0,-5.91,274.83,2024-09-22 11:24:20,2024-09-22 23:32:32,-16.95,44.56,Waning Gibbous,79.17,21,"Developed, Open Space",335.9,10,ASO,-0.17,Neutral,0.38022292,0.3277917,0.4003333,0.32875,70.053986,73.93625,68.96749,72.48499,89.6,67.6,77.1,6.9,0.0,5.0,72,4.8,0,0,Overcast
1217187,2024-09-27 13:40:00,2024-09-27 18:00:00,GREENUP CO.,RACELAND,0.41,0.83,BELLEFONTE,38.5359,-82.7195,38.4801,-82.7162,2024,260.0,4.33,0,0,5000,0,0,0,-8.54,274.61,2024-09-27 11:23:17,2024-09-27 23:19:17,-24.73,339.71,Waning Crescent,28.06,21,"Developed, Open Space",207.205,18,ASO,-0.17,Neutral,0.3077638,0.43300006,0.26045835,0.42820835,69.45863,68.255005,69.886246,68.393745,72.7,68.3,70.4,26.6,2.41,4.0,84,0.9,1,100,Moderate or heavy rain shower
1217186,2024-09-27 13:50:00,2024-09-27 18:00:00,CARTER CO.,NORTON BRANCH,0.75,0.76,NORTON BRANCH,38.3374,-82.81,38.3278,-82.8114,2024,250.0,4.17,0,0,250,0,0,0,-8.49,274.52,2024-09-27 11:23:37,2024-09-27 23:19:41,-24.89,339.6,Waning Crescent,28.06,41,Deciduous Forest,238.112,0,ASO,-0.17,Neutral,0.3897504,0.5107917,0.3482083,0.49183336,69.91741,68.378746,70.4075,68.75,72.6,66.5,69.1,23.5,2.8,4.0,88,1.1,1,100,Moderate or heavy rain shower
1217190,2024-09-27 16:30:00,2024-09-27 18:30:00,GREENUP CO.,SOUTH SHORE,0.29,0.32,SOUTH SHORE,38.7227,-82.9659,38.7157,-82.9699,2024,120.0,2.0,0,0,5000,0,0,0,-8.33,274.48,2024-09-27 11:24:18,2024-09-27 23:20:14,-24.49,339.51,Waning Crescent,28.06,22,"Developed, Low Intensity",162.483,30,ASO,-0.17,Neutral,0.28265834,0.43058336,0.22974998,0.41475007,69.396576,67.98875,69.8675,68.25125,70.8,66.6,69.1,26.6,2.8,4.0,88,0.8,1,100,Moderate or heavy rain shower
1229909,2025-01-30 16:40:00,2025-01-30 18:30:00,GRAVES CO.,BALTIMORE,1.69,1.77,BALTIMORE,36.6571,-88.8108,36.6588,-88.8061,2025,110.0,1.83,0,0,5000,0,0,0,-8.79,254.49,2025-01-30 12:58:03,2025-01-30 23:19:30,-4.6,249.15,New Moon,0.38,82,Cultivated Crops,118.922,0,DJF,-0.45,Neutral,0.37582633,0.39250004,0.37241665,0.38195834,40.781975,44.07125,39.96875,42.47375,56.5,40.1,46.0,12.8,2.26,4.0,82,0.4,1,100,Moderate or heavy rain shower
1229921,2025-01-30 17:40:00,2025-01-30 19:00:00,HICKMAN CO.,CLINTON,2.85,2.86,CLINTON,36.69,-89.0249,36.69,-88.9978,2025,80.0,1.33,0,0,0,0,0,0,-8.63,254.38,2025-01-30 12:58:58,2025-01-30 23:20:17,-4.29,249.03,New Moon,0.38,82,Cultivated Crops,101.268,0,DJF,-0.45,Neutral,0.38842583,0.4098334,0.38595828,0.38975,41.193497,44.161247,40.463753,42.70625,56.6,40.3,46.5,14.1,2.52,4.0,83,0.4,1,100,Moderate or heavy rain shower
1229929,2025-01-30 17:40:00,2025-01-30 19:00:00,HICKMAN CO.,NICHOLS,2.08,2.06,BEULAH,36.73,-88.8717,36.7476,-88.8714,2025,80.0,1.33,0,0,0,0,0,0,-8.76,254.47,2025-01-30 12:58:26,2025-01-30 23:19:36,-4.56,249.12,New Moon,0.38,90,Woody Wetlands,107.399,0,DJF,-0.45,Neutral,0.36660957,0.39370835,0.35929158,0.38266668,41.164738,44.041252,40.43,42.725,56.6,40.3,46.5,14.1,2.52,4.0,83,0.4,1,100,Moderate or heavy rain shower
1229931,2025-01-30 17:45:00,2025-01-30 19:30:00,CALLOWAY CO.,ALMO,2.38,2.57,ALMO,36.7049,-88.3125,36.7046,-88.3112,2025,105.0,1.75,0,0,20000,0,0,0,-9.19,254.78,2025-01-30 12:56:09,2025-01-30 23:17:24,-5.21,249.44,New Moon,0.38,82,Cultivated Crops,133.987,0,DJF,-0.45,Neutral,0.38889873,0.38649997,0.39283323,0.37620834,40.626614,42.800003,40.03625,41.92625,57.0,41.1,46.3,13.4,1.62,5.0,76,0.4,1,100,Moderate or heavy rain shower
1229930,2025-01-30 17:50:00,2025-01-30 19:00:00,GRAVES CO.,WATER VLY,0.32,0.69,WATER VLY,36.5703,-88.8058,36.5705,-88.8082,2025,70.0,1.17,0,0,0,0,0,0,-8.77,254.48,2025-01-30 12:57:52,2025-01-30 23:19:38,-4.55,249.15,New Moon,0.38,82,Cultivated Crops,118.47,0,DJF,-0.45,Neutral,0.37787834,0.39333335,0.37483332,0.38316667,40.714287,44.17625,39.87875,42.425003,57.2,40.6,47.0,13.9,1.78,4.0,80,0.3,1,100,Moderate or heavy rain shower
1235029,2025-02-15 04:30:00,2025-02-16 04:00:00,TODD CO.,GUTHRIE,0.92,0.52,GUTHRIE,36.642,-87.1833,36.6419,-87.1485,2025,1410.0,23.5,0,0,0,0,0,0,-6.91,259.37,2025-02-15 12:36:07,2025-02-15 23:29:56,-20.23,71.19,Waning Gibbous,94.36,82,Cultivated Crops,170.542,0,JFM,-0.24,Neutral,0.50961006,0.50350004,0.51266676,0.5011667,43.965015,41.6825,45.728752,38.67875,62.6,40.7,48.3,20.2,4.62,4.0,90,0.3,1,100,Moderate or heavy rain shower
1236385,2025-02-15 07:50:00,2025-02-15 08:50:00,SIMPSON CO.,FRANKLIN WHAK ARPT,1.14,0.97,FRANKLIN WHAK ARPT,36.7279,-86.6119,36.7275,-86.6074,2025,60.0,1.0,0,0,10000,0,0,0,-7.4,259.71,2025-02-15 12:33:57,2025-02-15 23:27:32,-19.77,71.55,Waning Gibbous,94.36,82,Cultivated Crops,214.343,0,JFM,-0.24,Neutral,0.5054563,0.50437504,0.5052083,0.5066667,44.3021,44.206253,45.638752,39.75125,61.2,41.0,50.5,24.6,2.17,5.0,87,0.3,1,100,Moderate or heavy rain shower
1236251,2025-02-15 09:09:00,2025-02-16 01:00:00,GRAVES CO.,BALTIMORE,1.39,1.43,BALTIMORE,36.6604,-88.8055,36.6584,-88.8158,2025,951.0,15.85,0,0,0,0,0,0,-5.44,258.43,2025-02-15 12:42:37,2025-02-15 23:36:24,-21.44,70.06,Waning Gibbous,94.36,82,Cultivated Crops,116.626,0,JFM,-0.24,Neutral,0.41929504,0.42850003,0.4156666,0.4286667,41.329926,35.315,43.715,35.1575,47.6,40.5,43.3,13.9,4.56,4.0,92,0.3,1,100,Moderate or heavy rain shower
1236546,2025-02-15 09:09:00,2025-02-16 00:00:00,HICKMAN CO.,WATTS,0.86,1.29,WATTS,36.6576,-88.822,36.6576,-88.8162,2025,891.0,14.85,0,0,0,0,0,0,-5.43,258.42,2025-02-15 12:42:41,2025-02-15 23:36:28,-21.46,70.05,Waning Gibbous,94.36,82,Cultivated Crops,123.521,0,JFM,-0.24,Neutral,0.41929504,0.42850003,0.4156666,0.4286667,41.329926,35.315,43.715,35.1575,47.6,40.5,43.3,13.9,4.56,4.0,92,0.3,1,100,Moderate or heavy rain shower
1236232,2025-02-15 09:17:00,2025-02-16 01:00:00,CALLOWAY CO.,LYNN GROVE,1.49,2.08,LYNN GROVE,36.6023,-88.4032,36.5951,-88.4027,2025,943.0,15.72,0,0,0,0,0,0,-5.82,258.66,2025-02-15 12:40:56,2025-02-15 23:34:52,-21.16,70.36,Waning Gibbous,94.36,82,Cultivated Crops,168.308,0,JFM,-0.24,Neutral,0.42566004,0.427375,0.42562497,0.42520842,42.38698,39.26375,44.225,37.12625,58.1,41.5,46.6,17.4,4.42,4.0,90,0.3,1,100,Moderate or heavy rain shower
1236559,2025-02-15 10:00:00,2025-02-16 00:00:00,FULTON CO.,CAYCE,1.18,2.51,CAYCE,36.5558,-89.0101,36.5506,-89.0101,2025,840.0,14.0,0,0,0,0,0,0,-5.2,258.3,2025-02-15 12:43:18,2025-02-15 23:37:21,-21.63,69.95,Waning Gibbous,94.36,82,Cultivated Crops,99.7235,0,JFM,-0.24,Neutral,0.40898207,0.42733335,0.40241668,0.42537507,41.393677,34.3775,43.9625,34.925,44.8,39.9,42.2,13.6,4.07,4.0,93,0.3,1,100,Moderate or heavy rain shower
1237989,2025-02-15 10:05:00,2025-02-15 12:45:00,ALLEN CO.,SCOTTSVILLE,1.88,1.68,SCOTTSVILLE,36.7741,-86.1644,36.7738,-86.1623,2025,160.0,2.67,0,0,0,0,0,0,-7.78,259.98,2025-02-15 12:32:13,2025-02-15 23:25:40,-19.42,71.84,Waning Gibbous,94.36,21,"Developed, Open Space",197.024,15,JFM,-0.24,Neutral,0.5096054,0.50166667,0.5114165,0.5060417,45.13884,46.025,45.9875,41.93375,61.5,40.5,51.0,24.4,1.84,4.0,86,0.3,1,100,Moderate or heavy rain shower
1238011,2025-02-15 10:15:00,2025-02-15 12:15:00,CUMBERLAND CO.,DOUGAN TOWN,0.91,0.86,DOUGAN TOWN,36.811,-85.3591,36.8097,-85.3595,2025,120.0,2.0,0,0,0,0,0,0,-8.43,260.45,2025-02-15 12:29:03,2025-02-15 23:22:24,-18.79,72.38,Waning Gibbous,94.36,21,"Developed, Open Space",167.321,6,JFM,-0.24,Neutral,0.50854,0.496375,0.51254165,0.49887505,45.443676,45.762497,46.25375,42.56,59.8,41.1,49.7,20.4,2.26,5.0,78,0.3,1,100,Moderate or heavy rain shower
1236137,2025-02-15 10:21:00,2025-02-15 10:21:00,CALLOWAY CO.,MURRAY,2.86,2.69,MURRAY,36.61,-88.27,36.6112,-88.2727,2025,0.0,0.0,0,0,0,0,0,0,-5.95,258.74,2025-02-15 12:40:25,2025-02-15 23:34:19,-21.06,70.45,Waning Gibbous,94.36,82,Cultivated Crops,144.677,0,JFM,-0.24,Neutral,0.38551,0.421,0.372875,0.41699997,42.8975,38.85875,44.9975,37.04375,58.1,41.5,46.6,17.4,4.42,4.0,90,0.3,1,100,Moderate or heavy rain shower
1236386,2025-02-15 10:40:00,2025-02-15 12:40:00,LOGAN CO.,COOPERSTOWN,2.07,2.33,COOPERSTOWN,36.96,-86.87,36.9549,-86.8649,2025,120.0,2.0,0,0,0,0,0,0,-7.23,259.59,2025-02-15 12:35:17,2025-02-15 23:28:15,-19.89,71.3,Waning Gibbous,94.36,41,Deciduous Forest,150.526,0,JFM,-0.24,Neutral,0.50984496,0.501625,0.51333326,0.500625,43.07195,38.495,45.24125,37.16,60.6,40.3,47.7,22.6,3.75,4.0,89,0.3,1,100,Moderate or heavy rain shower
1237990,2025-02-15 10:45:00,2025-02-15 12:45:00,SIMPSON CO.,BLACK JACK,2.21,2.21,GOLD CITY,36.7395,-86.488,36.7403,-86.4856,2025,120.0,2.0,0,0,0,0,0,0,-7.51,259.78,2025-02-15 12:33:28,2025-02-15 23:27:01,-19.67,71.63,Waning Gibbous,94.36,22,"Developed, Low Intensity",181.978,21,JFM,-0.24,Neutral,0.5087804,0.50029165,0.51070833,0.505,44.510826,44.9075,45.75875,40.1,61.2,41.0,50.5,24.6,2.17,5.0,87,0.3,1,100,Moderate or heavy rain shower
1237992,2025-02-15 10:50:00,2025-02-15 12:50:00,MONROE CO.,FLIPPIN,0.89,0.74,FLIPPIN,36.73,-85.86,36.7292,-85.859,2025,120.0,2.0,0,0,0,0,0,0,-8.02,260.15,2025-02-15 12:30:56,2025-02-15 23:24:31,-19.2,72.06,Waning Gibbous,94.36,81,Pasture/Hay,234.201,0,JFM,-0.24,Neutral,0.5085338,0.49975,0.51120836,0.5022916,45.646927,46.23125,46.4675,42.63875,58.9,40.6,50.0,23.5,1.74,5.0,83,0.3,1,100,Moderate or heavy rain shower
1236235,2025-02-15 10:52:00,2025-02-16 01:00:00,CALLOWAY CO.,NEW CONCORD,0.37,4.61,NEW CONCORD,36.5466,-88.145,36.541,-88.1599,2025,848.0,14.13,0,0,0,0,0,0,-6.05,258.8,2025-02-15 12:39:50,2025-02-15 23:33:54,-20.99,70.56,Waning Gibbous,94.36,41,Deciduous Forest,151.52,0,JFM,-0.24,Neutral,0.50976956,0.5055832,0.51116663,0.506375,43.527916,37.28,46.1075,36.76625,58.1,41.5,46.6,17.4,4.42,4.0,90,0.3,1,100,Moderate or heavy rain shower
1235578,2025-02-15 10:54:00,2025-02-16 04:00:00,CHRISTIAN CO.,GAINSVILLE,2.42,1.84,SINKING FORK,36.9035,-87.4828,36.9272,-87.6484,2025,1026.0,17.1,0,0,0,0,0,0,-6.71,259.23,2025-02-15 12:37:40,2025-02-15 23:30:47,-20.37,70.89,Waning Gibbous,94.36,81,Pasture/Hay,174.871,0,JFM,-0.24,Neutral,0.5036566,0.50479156,0.5034583,0.5039583,42.5423,38.0,44.719997,36.59,59.2,40.4,45.3,15.9,5.31,4.0,91,0.3,1,100,Moderate or heavy rain shower
1236548,2025-02-15 11:00:00,2025-02-16 00:00:00,HICKMAN CO.,CROLEY,1.82,1.48,CROLEY,36.6083,-88.9484,36.5975,-88.9463,2025,780.0,13.0,0,0,0,0,0,0,-5.28,258.34,2025-02-15 12:43:07,2025-02-15 23:37:02,-21.57,69.97,Waning Gibbous,94.36,82,Cultivated Crops,100.284,0,JFM,-0.24,Neutral,0.42671576,0.42833337,0.4265,0.42691672,41.320778,34.65875,43.80875,35.01125,48.2,41.0,43.7,13.4,4.74,4.0,93,0.3,1,100,Moderate or heavy rain shower
1236650,2025-02-15 12:05:00,2025-02-16 00:00:00,MCCRACKEN CO.,OAKS,0.95,1.22,HARDMONEY,36.9563,-88.5482,36.9599,-88.5818,2025,715.0,11.92,0,0,0,0,0,0,-5.77,258.61,2025-02-15 12:41:59,2025-02-15 23:34:59,-21.15,70.13,Waning Gibbous,94.36,90,Woody Wetlands,103.274,0,JFM,-0.24,Neutral,0.42506957,0.4277084,0.4239583,0.428,40.93419,34.89125,43.31375,34.79,45.0,39.5,41.9,14.8,3.88,4.0,92,0.3,1,100,Moderate or heavy rain shower
1237991,2025-02-15 13:10:00,2025-02-15 15:10:00,ADAIR CO.,COLUMBIA,1.24,1.1,COLUMBIA,37.111,-85.2823,37.1116,-85.2826,2025,120.0,2.0,0,0,0,0,0,0,-8.54,260.54,2025-02-15 12:29:09,2025-02-15 23:21:42,-18.65,72.34,Waning Gibbous,94.36,21,"Developed, Open Space",212.592,9,JFM,-0.24,Neutral,0.50919384,0.50137496,0.5118333,0.50275,44.66416,44.62625,45.51125,41.7725,58.2,40.7,48.4,23.3,2.24,5.0,85,0.3,1,100,Moderate or heavy rain shower
1236387,2025-02-15 13:40:00,2025-02-15 15:40:00,WARREN CO.,COHRON,1.65,1.51,COHRON,37.03,-86.6,37.0153,-86.6032,2025,120.0,2.0,0,0,10000,0,0,0,-7.47,259.76,2025-02-15 12:34:18,2025-02-15 23:27:05,-19.67,71.46,Waning Gibbous,94.36,82,Cultivated Crops,136.43,0,JFM,-0.24,Neutral,0.5090233,0.50083333,0.513375,0.49683332,43.116837,41.00375,44.82125,37.9775,58.5,38.9,45.2,18.8,5.15,4.0,89,0.3,1,100,Moderate or heavy rain shower
1236388,2025-02-15 13:50:00,2025-02-15 15:50:00,WARREN CO.,BROWNING,1.27,0.69,BROWNING,36.9372,-86.5836,36.933,-86.5845,2025,120.0,2.0,0,0,10000,0,0,0,-7.46,259.75,2025-02-15 12:34:07,2025-02-15 23:27:08,-19.68,71.5,Waning Gibbous,94.36,82,Cultivated Crops,159.078,0,JFM,-0.24,Neutral,0.50900966,0.50308335,0.5116666,0.501875,43.798027,42.095,45.425003,38.7875,60.7,40.3,49.2,22.4,2.78,5.0,88,0.3,1,100,Moderate or heavy rain shower
1238024,2025-02-15 14:30:00,2025-02-15 21:30:00,CASEY CO.,LIBERTY,0.75,0.89,LIBERTY,37.3117,-84.9587,37.3118,-84.9575,2025,420.0,7.0,0,0,0,0,0,0,-8.83,260.76,2025-02-15 12:28:07,2025-02-15 23:20:08,-18.34,72.5,Waning Gibbous,94.36,21,"Developed, Open Space",238.787,4,JFM,-0.24,Neutral,0.5101879,0.5032916,0.51225007,0.5054167,43.32035,43.27625,44.22125,40.24625,55.7,36.7,43.6,21.9,2.48,4.0,87,0.4,1,100,Moderate or heavy rain shower
1235577,2025-02-15 14:54:00,2025-02-16 04:00:00,CHRISTIAN CO.,PEMBROKE,1.13,0.67,PEMBROKE,36.7727,-87.3683,36.7548,-87.3588,2025,786.0,13.1,0,0,20000,0,0,0,-6.78,259.28,2025-02-15 12:37:02,2025-02-15 23:30:30,-20.33,71.02,Waning Gibbous,94.36,82,Cultivated Crops,172.102,0,JFM,-0.24,Neutral,0.50984,0.5045,0.5122083,0.5035,42.880173,37.7,45.181248,36.7175,59.2,40.4,45.3,15.9,5.31,4.0,91,0.3,1,100,Moderate or heavy rain shower
1236139,2025-02-15 15:00:00,2025-02-16 01:00:00,CALLOWAY CO.,MURRAY,2.56,2.8,PENNY,36.6384,-88.2798,36.6366,-88.3352,2025,600.0,10.0,0,0,0,0,0,0,-5.95,258.73,2025-02-15 12:40:29,2025-02-15 23:34:19,-21.06,70.43,Waning Gibbous,94.36,21,"Developed, Open Space",157.786,18,JFM,-0.24,Neutral,0.4108567,0.42329168,0.40675005,0.42079163,42.750572,38.67875,44.84375,36.93125,58.1,41.5,46.6,17.4,4.42,4.0,90,0.3,1,100,Moderate or heavy rain shower
1237372,2025-02-15 15:00:00,2025-02-16 00:00:00,WEBSTER CO.,ELMWOOD,1.81,1.09,ELMWOOD,37.5213,-87.5311,37.5057,-87.5417,2025,540.0,9.0,0,0,0,0,0,0,-6.79,259.27,2025-02-15 12:38:41,2025-02-15 23:30:09,-20.2,70.65,Waning Gibbous,94.36,81,Pasture/Hay,137.736,0,JFM,-0.24,Neutral,0.4160696,0.4242083,0.41291657,0.42416668,39.759876,36.11375,41.5475,34.84625,48.1,38.4,42.6,13.7,3.26,5.0,92,0.3,1,100,Moderate or heavy rain shower
1236566,2025-02-15 15:00:00,2025-02-16 00:00:00,FULTON CO.,ANNA LYNNE,1.37,1.35,ANNA LYNNE,36.5586,-89.2277,36.5531,-89.2456,2025,540.0,9.0,0,0,0,0,0,0,-4.95,258.18,2025-02-15 12:44:10,2025-02-15 23:38:13,-21.79,69.8,Waning Gibbous,94.36,82,Cultivated Crops,90.3097,0,JFM,-0.24,Neutral,0.42486584,0.42933336,0.42324993,0.42891666,41.5058,34.48625,44.056248,35.10125,44.8,39.9,42.2,13.6,4.07,4.0,93,0.3,1,100,Moderate or heavy rain shower
1236598,2025-02-15 15:40:00,2025-02-16 00:00:00,CARLISLE CO.,CUNNINGHAM,1.93,1.5,CUNNINGHAM,36.9187,-88.8451,36.9063,-88.8607,2025,500.0,8.33,0,0,0,0,0,0,-5.47,258.43,2025-02-15 12:43:07,2025-02-15 23:36:13,-21.39,69.94,Waning Gibbous,94.36,82,Cultivated Crops,105.862,0,JFM,-0.24,Neutral,0.41178918,0.4257917,0.40641668,0.42554167,40.82454,35.5475,43.055,34.93625,44.0,37.9,41.6,13.6,3.56,4.0,92,0.3,1,100,Moderate or heavy rain shower
1236867,2025-02-15 16:00:00,2025-02-15 23:00:00,BALLARD CO.,GAGE,2.09,2.07,BARLOW,36.9513,-88.8922,37.0477,-89.0786,2025,420.0,7.0,0,0,50000,0,0,0,-5.43,258.41,2025-02-15 12:43:21,2025-02-15 23:36:22,-21.41,69.89,Waning Gibbous,94.36,82,Cultivated Crops,136.16,0,JFM,-0.24,Neutral,0.4217963,0.42450002,0.42041662,0.42562506,40.79015,34.35875,43.2125,34.62875,44.0,37.9,41.6,13.6,3.56,4.0,92,0.3,1,100,Moderate or heavy rain shower
1237869,2025-02-15 16:00:00,2025-02-16 00:00:00,DAVIESS CO.,PETTIT,1.78,0.73,OKLAHOMA,37.6907,-87.0903,37.6514,-86.8719,2025,480.0,8.0,0,0,0,0,0,0,-7.19,259.55,2025-02-15 12:37:09,2025-02-15 23:28:10,-19.82,70.91,Waning Gibbous,94.36,82,Cultivated Crops,122.677,0,JFM,-0.24,Neutral,0.41083542,0.42141664,0.40641665,0.4224583,39.71285,36.69875,41.29625,35.28875,51.6,37.0,42.6,12.3,3.37,4.0,93,0.3,1,100,Moderate or heavy rain shower
1236389,2025-02-15 16:10:00,2025-02-15 18:10:00,OHIO CO.,HORTON,0.55,0.63,HORTON,37.43,-86.81,37.4333,-86.8024,2025,120.0,2.0,0,0,10000,0,0,0,-7.37,259.69,2025-02-15 12:35:41,2025-02-15 23:27:23,-19.7,71.19,Waning Gibbous,94.36,41,Deciduous Forest,129.754,0,JFM,-0.24,Neutral,0.5092459,0.5027084,0.51283336,0.4991249,40.741478,33.665,43.1675,34.7825,46.2,38.7,41.8,14.5,3.78,4.0,90,0.3,1,100,Moderate or heavy rain shower
1236390,2025-02-15 16:10:00,2025-02-15 17:10:00,OHIO CO.,JINGO,1.78,1.63,JINGO,37.49,-86.85,37.4853,-86.8544,2025,60.0,1.0,0,0,10000,0,0,0,-7.35,259.67,2025-02-15 12:35:55,2025-02-15 23:27:28,-19.71,71.14,Waning Gibbous,94.36,41,Deciduous Forest,127.816,0,JFM,-0.24,Neutral,0.5090475,0.50200003,0.5107916,0.50541663,40.68785,33.08375,43.2425,34.46375,46.2,38.7,41.8,14.5,3.78,4.0,90,0.3,1,100,Moderate or heavy rain shower
1236135,2025-02-15 16:17:00,2025-02-16 03:00:00,TRIGG CO.,ROARING SPG,1.83,2.72,MAGGIE,36.7448,-87.7119,36.7604,-87.7587,2025,643.0,10.72,0,0,0,0,0,0,-6.48,259.08,2025-02-15 12:38:22,2025-02-15 23:31:54,-20.59,70.79,Waning Gibbous,94.36,41,Deciduous Forest,158.104,0,JFM,-0.24,Neutral,0.50935346,0.50395834,0.5135417,0.49679163,42.7244,37.13,45.13625,36.32,47.1,41.4,43.7,14.8,4.45,4.0,89,0.3,1,100,Moderate or heavy rain shower
1236658,2025-02-15 16:20:00,2025-02-16 00:00:00,MCCRACKEN CO.,KREBS,1.05,0.75,FREMONT,36.987,-88.637,36.971,-88.6362,2025,460.0,7.67,0,0,0,0,0,0,-5.69,258.56,2025-02-15 12:42:23,2025-02-15 23:35:17,-21.21,70.06,Waning Gibbous,94.36,82,Cultivated Crops,121.793,0,JFM,-0.24,Neutral,0.42496917,0.4280416,0.42374995,0.428125,40.723812,34.12625,43.16375,34.5575,45.0,39.5,41.9,14.8,3.88,4.0,92,0.3,1,100,Moderate or heavy rain shower
1237358,2025-02-15 16:30:00,2025-02-16 02:00:00,MUHLENBERG CO.,CENTRAL CITY,1.88,1.8,GRAHAM,37.3228,-87.1111,37.1955,-87.273,2025,570.0,9.5,0,0,0,0,0,0,-7.1,259.49,2025-02-15 12:36:44,2025-02-15 23:28:44,-19.96,71.01,Waning Gibbous,94.36,41,Deciduous Forest,152.337,0,JFM,-0.24,Neutral,0.4274013,0.42362496,0.42941678,0.42174995,40.74245,36.99125,42.53375,35.85125,47.3,39.5,43.4,14.0,4.02,4.0,90,0.3,1,100,Moderate or heavy rain shower
1238006,2025-02-15 16:45:00,2025-02-15 17:45:00,SIMPSON CO.,FRANKLIN,2.15,1.98,FRANKLIN,36.75,-86.58,36.75,-86.5779,2025,60.0,1.0,0,0,0,0,0,0,-7.43,259.73,2025-02-15 12:33:51,2025-02-15 23:27:22,-19.74,71.57,Waning Gibbous,94.36,21,"Developed, Open Space",212.129,7,JFM,-0.24,Neutral,0.5054563,0.50437504,0.5052083,0.5066667,44.3021,44.206253,45.638752,39.75125,61.2,41.0,50.5,24.6,2.17,5.0,87,0.3,1,100,Moderate or heavy rain shower
1236252,2025-02-15 17:00:00,2025-02-16 01:00:00,GRAVES CO.,VIOLA,0.77,0.7,VIOLA,36.8584,-88.6393,36.8512,-88.6397,2025,480.0,8.0,0,0,0,0,0,0,-5.66,258.55,2025-02-15 12:42:13,2025-02-15 23:35:28,-21.25,70.1,Waning Gibbous,94.36,82,Cultivated Crops,121.802,0,JFM,-0.24,Neutral,0.42230377,0.42687508,0.42041668,0.42725,40.947464,35.85875,43.1375,35.135,47.6,40.5,43.3,13.9,4.56,4.0,92,0.3,1,100,Moderate or heavy rain shower
1236612,2025-02-15 17:00:00,2025-02-16 00:00:00,CARLISLE CO.,ARLINGTON,0.74,0.67,ARLINGTON,36.7898,-89.0146,36.7868,-89.0225,2025,420.0,7.0,0,0,0,0,0,0,-5.26,258.32,2025-02-15 12:43:38,2025-02-15 23:37:04,-21.56,69.86,Waning Gibbous,94.36,22,"Developed, Low Intensity",103.716,22,JFM,-0.24,Neutral,0.34001336,0.42745838,0.30770832,0.421625,41.146286,34.72625,43.62875,34.775,46.4,40.5,42.6,13.4,4.37,4.0,93,0.3,1,100,Moderate or heavy rain shower
1237337,2025-02-15 17:42:00,2025-02-16 01:00:00,CALDWELL CO.,CEDAR BLUFF,1.05,0.75,CEDAR BLUFF,37.0781,-87.849,37.0733,-87.8512,2025,438.0,7.3,0,0,0,0,0,0,-6.43,259.03,2025-02-15 12:39:21,2025-02-15 23:32:01,-20.59,70.58,Waning Gibbous,94.36,41,Deciduous Forest,145.972,0,JFM,-0.24,Neutral,0.5099705,0.5025418,0.51187503,0.50591666,41.683586,34.34375,44.348747,34.9925,46.4,39.3,42.8,13.6,4.23,4.0,90,0.3,1,100,Moderate or heavy rain shower
1236584,2025-02-15 17:43:00,2025-02-16 00:00:00,CARLISLE CO.,MILBURN,1.41,1.46,MILBURN,36.8001,-88.9054,36.8009,-88.8918,2025,377.0,6.28,0,0,0,0,0,0,-5.38,258.39,2025-02-15 12:43:12,2025-02-15 23:36:37,-21.47,69.94,Waning Gibbous,94.36,81,Pasture/Hay,141.203,0,JFM,-0.24,Neutral,0.4113725,0.42812505,0.40483335,0.42820838,41.053703,33.71375,43.65875,34.56875,46.4,40.5,42.6,13.4,4.37,4.0,93,0.3,1,100,Moderate or heavy rain shower
1236541,2025-02-15 17:57:00,2025-02-16 01:00:00,GRAVES CO.,HOLIFIELD,0.59,1.33,WINGO,36.6665,-88.7702,36.6503,-88.7585,2025,423.0,7.05,0,0,0,0,0,0,-5.48,258.45,2025-02-15 12:42:29,2025-02-15 23:36:15,-21.41,70.08,Waning Gibbous,94.36,82,Cultivated Crops,139.398,0,JFM,-0.24,Neutral,0.41929504,0.42850003,0.4156666,0.4286667,41.329926,35.315,43.715,35.1575,47.6,40.5,43.3,13.9,4.56,4.0,92,0.3,1,100,Moderate or heavy rain shower
1237355,2025-02-15 18:00:00,2025-02-16 00:00:00,HOPKINS CO.,NEBO,3.79,4.09,NEBO,37.4003,-87.7142,37.3884,-87.6805,2025,360.0,6.0,0,0,0,0,0,0,-6.61,259.15,2025-02-15 12:39:15,2025-02-15 23:31:03,-20.38,70.57,Waning Gibbous,94.36,82,Cultivated Crops,115.731,0,JFM,-0.24,Neutral,0.3817521,0.4218333,0.36712503,0.41854167,40.10086,36.06875,41.99375,34.955,47.0,38.9,42.1,13.9,3.25,5.0,92,0.3,1,100,Moderate or heavy rain shower
1237377,2025-02-15 18:10:00,2025-02-16 00:00:00,WEBSTER CO.,ELMWOOD,0.69,0.73,ELMWOOD,37.52,-87.5,37.5125,-87.5,2025,350.0,5.83,0,0,0,0,0,0,-6.82,259.29,2025-02-15 12:38:34,2025-02-15 23:30:02,-20.18,70.68,Waning Gibbous,94.36,82,Cultivated Crops,121.216,0,JFM,-0.24,Neutral,0.4160696,0.4242083,0.41291657,0.42416668,39.759876,36.11375,41.5475,34.84625,48.1,38.4,42.6,13.7,3.26,5.0,92,0.3,1,100,Moderate or heavy rain shower
1237374,2025-02-15 18:10:00,2025-02-16 00:00:00,WEBSTER CO.,CLAY,1.3,0.9,WHEATCROFT,37.49,-87.85,37.4854,-87.8578,2025,350.0,5.83,0,0,0,0,0,0,-6.51,259.08,2025-02-15 12:39:55,2025-02-15 23:31:28,-20.45,70.44,Waning Gibbous,94.36,22,"Developed, Low Intensity",109.691,32,JFM,-0.24,Neutral,0.39838246,0.419125,0.3905834,0.4182084,39.767864,35.64125,41.645,34.7075,48.7,38.2,42.4,15.1,2.91,4.0,94,0.3,1,100,Moderate or heavy rain shower
1237388,2025-02-15 18:10:00,2025-02-16 00:00:00,WEBSTER CO.,LUZON,1.13,1.59,LUZON,37.5281,-87.7504,37.5211,-87.7541,2025,350.0,5.83,0,0,0,0,0,0,-6.61,259.14,2025-02-15 12:39:34,2025-02-15 23:31:01,-20.36,70.5,Waning Gibbous,94.36,22,"Developed, Low Intensity",115.976,27,JFM,-0.24,Neutral,0.5046975,0.504625,0.5035834,0.5085417,39.928963,33.52625,42.245003,34.1225,47.0,38.9,42.1,13.9,3.25,5.0,92,0.3,1,100,Moderate or heavy rain shower
1230212,2025-02-15 18:45:00,2025-02-16 17:00:00,MARSHALL CO.,BREWERS,2.39,2.02,BREWERS,36.7808,-88.471,36.7784,-88.4708,2025,1335.0,22.25,0,0,25000,0,0,0,-5.8,258.64,2025-02-15 12:41:27,2025-02-15 23:34:54,-21.15,70.25,Waning Gibbous,94.36,41,Deciduous Forest,129.57,0,JFM,-0.24,Neutral,0.42307207,0.42645836,0.42179164,0.4263334,41.369003,37.23125,43.35875,35.92625,49.6,40.5,43.5,13.1,4.7,4.0,90,0.3,1,100,Moderate or heavy rain shower
1236868,2025-02-15 19:00:00,2025-02-16 00:00:00,LYON CO.,KUTTAWA,5.55,2.81,KUTTAWA,37.15,-88.11,37.1483,-88.1594,2025,300.0,5.0,0,0,0,0,0,0,-6.21,258.89,2025-02-15 12:40:30,2025-02-15 23:32:58,-20.76,70.37,Waning Gibbous,94.36,81,Pasture/Hay,103.03,0,JFM,-0.24,Neutral,0.5083651,0.50574994,0.5105,0.50191665,41.368813,33.3425,44.12375,34.59875,45.1,39.7,42.6,14.5,4.34,4.0,88,0.3,1,100,Moderate or heavy rain shower
1236693,2025-02-15 19:00:00,2025-02-15 23:00:00,CRITTENDEN CO.,FRANCES,3.05,3.37,FRANCES,37.1834,-88.0989,37.1818,-88.1049,2025,240.0,4.0,0,0,0,0,0,0,-6.23,258.9,2025-02-15 12:40:30,2025-02-15 23:32:53,-20.74,70.37,Waning Gibbous,94.36,41,Deciduous Forest,117.676,0,JFM,-0.24,Neutral,0.5083651,0.50574994,0.5105,0.50191665,41.368813,33.3425,44.12375,34.59875,45.1,39.7,42.6,14.5,4.34,4.0,88,0.3,1,100,Moderate or heavy rain shower
1236694,2025-02-15 19:00:00,2025-02-15 23:00:00,CRITTENDEN CO.,NEW SALEM,2.17,1.65,NEW SALEM,37.2489,-88.174,37.2437,-88.1848,2025,240.0,4.0,0,0,0,0,0,0,-6.18,258.86,2025-02-15 12:40:53,2025-02-15 23:33:05,-20.77,70.29,Waning Gibbous,94.36,81,Pasture/Hay,105.348,0,JFM,-0.24,Neutral,0.50744414,0.50179166,0.5079167,0.50770825,41.03814,33.2825,43.7075,34.47125,47.1,38.2,41.8,17.7,3.13,5.0,92,0.3,1,100,Moderate or heavy rain shower
1230214,2025-02-15 19:00:00,2025-02-16 01:00:00,MARSHALL CO.,BENTON,0.31,1.06,SCALE,36.8669,-88.3541,36.8886,-88.3446,2025,360.0,6.0,0,0,100000,0,0,0,-5.93,258.71,2025-02-15 12:41:06,2025-02-15 23:34:19,-21.04,70.3,Waning Gibbous,94.36,90,Woody Wetlands,108.138,0,JFM,-0.24,Neutral,0.4143792,0.42466667,0.41108337,0.42224994,41.58365,35.555,44.01125,35.27,49.6,40.5,43.5,13.1,4.7,4.0,90,0.3,1,100,Moderate or heavy rain shower
1237360,2025-02-15 19:07:00,2025-02-16 00:00:00,MCLEAN CO.,WRIGHTBURG,1.86,2.15,POPLAR GROVE,37.6056,-87.3667,37.463,-87.3348,2025,293.0,4.88,0,0,0,0,0,0,-6.94,259.38,2025-02-15 12:38:09,2025-02-15 23:29:23,-20.05,70.74,Waning Gibbous,94.36,82,Cultivated Crops,114.309,0,JFM,-0.24,Neutral,0.39924172,0.42354167,0.390375,0.42154166,39.75189,36.04625,41.528748,34.895,48.1,38.4,42.6,13.7,3.26,5.0,92,0.3,1,100,Moderate or heavy rain shower
1237356,2025-02-15 20:00:00,2025-02-16 00:00:00,HOPKINS CO.,NORTONVILLE,0.55,1.56,NORTONVILLE,37.1972,-87.4606,37.1913,-87.4618,2025,240.0,4.0,0,0,0,0,0,0,-6.78,259.27,2025-02-15 12:37:58,2025-02-15 23:30:18,-20.26,70.81,Waning Gibbous,94.36,81,Pasture/Hay,122.762,0,JFM,-0.24,Neutral,0.5082688,0.50149995,0.51049995,0.5028751,41.327488,34.4975,43.86875,34.89125,48.7,39.4,43.4,14.8,3.97,4.0,91,0.3,1,100,Moderate or heavy rain shower
1287244,2025-02-15 20:00:00,2025-02-15 21:00:00,HARDIN CO.,GLENDALE JCT,1.72,0.54,GLENDALE,37.579,-85.9014,37.5813,-85.9007,2025,60.0,1.0,1,0,20000,0,0,0,-8.14,260.24,2025-02-15 12:32:15,2025-02-15 23:23:33,-18.97,71.77,Waning Gibbous,94.36,81,Pasture/Hay,205.858,0,JFM,-0.24,Neutral,0.50931007,0.500625,0.51254165,0.50112504,40.410988,36.34625,42.170002,35.735,57.2,36.8,42.8,14.7,3.15,4.0,90,0.3,1,100,Moderate or heavy rain shower
1236544,2025-02-15 21:00:00,2025-02-16 00:00:00,HICKMAN CO.,BEULAH,1.56,7.2,COLUMBUS,36.7694,-88.8219,36.7745,-89.1084,2025,180.0,3.0,0,0,0,0,0,0,-5.46,258.43,2025-02-15 12:42:50,2025-02-15 23:36:19,-21.42,70.01,Waning Gibbous,94.36,90,Woody Wetlands,100.601,0,JFM,-0.24,Neutral,0.4030329,0.4286667,0.39370832,0.42645836,41.203285,35.79125,43.48625,35.18,47.6,40.5,43.3,13.9,4.56,4.0,92,0.3,1,100,Moderate or heavy rain shower
1238004,2025-02-15 21:19:00,2025-02-15 23:19:00,OHIO CO.,BEAVER DAM,0.69,0.19,BEAVER DAM,37.41,-86.88,37.4109,-86.8739,2025,120.0,2.0,0,0,0,0,0,0,-7.31,259.64,2025-02-15 12:35:56,2025-02-15 23:27:42,-19.75,71.15,Waning Gibbous,94.36,23,"Developed, Medium Intensity",135.51,51,JFM,-0.24,Neutral,0.5092837,0.501875,0.51195836,0.50258327,40.858776,34.02125,43.2575,34.91375,46.2,38.7,41.8,14.5,3.78,4.0,90,0.3,1,100,Moderate or heavy rain shower
1236440,2025-02-15 21:30:00,2025-02-16 21:30:00,HART CO.,BONNIEVILLE,0.86,1.01,BONNIEVILLE,37.3737,-85.9349,37.372,-85.935,2025,1440.0,24.0,2,0,10000,0,0,0,-8.07,260.19,2025-02-15 12:32:06,2025-02-15 23:23:58,-19.06,71.81,Waning Gibbous,94.36,21,"Developed, Open Space",188.713,11,JFM,-0.24,Neutral,0.506,0.50074995,0.5089167,0.49774995,41.366074,38.55875,43.02875,36.60125,58.4,39.1,47.0,22.6,3.47,4.0,87,0.3,1,100,Moderate or heavy rain shower
1236537,2025-02-15 22:00:00,2025-02-16 01:00:00,CALLOWAY CO.,ALMO,0.52,0.75,ALMO,36.696,-88.278,36.6949,-88.2698,2025,180.0,3.0,0,0,30000,0,0,0,-5.96,258.74,2025-02-15 12:40:34,2025-02-15 23:34:14,-21.04,70.41,Waning Gibbous,94.36,82,Cultivated Crops,129.392,0,JFM,-0.24,Neutral,0.4108567,0.42329168,0.40675005,0.42079163,42.750572,38.67875,44.84375,36.93125,58.1,41.5,46.6,17.4,4.42,4.0,90,0.3,1,100,Moderate or heavy rain shower
1287236,2025-02-15 22:00:00,2025-02-15 23:00:00,SCOTT CO.,SADIEVILLE,0.81,0.68,SADIEVILLE,38.3917,-84.5308,38.394,-84.5255,2025,60.0,1.0,1,0,20000,0,0,0,-9.33,261.18,2025-02-15 12:27:54,2025-02-15 23:16:57,-17.7,72.47,Waning Gibbous,94.36,81,Pasture/Hay,254.407,0,JFM,-0.24,Neutral,0.4182283,0.42020833,0.41745833,0.42020833,37.374275,33.275,38.791252,33.8825,47.1,34.7,40.8,16.6,2.82,4.0,94,0.4,1,100,Moderate or heavy rain shower
1238003,2025-02-15 22:25:00,2025-02-15 23:55:00,WARREN CO.,BOWLING GREEN,1.76,1.44,BOWLING GREEN,37.0047,-86.4223,37.0025,-86.4189,2025,90.0,1.5,0,0,0,0,0,0,-7.61,259.86,2025-02-15 12:33:33,2025-02-15 23:26:24,-19.54,71.59,Waning Gibbous,94.36,21,"Developed, Open Space",142.466,8,JFM,-0.24,Neutral,0.5035971,0.50208336,0.5035417,0.5042916,43.887764,42.89,45.357502,39.18125,60.7,40.3,49.2,22.4,2.78,5.0,88,0.3,1,100,Moderate or heavy rain shower
1236398,2025-02-15 22:36:00,2025-02-15 23:59:00,ADAIR CO.,PORTLAND,0.55,1.16,MILLTOWN,37.12,-85.42,37.128,-85.4027,2025,83.0,1.38,0,0,10000,0,0,0,-8.44,260.46,2025-02-15 12:29:42,2025-02-15 23:22:14,-18.75,72.24,Waning Gibbous,94.36,81,Pasture/Hay,187.001,0,JFM,-0.24,Neutral,0.5094226,0.501375,0.51262504,0.501125,43.917763,43.662502,45.098747,39.95375,58.2,40.7,48.4,23.3,2.24,5.0,85,0.3,1,100,Moderate or heavy rain shower
1236394,2025-02-15 22:37:00,2025-02-15 23:37:00,OLDHAM CO.,PEWEE VLY,2.02,2.63,PEWEE VLY,38.2911,-85.474,38.294,-85.4703,2025,60.0,1.0,0,0,0,0,0,0,-8.59,260.6,2025-02-15 12:31:31,2025-02-15 23:20:52,-18.43,71.85,Waning Gibbous,94.36,21,"Developed, Open Space",194.379,5,JFM,-0.24,Neutral,0.40834212,0.4177083,0.40483335,0.41724995,37.808826,33.26,39.41375,33.8225,44.8,35.4,39.3,12.3,2.77,4.0,95,0.3,1,100,Moderate or heavy rain shower
1236136,2025-02-15 23:00:00,2025-02-16 03:00:00,TRIGG CO.,CERULEAN,2.82,3.18,NICKOLSON,36.9721,-87.669,36.9866,-87.7431,2025,240.0,4.0,0,0,0,0,0,0,-6.56,259.13,2025-02-15 12:38:30,2025-02-15 23:31:26,-20.49,70.74,Waning Gibbous,94.36,82,Cultivated Crops,139.184,0,JFM,-0.24,Neutral,0.50931543,0.5027916,0.5135417,0.49700007,42.02784,34.09625,44.7875,35.21,59.2,40.4,45.3,15.9,5.31,4.0,91,0.3,1,100,Moderate or heavy rain shower
1238002,2025-02-15 23:29:00,2025-02-16 00:29:00,OLDHAM CO.,CRESTWOOD,0.94,0.94,CRESTWOOD,38.3371,-85.4848,38.3365,-85.484,2025,60.0,1.0,0,0,0,0,0,0,-8.59,260.6,2025-02-15 12:31:38,2025-02-15 23:20:51,-18.42,71.83,Waning Gibbous,94.36,21,"Developed, Open Space",199.088,17,JFM,-0.24,Neutral,0.39226088,0.41995835,0.38141668,0.42020833,37.769936,32.9825,39.425,33.69125,44.6,34.8,38.3,13.6,1.88,4.0,94,0.3,1,100,Moderate or heavy rain shower
1238001,2025-02-15 23:54:00,2025-02-16 00:54:00,SCOTT CO.,LONGLICK,0.88,0.94,LONGLICK,38.36,-84.66,38.3587,-84.6581,2025,60.0,1.0,0,0,0,0,0,0,-9.23,261.1,2025-02-15 12:28:22,2025-02-15 23:17:31,-17.8,72.39,Waning Gibbous,94.36,81,Pasture/Hay,247.589,0,JFM,-0.24,Neutral,0.41590956,0.4200833,0.41425002,0.4202083,37.516926,33.46625,38.9675,33.89375,47.1,34.7,40.8,16.6,2.82,4.0,94,0.4,1,100,Moderate or heavy rain shower
1238000,2025-02-16 00:15:00,2025-02-16 01:15:00,HARDIN CO.,GAITHERS,2.87,2.93,GAITHERS,37.6344,-85.8513,37.6346,-85.8481,2025,60.0,1.0,0,0,0,0,0,0,-7.98,260.57,2025-02-16 12:30:56,2025-02-16 23:24:20,-29.88,69.53,Waning Gibbous,89.14,21,"Developed, Open Space",221.04,10,JFM,-0.24,Neutral,0.43280292,0.4239166,0.4340833,0.431375,41.316914,40.46,41.213745,41.956253,56.3,25.9,36.1,20.4,1.77,3.0,88,0.3,0,0,Moderate or heavy snow showers
1229943,2025-02-16 00:26:00,2025-02-16 02:26:00,MASON CO.,MURPHYSVILLE,2.14,2.27,MAYS LICK,38.5529,-83.837,38.5508,-83.8357,2025,120.0,2.0,0,0,0,0,0,0,-9.7,261.91,2025-02-16 12:24:07,2025-02-16 23:15:04,-28.09,70.6,Waning Gibbous,89.14,21,"Developed, Open Space",230.131,6,JFM,-0.24,Neutral,0.43144664,0.42466667,0.43204167,0.4316667,38.79061,38.603752,38.93,38.375,49.2,27.7,37.2,21.7,1.74,3.0,91,0.3,0,0,Moderate or heavy snow showers
1231561,2025-02-16 00:30:00,2025-02-16 01:30:00,MASON CO.,HELENA,0.54,0.21,WEEDONIA,38.5,-83.76,38.4931,-83.7579,2025,60.0,1.0,0,0,0,0,0,0,-9.75,261.95,2025-02-16 12:23:44,2025-02-16 23:14:49,-28.05,70.68,Waning Gibbous,89.14,81,Pasture/Hay,257.915,0,JFM,-0.24,Neutral,0.43111077,0.4259583,0.43129167,0.43220833,39.028362,39.0125,39.241253,38.30375,54.9,28.1,38.4,23.7,1.32,2.0,90,0.3,0,0,Moderate or heavy snow showers
1229942,2025-02-16 00:50:00,2025-02-16 02:50:00,MASON CO.,HELENA,0.88,0.99,HELENA,38.51,-83.76,38.5096,-83.7614,2025,120.0,2.0,0,0,0,0,0,0,-9.75,261.95,2025-02-16 12:23:45,2025-02-16 23:14:49,-28.05,70.68,Waning Gibbous,89.14,41,Deciduous Forest,243.116,0,JFM,-0.24,Neutral,0.43111077,0.4259583,0.43129167,0.43220833,39.028362,39.0125,39.241253,38.30375,54.9,28.1,38.4,23.7,1.32,2.0,90,0.3,0,0,Moderate or heavy snow showers
1229941,2025-02-16 01:01:00,2025-02-16 03:01:00,LEWIS CO.,HERRON HILL,1.13,0.99,HERRON HILL,38.594,-83.4893,38.593,-83.4878,2025,120.0,2.0,0,0,0,0,0,0,-9.97,262.13,2025-02-16 12:22:47,2025-02-16 23:13:37,-27.82,70.84,Waning Gibbous,89.14,82,Cultivated Crops,198.535,0,JFM,-0.24,Neutral,0.4230959,0.4239583,0.42050004,0.43170834,38.082764,37.56875,38.449997,36.995,56.4,28.8,39.4,19.4,1.11,3.0,89,0.3,1,100,Moderate or heavy rain shower
1238021,2025-02-16 01:30:00,2025-02-16 02:30:00,ANDERSON CO.,LAWRENCEBURG,0.88,0.61,LAWRENCEBURG,38.0425,-84.8973,38.0426,-84.8988,2025,60.0,1.0,0,0,0,0,0,0,-8.8,261.19,2025-02-16 12:27:40,2025-02-16 23:19:59,-29.04,70.05,Waning Gibbous,89.14,23,"Developed, Medium Intensity",238.242,55,JFM,-0.24,Neutral,0.43271455,0.42383334,0.43375,0.432125,39.493176,38.603752,39.920002,38.32625,56.4,28.0,37.3,25.7,1.45,3.0,89,0.3,0,0,Moderate or heavy snow showers
1236451,2025-02-16 01:30:00,2025-02-16 02:30:00,SPENCER CO.,ELK CREEK,1.11,1.01,ELK CREEK,38.0839,-85.3693,38.0748,-85.3858,2025,60.0,1.0,0,0,0,0,0,0,-8.44,260.92,2025-02-16 12:29:37,2025-02-16 23:21:49,-29.37,69.67,Waning Gibbous,89.14,41,Deciduous Forest,189.715,0,JFM,-0.24,Neutral,0.43266043,0.42179167,0.43425003,0.43083334,39.02405,37.02875,39.826252,36.93875,47.3,27.1,35.2,21.5,1.99,3.0,89,0.3,0,0,Moderate or heavy snow showers
1238014,2025-02-16 01:38:00,2025-02-16 02:38:00,SPENCER CO.,TAYLORSVILLE,1.01,0.9,TAYLORSVILLE,38.0156,-85.3529,38.0158,-85.3533,2025,60.0,1.0,0,0,0,0,0,0,-8.44,260.92,2025-02-16 12:29:27,2025-02-16 23:21:51,-29.38,69.71,Waning Gibbous,89.14,43,Mixed Forest,145.761,0,JFM,-0.24,Neutral,0.43273878,0.42212498,0.4349583,0.42866662,39.499928,38.2775,40.021248,38.12,48.8,25.9,35.7,19.7,1.7,3.0,88,0.3,0,0,Moderate or heavy rain shower
1237995,2025-02-16 02:15:00,2025-02-16 03:15:00,HARDIN CO.,MARTIN BOX,0.79,0.81,MARTIN BOX,37.675,-85.8869,37.6736,-85.8875,2025,60.0,1.0,0,0,0,0,0,0,-7.96,260.55,2025-02-16 12:31:08,2025-02-16 23:24:26,-29.89,69.48,Waning Gibbous,89.14,22,"Developed, Low Intensity",205.01,29,JFM,-0.24,Neutral,0.5102763,0.502625,0.51404166,0.49991658,40.9955,39.32375,41.510002,39.78875,56.3,25.9,36.1,20.4,1.77,3.0,88,0.3,0,0,Moderate or heavy snow showers
1229940,2025-02-16 03:20:00,2025-02-16 05:20:00,CAMPBELL CO.,BRENT,0.66,0.71,BRENT,39.0566,-84.439,39.0558,-84.4394,2025,120.0,2.0,0,0,0,0,0,0,-9.3,261.63,2025-02-16 12:27:13,2025-02-16 23:16:47,-28.36,69.89,Waning Gibbous,89.14,21,"Developed, Open Space",175.268,6,JFM,-0.24,Neutral,0.39900377,0.409,0.3940833,0.41254172,35.907574,34.89125,36.725,33.44375,44.7,28.0,35.5,17.9,1.51,3.0,89,0.3,0,0,Moderate or heavy rain shower
1229939,2025-02-16 03:40:00,2025-02-16 05:40:00,OWEN CO.,TACKETTS MILL,0.69,0.77,TACKETTS MILL,38.36,-84.78,38.3569,-84.7832,2025,120.0,2.0,0,0,0,0,0,0,-8.94,261.31,2025-02-16 12:27:38,2025-02-16 23:19:06,-28.84,69.98,Waning Gibbous,89.14,21,"Developed, Open Space",197.764,4,JFM,-0.24,Neutral,0.43290332,0.42245832,0.4342917,0.431625,38.149063,36.965,38.69375,36.67625,45.9,27.3,34.9,19.0,2.13,3.0,89,0.3,0,0,Moderate or heavy snow showers
1245600,2025-03-16 01:15:00,2025-03-16 02:15:00,CLINTON CO.,SNOW,1.18,1.08,SNOW,36.7466,-85.1092,36.747,-85.1142,2025,60.0,1.0,0,0,0,0,0,0,-1.95,270.24,2025-03-16 11:49:07,2025-03-16 23:49:15,-16.3,87.39,Full Moon,97.33,41,Deciduous Forest,281.237,0,FMA,-0.06,Neutral,0.19026583,0.39308333,0.15050003,0.25900003,51.935825,57.316246,49.77125,57.56375,64.8,44.3,55.9,19.7,0.49,5.0,83,1.4,1,100,Heavy rain at times
1245601,2025-03-16 01:15:00,2025-03-16 02:15:00,CLINTON CO.,HIGHWAY,1.49,1.42,IDA,36.75,-85.19,36.756,-85.1882,2025,60.0,1.0,0,0,0,0,0,0,-1.91,270.19,2025-03-16 11:49:27,2025-03-16 23:49:34,-16.36,87.34,Full Moon,97.33,81,Pasture/Hay,303.554,0,FMA,-0.06,Neutral,0.19026583,0.39308333,0.15050003,0.25900003,51.935825,57.316246,49.77125,57.56375,64.8,44.3,55.9,19.7,0.49,5.0,83,1.4,1,100,Heavy rain at times
1258926,2025-04-03 11:30:00,2025-04-03 13:30:00,ADAIR CO.,FAIRPLAY,1.52,1.55,MILLTOWN,37.0178,-85.3275,37.1339,-85.406,2025,120.0,2.0,0,0,0,0,0,0,0.6,276.56,2025-04-03 11:23:21,2025-04-03 00:05:13,61.71,260.09,Waxing Crescent,27.6,81,Pasture/Hay,225.254,0,MAM,0.02,Neutral,0.4943867,0.47654167,0.4964167,0.49337497,55.484715,64.29875,53.06,60.859993,71.2,60.2,66.4,25.9,1.03,5.0,69,2.8,1,100,Moderate or heavy rain shower
1258927,2025-04-03 12:15:00,2025-04-03 14:15:00,METCALFE CO.,CEDAR FLAT,0.18,2.5,WISDOM,36.9478,-85.598,37.0004,-85.6974,2025,120.0,2.0,0,0,0,0,0,0,0.78,276.4,2025-04-03 11:24:29,2025-04-03 00:06:15,61.94,259.98,Waxing Crescent,27.6,81,Pasture/Hay,246.846,0,MAM,0.02,Neutral,0.5055172,0.4919584,0.50999993,0.4946667,55.32365,63.7625,52.97375,60.5675,71.0,60.4,65.3,24.5,2.43,5.0,69,2.3,1,100,Moderate or heavy rain shower
1259147,2025-04-03 12:21:00,2025-04-03 14:21:00,SIMPSON CO.,TURNERTOWN,2.77,1.16,BLACK JACK,36.7762,-86.6006,36.7597,-86.5049,2025,120.0,2.0,0,0,0,0,0,0,1.48,275.8,2025-04-03 11:28:36,2025-04-03 00:10:09,62.77,259.43,Waxing Crescent,27.6,81,Pasture/Hay,181.624,0,MAM,0.02,Neutral,0.4981554,0.5060417,0.49541664,0.50491667,55.889267,62.903748,53.7575,60.860004,69.5,57.3,63.8,25.9,3.19,5.0,75,1.8,1,100,Moderate or heavy rain shower
1258928,2025-04-03 12:30:00,2025-04-03 14:30:00,BARREN CO.,GOODNIGHT,1.77,1.67,SLICK ROCK,37.06,-85.92,37.0201,-85.7838,2025,120.0,2.0,0,0,0,0,0,0,1.01,276.2,2025-04-03 11:25:42,2025-04-03 00:07:37,62.18,259.49,Waxing Crescent,27.6,41,Deciduous Forest,207.445,0,MAM,0.02,Neutral,0.44127834,0.4893333,0.424,0.48450005,55.491386,63.21125,53.23625,60.65,69.3,59.0,64.4,27.1,2.67,5.0,74,2.0,1,100,Moderate or heavy rain shower
1258929,2025-04-03 14:00:00,2025-04-03 23:00:00,CASEY CO.,LANHAMTOWN,1.79,1.67,LANHAMTOWN,37.34,-84.91,37.3583,-84.875,2025,540.0,9.0,0,0,0,0,0,0,0.35,276.81,2025-04-03 11:21:28,2025-04-03 00:03:45,61.32,259.85,Waxing Crescent,27.6,41,Deciduous Forest,342.36,0,MAM,0.02,Neutral,0.4127175,0.40112498,0.41549996,0.4070417,54.282314,63.05,51.74,60.07625,71.4,58.5,65.0,24.8,2.83,5.0,70,2.8,1,100,Moderate or heavy rain shower
1258931,2025-04-03 14:10:00,2025-04-03 16:10:00,METCALFE CO.,WISDOM,1.79,2.91,WISDOM,37.01,-85.73,37.0012,-85.7247,2025,120.0,2.0,0,0,0,0,0,0,0.88,276.32,2025-04-03 11:24:58,2025-04-03 00:06:49,62.04,259.75,Waxing Crescent,27.6,81,Pasture/Hay,282.048,0,MAM,0.02,Neutral,0.49963918,0.4851668,0.50383335,0.49008334,55.67626,63.45125,53.45,60.717506,71.0,60.4,65.3,24.5,2.43,5.0,69,2.3,1,100,Moderate or heavy rain shower
1258932,2025-04-03 14:30:00,2025-04-03 16:30:00,GREEN CO.,GREENSBURG,1.15,0.35,OTE,37.259,-85.5156,37.2492,-85.4617,2025,120.0,2.0,0,0,0,0,0,0,0.75,276.44,2025-04-03 11:23:57,2025-04-03 00:06:07,61.82,259.47,Waxing Crescent,27.6,22,"Developed, Low Intensity",191.321,0,MAM,0.02,Neutral,0.42495215,0.4678333,0.40816665,0.4682083,55.697674,63.972496,53.3525,60.979992,71.3,60.0,65.3,25.3,3.4,5.0,71,2.1,1,100,Moderate or heavy rain shower
1258930,2025-04-03 14:40:00,2025-04-03 16:40:00,ANDERSON CO.,NINEVAH,2.2,2.18,TYRONE,38.0593,-84.8492,38.0356,-84.8166,2025,120.0,2.0,0,0,0,0,0,0,0.38,276.85,2025-04-03 11:20:44,2025-04-03 00:03:59,61.14,258.59,Waxing Crescent,27.6,41,Deciduous Forest,212.961,0,MAM,0.02,Neutral,0.18862753,0.36987498,0.14879167,0.2647917,53.207375,62.667503,50.4275,59.585,72.9,54.5,62.7,22.0,2.52,3.0,86,1.7,1,100,Moderate or heavy rain shower
1274739,2025-04-03 16:06:00,2025-04-03 19:06:00,MORGAN CO.,PANAMA,0.54,0.53,PANAMA,37.8577,-83.2987,37.8573,-83.2989,2025,180.0,3.0,0,0,0,0,0,0,-0.63,277.8,2025-04-03 11:14:41,2025-04-03 23:58:34,59.96,260.31,Waxing Crescent,27.6,21,"Developed, Open Space",267.308,5,MAM,0.02,Neutral,0.33584586,0.45033336,0.28833333,0.46058333,54.758076,64.636246,52.07375,60.668755,72.4,58.8,66.8,17.4,0.96,4.0,67,2.6,1,100,Moderate or heavy rain shower
1258933,2025-04-03 20:25:00,2025-04-03 20:25:00,GRAYSON CO.,BLACK ROCK,2.92,2.42,TAR HILL,37.5119,-86.3768,37.5476,-86.2291,2025,0.0,0.0,0,0,0,0,0,0,1.38,275.92,2025-04-03 11:27:13,2025-04-03 00:09:44,62.45,258.22,Waxing Crescent,27.6,82,Cultivated Crops,194.895,0,MAM,0.02,Neutral,0.350135,0.50825,0.29200003,0.4967499,54.92559,62.22875,52.666252,60.237495,68.0,54.0,62.0,26.2,3.5,4.0,89,1.0,1,100,Moderate or heavy rain shower
1258934,2025-04-03 22:30:00,2025-04-04 00:30:00,JEFFERSON CO.,LOUISVILLE,3.36,0.5,HIGHLANDS,38.2712,-85.813,38.2584,-85.7142,2025,120.0,2.0,0,0,0,0,0,0,1.06,276.25,2025-04-03 11:24:27,2025-04-03 00:07:59,61.85,257.31,Waxing Crescent,27.6,11,Open Water,127.803,0,MAM,0.02,Neutral,0.38137248,0.48124996,0.362,0.4145,53.266552,62.262497,50.735,58.947502,68.2,55.0,62.0,25.5,2.05,3.0,90,0.9,1,100,Moderate rain at times
1258935,2025-04-03 23:17:00,2025-04-04 01:17:00,JEFFERSON CO.,LYNNVIEW,0.69,0.86,LYNNVIEW,38.12,-85.78,38.1212,-85.7754,2025,120.0,2.0,0,0,0,0,0,0,1.02,276.28,2025-04-03 11:24:25,2025-04-03 00:07:45,61.85,257.62,Waxing Crescent,27.6,23,"Developed, Medium Intensity",148.484,69,MAM,0.02,Neutral,0.47191045,0.47104165,0.4848751,0.42775,54.531574,63.125008,52.14125,59.862503,69.2,54.6,62.4,23.6,2.28,3.0,89,0.9,1,100,Moderate rain at times
1258936,2025-04-03 23:17:00,2025-04-03 23:45:00,MEADE CO.,FLAHERTY,1.56,1.58,FLAHERTY,37.8185,-86.0455,37.8182,-86.0456,2025,28.0,0.47,0,0,0,0,0,0,1.18,276.12,2025-04-03 11:25:41,2025-04-03 00:08:37,62.13,257.94,Waxing Crescent,27.6,21,"Developed, Open Space",218.714,0,MAM,0.02,Neutral,0.48534453,0.5049584,0.4819583,0.49041662,54.174576,61.94,51.905,59.3675,68.4,55.1,61.6,27.5,2.33,3.0,91,0.9,1,100,Moderate or heavy rain shower
1258941,2025-04-04 01:21:00,2025-04-04 03:21:00,BUTLER CO.,NEEDMORE,1.3,0.79,NEEDMORE,37.11,-86.69,37.1179,-86.6921,2025,120.0,2.0,0,0,0,0,0,0,1.73,276.09,2025-04-04 11:27:16,2025-04-04 00:11:37,74.55,240.77,Waxing Crescent,38.24,21,"Developed, Open Space",130.429,0,MAM,0.02,Neutral,0.5127149,0.50475,0.5174167,0.49925005,55.467163,61.17125,54.019997,58.5275,79.2,55.5,66.3,15.7,1.69,5.0,84,3.5,1,100,Moderate or heavy rain shower
1258942,2025-04-04 01:23:00,2025-04-04 03:23:00,BUTLER CO.,BROOKLYN,0.69,1.31,BROOKLYN,37.29,-86.58,37.294,-86.5773,2025,120.0,2.0,0,0,0,0,0,0,1.67,276.15,2025-04-04 11:26:42,2025-04-04 00:11:18,74.39,240.42,Waxing Crescent,38.24,81,Pasture/Hay,140.633,0,MAM,0.02,Neutral,0.4060488,0.50525004,0.36716667,0.5062917,54.769512,60.109997,53.315002,57.97625,79.2,55.5,66.3,15.7,1.69,5.0,84,3.5,1,100,Moderate or heavy rain shower
1258943,2025-04-04 01:37:00,2025-04-04 03:37:00,GRAYSON CO.,CANEYVILLE,1.1,1.1,CANEYVILLE,37.42,-86.48,37.4169,-86.4842,2025,120.0,2.0,0,0,0,0,0,0,1.61,276.21,2025-04-04 11:26:13,2025-04-04 00:10:59,74.25,240.21,Waxing Crescent,38.24,81,Pasture/Hay,174.099,0,MAM,0.02,Neutral,0.3815396,0.5058333,0.33345833,0.50495833,54.39181,59.420002,52.988747,57.52625,75.9,53.8,64.5,13.4,0.83,5.0,86,3.0,1,100,Moderate or heavy rain shower
1258937,2025-04-04 01:42:00,2025-04-04 01:42:00,NELSON CO.,GREENBRIER,2.14,2.23,GREENBRIER,37.76,-85.46,37.76,-85.4605,2025,0.0,0.0,0,0,0,0,0,0,0.92,276.82,2025-04-04 11:21:54,2025-04-04 00:07:09,73.37,241.18,Waxing Crescent,38.24,22,"Developed, Low Intensity",148.034,2,MAM,0.02,Neutral,0.4331446,0.42695832,0.43395838,0.43241668,53.997612,58.879997,52.624996,57.076252,76.5,52.2,62.7,11.6,1.44,5.0,88,2.4,1,100,Moderate or heavy rain shower
1258939,2025-04-04 02:02:00,2025-04-04 04:02:00,JEFFERSON CO.,MINOR LANE HGTS,1.14,1.05,MINOR LANE HGTS,38.1449,-85.7389,38.1478,-85.7379,2025,120.0,2.0,0,0,0,0,0,0,1.15,276.65,2025-04-04 11:22:44,2025-04-04 00:08:32,73.37,239.5,Waxing Crescent,38.24,24,"Developed, High Intensity",140.081,87,MAM,0.02,Neutral,0.47372293,0.46866667,0.48391667,0.44045827,53.836216,57.41,52.639996,56.74625,71.1,52.9,60.5,11.2,1.93,5.0,86,2.2,1,100,Moderate or heavy rain shower
1258940,2025-04-04 02:15:00,2025-04-04 04:15:00,FAYETTE CO.,COLETOWN,2.79,2.86,COLETOWN,37.9684,-84.4457,37.958,-84.4508,2025,120.0,2.0,0,0,0,0,0,0,0.25,277.44,2025-04-04 11:17:41,2025-04-04 00:03:14,72.55,242.45,Waxing Crescent,38.24,81,Pasture/Hay,290.769,0,MAM,0.02,Neutral,0.40066418,0.4235417,0.39237502,0.42145836,52.485462,58.44875,50.75375,56.435,73.1,51.3,60.6,12.7,0.91,5.0,90,2.1,1,100,Moderate or heavy rain shower
1258944,2025-04-04 02:38:00,2025-04-04 04:38:00,WASHINGTON CO.,TATHAM SPGS,0.94,0.59,TATHAM SPGS,37.8564,-85.1214,37.8548,-85.1287,2025,120.0,2.0,0,0,0,0,0,0,0.7,277.03,2025-04-04 11:20:28,2025-04-04 00:05:51,73.08,241.54,Waxing Crescent,38.24,41,Deciduous Forest,229.474,0,MAM,0.02,Neutral,0.2864296,0.42858335,0.23237497,0.42437506,53.265053,58.68125,51.657497,56.971252,77.8,52.1,63.2,11.4,1.67,5.0,88,2.0,1,100,Moderate or heavy rain shower
1258945,2025-04-04 02:40:00,2025-04-04 04:40:00,WASHINGTON CO.,BOOKER,0.63,0.46,BOOKER,37.7718,-85.2948,37.7628,-85.3028,2025,120.0,2.0,0,0,0,0,0,0,0.81,276.92,2025-04-04 11:21:13,2025-04-04 00:06:29,73.24,241.46,Waxing Crescent,38.24,81,Pasture/Hay,193.751,0,MAM,0.02,Neutral,0.2656325,0.429625,0.20358332,0.4237084,53.45761,59.11625,51.79625,57.267498,77.8,52.1,63.2,11.4,1.67,5.0,88,2.0,1,100,Moderate or heavy rain shower
1258946,2025-04-04 02:46:00,2025-04-04 04:46:00,NELSON CO.,FAIRFIELD,1.49,1.28,FAIRFIELD,37.91,-85.37,37.9109,-85.3734,2025,120.0,2.0,0,0,0,0,0,0,0.87,276.88,2025-04-04 11:21:25,2025-04-04 00:06:53,73.23,240.91,Waxing Crescent,38.24,81,Pasture/Hay,213.337,0,MAM,0.02,Neutral,0.43513414,0.42679167,0.43762505,0.42937496,53.33225,57.796253,52.024998,56.326252,76.5,52.2,62.7,11.6,1.44,5.0,88,2.4,1,100,Moderate or heavy rain shower
1258947,2025-04-04 02:52:00,2025-04-04 04:52:00,NELSON CO.,HOWARDSTOWN,2.34,2.5,HOWARDSTOWN,37.6,-85.58,37.5996,-85.5868,2025,120.0,2.0,0,0,0,0,0,0,0.99,276.75,2025-04-04 11:22:29,2025-04-04 00:07:31,73.53,241.44,Waxing Crescent,38.24,82,Cultivated Crops,148.386,0,MAM,0.02,Neutral,0.43466,0.42775008,0.43637505,0.4310833,54.123688,59.28125,52.68125,57.35,78.0,52.7,62.9,12.3,1.31,5.0,87,2.4,1,100,Moderate or heavy rain shower
1258948,2025-04-04 03:41:00,2025-04-04 05:41:00,SHELBY CO.,CHESTNUT GROVE,2.63,2.94,CHESTNUT GROVE,38.33,-85.24,38.3251,-85.2468,2025,120.0,2.0,0,0,0,0,0,0,0.83,276.95,2025-04-04 11:20:36,2025-04-04 00:06:40,72.93,239.94,Waxing Crescent,38.24,81,Pasture/Hay,250.216,0,MAM,0.02,Neutral,0.43141663,0.4230417,0.4334583,0.42720833,52.3556,55.6325,51.25625,55.032497,67.4,51.2,59.2,13.4,1.83,5.0,92,1.8,1,100,Moderate or heavy rain shower
1258949,2025-04-04 03:43:00,2025-04-04 05:43:00,SHELBY CO.,CROPPER,4.12,4.45,CROPPER,38.3577,-85.1791,38.3406,-85.1855,2025,120.0,2.0,0,0,0,0,0,0,0.79,276.99,2025-04-04 11:20:20,2025-04-04 00:06:27,72.87,239.98,Waxing Crescent,38.24,81,Pasture/Hay,259.65,0,MAM,0.02,Neutral,0.42996204,0.42408332,0.43174997,0.4257917,52.17774,55.565,51.012505,55.043747,67.1,51.1,58.0,12.5,1.13,5.0,93,1.8,1,100,Moderate or heavy rain shower
1258950,2025-04-04 03:45:00,2025-04-04 05:45:00,CASEY CO.,LANHAMTOWN,1.99,1.48,LAWHORN HILL,37.3157,-84.9115,37.3086,-84.8498,2025,120.0,2.0,0,0,0,0,0,0,0.49,277.16,2025-04-04 11:20:01,2025-04-04 00:04:38,73.18,243.54,Waxing Crescent,38.24,41,Deciduous Forest,331.201,0,MAM,0.02,Neutral,0.4477217,0.49754167,0.43174994,0.485875,55.268524,63.683754,52.9475,60.421253,77.9,52.8,65.4,11.9,1.15,5.0,85,3.0,1,100,Moderate or heavy rain shower
1258952,2025-04-04 04:14:00,2025-04-04 06:14:00,GRAYSON CO.,GRAYSON,0.69,0.55,GRAYSON,37.46,-86.23,37.4591,-86.2326,2025,120.0,2.0,0,0,0,0,0,0,1.43,276.36,2025-04-04 11:25:11,2025-04-04 00:10:01,74.06,240.59,Waxing Crescent,38.24,41,Deciduous Forest,192.581,0,MAM,0.02,Neutral,0.50903624,0.50837505,0.5100834,0.50566655,54.4415,59.66375,53.045,57.488747,75.9,53.8,64.5,13.4,0.83,5.0,86,3.0,1,100,Moderate or heavy rain shower
1258951,2025-04-04 04:15:00,2025-04-04 06:15:00,CASEY CO.,MIDDLEBURG,0.88,1.06,MIDDLEBURG,37.36,-84.81,37.3578,-84.8193,2025,120.0,2.0,0,0,0,0,0,0,0.43,277.22,2025-04-04 11:19:35,2025-04-04 00:04:16,73.09,243.58,Waxing Crescent,38.24,81,Pasture/Hay,270.372,0,MAM,0.02,Neutral,0.42580628,0.42587504,0.424625,0.42983332,54.830673,62.93,52.606255,59.7575,77.9,52.8,65.4,11.9,1.15,5.0,85,3.0,1,100,Moderate or heavy rain shower
1274745,2025-04-04 04:45:00,2025-04-04 07:45:00,MONTGOMERY CO.,MT STERLING,1.08,0.99,MT STERLING,38.059,-83.9337,38.0591,-83.9346,2025,180.0,3.0,0,0,0,0,0,0,-0.07,277.76,2025-04-04 11:15:35,2025-04-04 00:01:15,72.14,243.1,Waxing Crescent,38.24,23,"Developed, Medium Intensity",281.629,64,MAM,0.02,Neutral,0.42698792,0.42829168,0.42537498,0.43208337,53.691536,59.423748,52.021248,57.5075,74.4,52.2,61.7,12.1,1.24,5.0,86,1.9,1,100,Moderate or heavy rain shower
1258953,2025-04-04 04:56:00,2025-04-04 06:56:00,GRAYSON CO.,HUFFMAN,0.67,0.62,MEREDITH,37.389,-86.2245,37.3966,-86.224,2025,120.0,2.0,0,0,0,0,0,0,1.42,276.36,2025-04-04 11:25:13,2025-04-04 00:09:57,74.09,240.83,Waxing Crescent,38.24,21,"Developed, Open Space",211.036,8,MAM,0.02,Neutral,0.5013209,0.5053333,0.49749994,0.51308334,54.586704,59.986248,53.138752,57.751247,75.9,53.8,64.5,13.4,0.83,5.0,86,3.0,1,100,Moderate or heavy rain shower
1274875,2025-04-04 05:00:00,2025-04-04 08:00:00,MARTIN CO.,DEBORD,0.84,0.82,DEBORD,37.8271,-82.5649,37.827,-82.5642,2025,180.0,3.0,0,0,0,0,0,0,-0.93,278.6,2025-04-04 11:10:17,2025-04-04 23:56:31,71.25,246.01,Waxing Crescent,38.24,22,"Developed, Low Intensity",203.639,23,MAM,0.02,Neutral,0.2638554,0.36754167,0.25399998,0.2630833,55.01724,63.87875,52.20875,61.692497,80.7,56.3,65.5,8.8,0.77,4.0,78,2.8,1,100,Moderate or heavy rain shower
1274773,2025-04-04 05:00:00,2025-04-04 08:00:00,FLOYD CO.,BONANZA,1.77,1.89,BONANZA,37.6908,-82.8397,37.6905,-82.84,2025,180.0,3.0,0,0,20000,0,0,0,-0.78,278.43,2025-04-04 11:11:28,2025-04-04 23:57:31,71.51,245.95,Waxing Crescent,38.24,22,"Developed, Low Intensity",196.434,24,MAM,0.02,Neutral,0.18994959,0.35633335,0.14270832,0.29645833,55.59459,64.59875,52.67375,62.6075,79.8,57.7,67.3,7.2,0.69,4.0,76,3.5,1,100,Moderate or heavy rain shower
1274750,2025-04-04 05:00:00,2025-04-04 08:00:00,MAGOFFIN CO.,FORAKER,1.33,1.36,FORAKER,37.6889,-83.1256,37.6888,-83.1254,2025,180.0,3.0,0,0,0,0,0,0,-0.61,278.25,2025-04-04 11:12:37,2025-04-04 23:58:39,71.72,245.5,Waxing Crescent,38.24,22,"Developed, Low Intensity",265.261,36,MAM,0.02,Neutral,0.29297253,0.36325,0.27850005,0.3191667,54.869003,63.28625,52.23875,61.081245,76.5,54.5,64.7,9.1,0.86,4.0,79,3.1,1,100,Moderate or heavy rain shower
1258954,2025-04-04 05:02:00,2025-04-04 07:02:00,GRAYSON CO.,CANEYVILLE,0.55,0.72,CANEYVILLE,37.42,-86.49,37.4308,-86.4889,2025,120.0,2.0,0,0,0,0,0,0,1.62,276.2,2025-04-04 11:26:15,2025-04-04 00:11:02,74.26,240.19,Waxing Crescent,38.24,22,"Developed, Low Intensity",148.337,30,MAM,0.02,Neutral,0.3815396,0.5058333,0.33345833,0.50495833,54.39181,59.420002,52.988747,57.52625,75.9,53.8,64.5,13.4,0.83,5.0,86,3.0,1,100,Moderate or heavy rain shower
1259199,2025-04-04 05:35:00,2025-04-04 05:35:00,FRANKLIN CO.,FRANKFORT,0.14,0.38,FRANKFORT,38.2016,-84.8516,38.203,-84.8463,2025,0.0,0.0,1,0,0,0,0,0,0.55,277.19,2025-04-04 11:19:08,2025-04-04 00:05:01,72.72,241.04,Waxing Crescent,38.24,24,"Developed, High Intensity",232.656,84,MAM,0.02,Neutral,0.36713293,0.42991665,0.342,0.43237495,52.6775,56.03,51.496254,55.61,66.9,50.9,58.7,12.3,2.76,5.0,90,2.5,1,100,Moderate or heavy rain shower
1274748,2025-04-04 06:00:00,2025-04-04 09:00:00,JOHNSON CO.,DAWKINS,0.77,0.77,DAWKINS,37.77,-82.7559,37.77,-82.7566,2025,180.0,3.0,0,0,0,0,0,0,-0.82,278.48,2025-04-04 11:11:05,2025-04-04 23:57:14,71.42,245.87,Waxing Crescent,38.24,22,"Developed, Low Intensity",190.354,24,MAM,0.02,Neutral,0.27683416,0.35891667,0.26520833,0.28933334,55.421486,63.84875,52.76,61.7375,80.7,56.3,65.5,8.8,0.77,4.0,78,2.8,1,100,Moderate or heavy rain shower
1274877,2025-04-04 06:00:00,2025-04-04 09:00:00,ROCKCASTLE CO.,BOONE,1.32,1.28,BOONE,37.5011,-84.3165,37.5009,-84.3169,2025,180.0,3.0,0,0,0,0,0,0,0.12,277.52,2025-04-04 11:17:31,2025-04-04 00:02:23,72.67,244.04,Waxing Crescent,38.24,21,"Developed, Open Space",305.429,13,MAM,0.02,Neutral,0.39337042,0.41691664,0.38425004,0.41679168,55.017994,62.64875,52.82375,59.997498,77.0,53.7,65.9,10.1,0.79,5.0,82,4.0,1,100,Moderate or heavy rain shower
1258955,2025-04-04 06:15:00,2025-04-04 08:15:00,TAYLOR CO.,MERRIMAC,0.65,0.38,MERRIMAC,37.4174,-85.1187,37.4089,-85.1299,2025,120.0,2.0,0,0,0,0,0,0,0.65,277.03,2025-04-04 11:20:47,2025-04-04 00:05:32,73.29,242.85,Waxing Crescent,38.24,82,Cultivated Crops,247.153,0,MAM,0.02,Neutral,0.41775462,0.42970833,0.41199997,0.43349996,54.788486,62.165,52.79375,59.16875,77.8,52.3,64.7,12.5,1.15,6.0,87,2.7,1,100,Moderate or heavy rain shower
1242852,2025-04-04 06:25:00,2025-04-04 09:30:00,GREENUP CO.,WORTHINGTON,0.75,0.57,RACELAND,38.5449,-82.7323,38.5384,-82.7309,2025,185.0,3.08,0,0,0,0,0,0,-0.75,278.52,2025-04-04 11:10:25,2025-04-04 23:57:44,71.06,243.8,Waxing Crescent,38.24,23,"Developed, Medium Intensity",175.523,75,MAM,0.02,Neutral,0.26934543,0.4284166,0.20883334,0.42379162,53.369225,56.768745,51.905003,57.25625,67.1,50.2,57.9,9.2,0.86,3.0,89,2.2,1,100,Moderate or heavy rain shower
1242853,2025-04-04 06:32:00,2025-04-04 09:30:00,GREENUP CO.,WURTLAND,1.6,1.5,WURTLAND,38.5351,-82.7927,38.5266,-82.7881,2025,178.0,2.97,0,0,0,0,0,0,-0.71,278.48,2025-04-04 11:10:40,2025-04-04 23:57:58,71.11,243.73,Waxing Crescent,38.24,41,Deciduous Forest,182.868,0,MAM,0.02,Neutral,0.26934543,0.4284166,0.20883334,0.42379162,53.369225,56.768745,51.905003,57.25625,67.1,50.2,57.9,9.2,0.86,3.0,89,2.2,1,100,Moderate or heavy rain shower
1242854,2025-04-04 06:52:00,2025-04-04 09:30:00,GREENUP CO.,LYNN,0.56,0.44,LYNN,38.5822,-82.94,38.5771,-82.9411,2025,158.0,2.63,0,0,0,0,0,0,-0.62,278.39,2025-04-04 11:11:13,2025-04-04 23:58:35,71.2,243.36,Waxing Crescent,38.24,41,Deciduous Forest,201.766,0,MAM,0.02,Neutral,0.4337412,0.42875004,0.434625,0.43237504,53.252563,56.149998,51.991245,56.611248,65.0,50.2,56.0,8.3,1.15,5.0,90,1.3,1,100,Moderate or heavy rain shower
1245435,2025-04-04 07:30:00,2025-04-04 08:30:00,LEWIS CO.,TANNERY,2.17,2.18,TANNERY,38.5567,-83.2592,38.5533,-83.2459,2025,60.0,1.0,0,0,0,0,0,0,-0.43,278.19,2025-04-04 11:12:31,2025-04-04 23:59:51,71.43,242.89,Waxing Crescent,38.24,41,Deciduous Forest,289.754,0,MAM,0.02,Neutral,0.43473545,0.42904165,0.4367917,0.4295833,52.49447,55.4,51.25625,55.77125,65.5,50.5,56.8,10.1,1.02,5.0,91,1.3,1,100,Moderate or heavy rain shower
1274881,2025-04-04 08:10:00,2025-04-04 11:10:00,BREATHITT CO.,SEWELL,0.26,0.27,SEWELL,37.6319,-83.3758,37.6323,-83.3758,2025,180.0,3.0,0,0,0,0,0,0,-0.47,278.1,2025-04-04 11:13:39,2025-04-04 23:59:37,71.93,245.25,Waxing Crescent,38.24,22,"Developed, Low Intensity",230.874,31,MAM,0.02,Neutral,0.3638663,0.39812496,0.35016668,0.39941671,55.210102,63.308754,52.70375,61.103752,76.8,56.2,66.0,8.3,0.66,4.0,78,4.3,1,100,Moderate or heavy rain shower
1242878,2025-04-04 08:35:00,2025-04-04 10:45:00,LAWRENCE CO.,PEACH ORCHARD,1.06,1.3,RICHARDSON,37.9371,-82.6095,37.9454,-82.653,2025,130.0,2.17,0,0,0,0,0,0,-0.89,278.58,2025-04-04 11:10:22,2025-04-04 23:56:47,71.24,245.64,Waxing Crescent,38.24,41,Deciduous Forest,171.565,0,MAM,0.02,Neutral,0.3361838,0.38037494,0.34825003,0.2800833,55.045063,63.049995,52.52375,61.02125,73.7,52.7,62.6,8.5,0.82,5.0,83,3.1,1,100,Moderate or heavy rain shower
1242881,2025-04-04 08:35:00,2025-04-04 12:50:00,LAWRENCE CO.,CHEROKEE,1.33,0.67,CHEROKEE,38.0608,-82.8278,38.0643,-82.8208,2025,255.0,4.25,0,0,0,0,0,0,-0.75,278.44,2025-04-04 11:11:09,2025-04-04 23:57:45,71.35,244.95,Waxing Crescent,38.24,41,Deciduous Forest,193.508,0,MAM,0.02,Neutral,0.33662626,0.40900004,0.3132083,0.39279163,54.39755,60.62375,52.343754,59.363747,73.7,52.7,62.6,8.5,0.82,5.0,83,3.1,1,100,Moderate or heavy rain shower
1242880,2025-04-04 08:35:00,2025-04-04 12:50:00,LAWRENCE CO.,ADAMS,0.69,0.89,ADAMS,38.0533,-82.7119,38.0481,-82.7095,2025,255.0,4.25,0,0,0,0,0,0,-0.82,278.52,2025-04-04 11:10:42,2025-04-04 23:57:17,71.27,245.16,Waxing Crescent,38.24,41,Deciduous Forest,250.77,0,MAM,0.02,Neutral,0.24640709,0.36495838,0.24200003,0.22200002,54.023415,61.088753,51.6575,59.78,73.7,52.7,62.6,8.5,0.82,5.0,83,3.1,1,100,Moderate or heavy rain shower
1258958,2025-04-04 10:55:00,2025-04-04 12:55:00,MERCER CO.,HARRODSBURG,0.55,1.55,HARRODSBURG,37.75,-84.86,37.7467,-84.8583,2025,120.0,2.0,0,0,0,0,0,0,0.51,277.19,2025-04-04 11:19:30,2025-04-04 00:04:44,72.95,242.34,Waxing Crescent,38.24,81,Pasture/Hay,253.693,0,MAM,0.02,Neutral,0.42966416,0.42654166,0.42954168,0.43112504,53.936714,60.181248,52.1525,57.972496,75.9,51.8,63.3,12.8,1.35,5.0,87,2.7,1,100,Moderate or heavy rain shower
1258959,2025-04-04 11:16:00,2025-04-04 13:16:00,SCOTT CO.,GEORGETOWN,2.82,2.33,GEORGETOWN,38.16,-84.54,38.1443,-84.5431,2025,120.0,2.0,0,0,0,0,0,0,0.34,277.39,2025-04-04 11:17:56,2025-04-04 00:03:45,72.52,241.73,Waxing Crescent,38.24,81,Pasture/Hay,257.395,0,MAM,0.02,Neutral,0.4218775,0.42925,0.41733328,0.43499997,52.36539,57.162502,50.86625,55.90625,67.2,51.0,59.2,14.3,1.61,5.0,90,2.0,1,100,Moderate or heavy rain shower
1258960,2025-04-04 12:21:00,2025-04-04 14:21:00,MEADE CO.,FLAHERTY,3.35,4.82,FLAHERTY,37.8177,-86.0106,37.8211,-86.0092,2025,120.0,2.0,0,0,0,0,0,0,1.31,276.48,2025-04-04 11:24:03,2025-04-04 00:09:23,73.72,239.94,Waxing Crescent,38.24,22,"Developed, Low Intensity",203.495,27,MAM,0.02,Neutral,0.514443,0.5082917,0.515875,0.5115833,53.553165,57.646248,52.347504,56.322502,71.6,52.2,60.6,12.3,2.6,5.0,88,2.2,1,100,Moderate or heavy rain shower
1258961,2025-04-04 13:49:00,2025-04-04 15:49:00,NELSON CO.,GREENBRIER,2.59,2.42,GREENBRIER,37.7664,-85.4588,37.7533,-85.4532,2025,120.0,2.0,0,0,0,0,0,0,0.92,276.82,2025-04-04 11:21:53,2025-04-04 00:07:09,73.36,241.17,Waxing Crescent,38.24,41,Deciduous Forest,186.206,0,MAM,0.02,Neutral,0.4331446,0.42695832,0.43395838,0.43241668,53.997612,58.879997,52.624996,57.076252,76.5,52.2,62.7,11.6,1.44,5.0,88,2.4,1,100,Moderate or heavy rain shower
1277540,2025-04-05 03:30:00,2025-04-05 06:30:00,NELSON CO.,NELSONVILLE,1.83,1.88,NELSONVILLE,37.7487,-85.6738,37.7478,-85.6736,2025,180.0,3.0,1,0,10000,0,0,0,1.23,277.04,2025-04-05 11:21:16,2025-04-05 00:08:54,79.66,188.79,First Quarter,49.11,22,"Developed, Low Intensity",134.337,28,MAM,0.02,Neutral,0.42979673,0.4256667,0.42975,0.4313334,55.384773,62.64125,53.299995,60.113747,71.1,55.2,65.2,15.7,2.53,4.0,87,2.1,1,100,Moderate or heavy rain shower
1258969,2025-04-05 17:19:00,2025-04-05 19:19:00,HART CO.,DEFRIES,2.97,3.43,DEFRIES,37.31,-85.7,37.306,-85.696,2025,120.0,2.0,0,0,0,0,0,0,1.2,277.03,2025-04-05 11:21:43,2025-04-05 00:08:41,80.1,189.05,First Quarter,49.11,81,Pasture/Hay,202.842,0,MAM,0.02,Neutral,0.44701663,0.5056666,0.42333338,0.5086667,56.43654,64.30625,54.18875,61.520008,71.9,61.9,68.7,19.0,1.02,5.0,86,3.4,1,100,Moderate or heavy rain shower
1258962,2025-04-05 18:00:00,2025-04-05 20:00:00,LOGAN CO.,FERGUSON,1.49,0.96,CAVE SPRG,36.8,-86.96,36.8091,-86.9415,2025,120.0,2.0,0,0,0,0,0,0,2.06,276.28,2025-04-05 11:27:08,2025-04-05 00:13:21,80.72,182.57,First Quarter,49.11,82,Cultivated Crops,186.077,0,MAM,0.02,Neutral,0.4975188,0.50325006,0.49245837,0.51295835,57.152187,64.985,54.848747,62.43875,72.0,58.5,67.6,19.2,1.78,4.0,89,2.1,1,100,Moderate or heavy rain shower
1258966,2025-04-05 18:19:00,2025-04-05 20:19:00,MEADE CO.,HILLGROVE,0.71,1.52,HILLGROVE,37.8866,-86.1599,37.8848,-86.1679,2025,120.0,2.0,0,0,0,0,0,0,1.59,276.74,2025-04-05 11:23:06,2025-04-05 00:10:57,79.57,186.28,First Quarter,49.11,81,Pasture/Hay,209.869,0,MAM,0.02,Neutral,0.4618167,0.5011667,0.44408333,0.50949997,54.4673,61.52375,52.523746,58.77875,69.2,53.3,63.9,16.6,1.69,5.0,91,1.7,1,100,Moderate or heavy rain shower
1258963,2025-04-05 19:00:00,2025-04-05 21:00:00,OHIO CO.,HARTFORD,1.65,1.32,HARTFORD,37.45,-86.89,37.4584,-86.8847,2025,120.0,2.0,0,0,0,0,0,0,2.07,276.3,2025-04-05 11:26:22,2025-04-05 00:13:33,80.06,182.77,First Quarter,49.11,21,"Developed, Open Space",141.127,0,MAM,0.02,Neutral,0.515162,0.5097082,0.51712495,0.51025,55.871452,63.079998,53.851246,60.394997,71.4,53.8,64.7,16.3,1.86,5.0,91,1.3,1,100,Moderate or heavy rain shower
1258964,2025-04-05 19:15:00,2025-04-05 21:15:00,WARREN CO.,RICH POND,1.89,1.77,RICH POND,36.9192,-86.5245,36.9189,-86.5197,2025,120.0,2.0,0,0,0,0,0,0,1.75,276.54,2025-04-05 11:25:18,2025-04-05 00:11:42,80.58,184.93,First Quarter,49.11,21,"Developed, Open Space",180.831,0,MAM,0.02,Neutral,0.5116729,0.50504166,0.5124166,0.51133335,57.183277,65.03375,54.920002,62.326252,72.2,60.4,68.0,18.8,1.48,5.0,89,3.3,1,100,Moderate or heavy rain shower
1277349,2025-04-05 20:00:00,2025-04-05 23:00:00,BULLITT CO.,LEBANON JCT,1.03,0.9,LEBANON JCT,37.8239,-85.7128,37.8235,-85.7119,2025,180.0,3.0,1,0,20000,0,0,0,1.26,277.01,2025-04-05 11:21:22,2025-04-05 00:09:07,79.59,188.54,First Quarter,49.11,23,"Developed, Medium Intensity",138.612,0,MAM,0.02,Neutral,0.42229414,0.42591667,0.4200833,0.42866668,55.121414,62.269997,53.08625,59.716248,71.1,55.2,65.2,15.7,2.53,4.0,87,2.1,1,100,Moderate or heavy rain shower
1258967,2025-04-05 21:02:00,2025-04-05 23:02:00,HARDIN CO.,ELIZABETH TOWN,1.35,1.23,ELIZABETH TOWN,37.6942,-85.8463,37.689,-85.8503,2025,120.0,2.0,0,0,0,0,0,0,1.34,276.93,2025-04-05 11:22:00,2025-04-05 00:09:33,79.74,187.98,First Quarter,49.11,21,"Developed, Open Space",224.576,0,MAM,0.02,Neutral,0.43184876,0.42537498,0.43391666,0.42691663,55.050915,62.07125,53.02625,59.6525,70.4,55.1,65.1,16.8,2.36,4.0,91,2.3,1,100,Moderate or heavy rain shower
1258968,2025-04-05 21:04:00,2025-04-05 23:04:00,HARDIN CO.,ELIZABETH TOWN,1.31,1.34,ELIZABETH TOWN,37.6889,-85.8506,37.6884,-85.8493,2025,120.0,2.0,0,0,0,0,0,0,1.34,276.93,2025-04-05 11:22:01,2025-04-05 00:09:34,79.74,187.96,First Quarter,49.11,21,"Developed, Open Space",215.257,15,MAM,0.02,Neutral,0.5074205,0.50604177,0.50716674,0.50875014,54.92964,61.925,52.947495,59.39375,70.4,55.1,65.1,16.8,2.36,4.0,91,2.3,1,100,Moderate or heavy rain shower
1258973,2025-04-05 21:25:00,2025-04-05 23:25:00,BULLITT CO.,SALT RIVER,1.79,1.74,SHEPHERDSVILLE,37.9749,-85.7523,37.9761,-85.7524,2025,120.0,2.0,0,0,0,0,0,0,1.31,276.98,2025-04-05 11:21:25,2025-04-05 00:09:23,79.44,188.22,First Quarter,49.11,21,"Developed, Open Space",135.658,0,MAM,0.02,Neutral,0.432027,0.42420828,0.43379176,0.42858326,54.41435,61.13375,52.58,58.46375,70.1,54.0,65.1,15.2,2.32,4.0,88,2.2,1,100,Moderate or heavy rain shower
1258975,2025-04-05 21:30:00,2025-04-05 23:30:00,MADISON CO.,MILLION,0.69,0.54,MILLION,37.79,-84.38,37.7854,-84.3741,2025,120.0,2.0,0,0,0,0,0,0,0.34,277.83,2025-04-05 11:16:04,2025-04-05 00:03:45,79.4,195.05,First Quarter,49.11,81,Pasture/Hay,251.577,0,MAM,0.02,Neutral,0.41081038,0.42566666,0.40429172,0.42820832,55.31619,63.3875,53.0075,60.54125,72.3,62.2,68.1,15.9,1.11,5.0,83,4.7,1,100,Moderate or heavy rain shower
1258976,2025-04-05 21:30:00,2025-04-06 02:30:00,MADISON CO.,REDHOUSE,4.62,4.67,REDHOUSE,37.8968,-84.2722,37.902,-84.273,2025,300.0,5.0,0,0,0,0,0,0,0.28,277.89,2025-04-05 11:15:33,2025-04-05 00:03:24,79.28,195.41,First Quarter,49.11,41,Deciduous Forest,232.998,0,MAM,0.02,Neutral,0.4272354,0.4276667,0.4255,0.4330417,54.050526,62.1575,51.76625,59.18,70.3,60.1,66.4,15.2,1.67,5.0,86,3.3,1,100,Moderate or heavy rain shower
1258974,2025-04-05 21:45:00,2025-04-06 01:00:00,WARREN CO.,RICH POND,2.26,1.89,RICH POND,36.9295,-86.5176,36.9163,-86.5046,2025,195.0,3.25,0,0,0,0,0,0,1.74,276.54,2025-04-05 11:25:16,2025-04-05 00:11:40,80.57,184.97,First Quarter,49.11,22,"Developed, Low Intensity",180.441,0,MAM,0.02,Neutral,0.5116729,0.50504166,0.5124166,0.51133335,57.183277,65.03375,54.920002,62.326252,72.2,60.4,68.0,18.8,1.48,5.0,89,3.3,1,100,Moderate or heavy rain shower
1258970,2025-04-05 22:20:00,2025-04-06 00:20:00,EDMONSON CO.,HUFF,0.46,0.43,HUFF,37.2494,-86.3618,37.249,-86.3599,2025,120.0,2.0,0,0,0,0,0,0,1.66,276.63,2025-04-05 11:24:24,2025-04-05 00:11:17,80.23,185.63,First Quarter,49.11,41,Deciduous Forest,128.056,0,MAM,0.02,Neutral,0.50684667,0.50016665,0.506625,0.5098333,56.26171,64.0925,54.083755,61.11875,71.1,55.4,65.0,17.2,2.13,5.0,92,2.1,1,100,Moderate or heavy rain shower
1258971,2025-04-05 22:22:00,2025-04-06 00:22:00,EDMONSON CO.,NICK,1.38,1.25,NICK,37.11,-86.32,37.1165,-86.3267,2025,120.0,2.0,0,0,0,0,0,0,1.62,276.66,2025-04-05 11:24:20,2025-04-05 00:11:01,80.37,185.93,First Quarter,49.11,82,Cultivated Crops,187.558,0,MAM,0.02,Neutral,0.42930332,0.5052083,0.39866665,0.5090418,56.869213,64.78999,54.58625,62.05625,72.2,60.4,68.0,18.8,1.48,5.0,89,3.3,1,100,Moderate or heavy rain shower
1258972,2025-04-05 22:23:00,2025-04-06 00:23:00,EDMONSON CO.,SUNFISH,1.49,1.69,SUNFISH,37.28,-86.38,37.2801,-86.3765,2025,120.0,2.0,0,0,0,0,0,0,1.68,276.62,2025-04-05 11:24:27,2025-04-05 00:11:23,80.2,185.51,First Quarter,49.11,21,"Developed, Open Space",141.499,8,MAM,0.02,Neutral,0.48136258,0.5051251,0.4705417,0.5105417,55.950726,63.79625,53.7725,60.803753,71.1,55.4,65.0,17.2,2.13,5.0,92,2.1,1,100,Moderate or heavy rain shower
1246691,2025-04-24 16:15:00,2025-04-24 17:15:00,KENTON CO.,MORNING VIEW,1.32,1.5,ALEXANDER,38.8118,-84.4425,38.8114,-84.4288,2025,60.0,1.0,0,0,0,0,0,0,3.64,283.78,2025-04-24 10:48:13,2025-04-24 00:23:03,-47.09,304.22,Waning Crescent,20.02,42,Evergreen Forest,211.052,0,MAM,0.02,Neutral,0.19250043,0.27704164,0.15824996,0.28175,55.710274,62.07125,53.851246,59.963753,73.8,54.9,64.9,8.3,0.24,5.0,76,6.0,1,100,Moderate or heavy rain shower
1246709,2025-04-30 19:00:00,2025-04-30 20:00:00,OWEN CO.,SWEET OWEN,2.16,2.35,SWEET OWEN,38.55,-84.79,38.5461,-84.7887,2025,60.0,1.0,0,0,2000,0,0,0,4.83,285.21,2025-04-30 10:42:30,2025-04-30 00:29:45,34.55,278.4,Waxing Crescent,7.32,41,Deciduous Forest,268.255,0,MAM,0.02,Neutral,0.22838001,0.330875,0.20762499,0.26537505,57.807167,65.40125,55.520004,63.1175,77.8,66.5,71.3,7.2,0.32,4.0,88,3.1,1,100,Light rain shower
1251092,2025-05-08 15:50:00,2025-05-08 16:50:00,PENDLETON CO.,HAYES,2.14,2.19,HAYES,38.68,-84.38,38.6791,-84.3805,2025,60.0,1.0,0,0,15000,0,0,0,5.84,287.37,2025-05-08 10:31:38,2025-05-08 00:35:57,40.17,130.61,Waxing Gibbous,81.41,41,Deciduous Forest,248.358,0,AMJ,-0.02,Neutral,0.2649592,0.32804167,0.23758335,0.33779168,56.93859,60.68,55.771248,59.693752,67.9,55.6,61.4,9.8,0.15,5.0,86,4.7,1,100,Moderate or heavy rain shower
1292952,2025-05-13 14:10:00,2025-05-13 15:45:00,ESTILL CO.,RAVENNA,0.6,0.61,RAVENNA,37.686,-83.958,37.6853,-83.956,2025,95.0,1.58,0,0,0,0,0,0,5.99,288.76,2025-05-13 10:27:21,2025-05-13 00:36:35,-11.41,111.59,Full Moon,99.78,23,"Developed, Medium Intensity",194.164,59,AMJ,-0.02,Neutral,0.24385042,0.28479168,0.23199992,0.27083334,59.16215,65.36,57.342506,63.334995,72.1,61.6,66.2,4.7,0.41,3.0,85,2.7,1,100,Moderate or heavy rain shower
1292951,2025-05-13 14:15:00,2025-05-13 15:45:00,ESTILL CO.,IRVINE,0.23,0.22,IRVINE,37.6974,-83.9675,37.697,-83.9669,2025,90.0,1.5,0,0,0,0,0,0,6.0,288.76,2025-05-13 10:27:22,2025-05-13 00:36:39,-11.42,111.58,Full Moon,99.78,23,"Developed, Medium Intensity",203.605,54,AMJ,-0.02,Neutral,0.24385042,0.28479168,0.23199992,0.27083334,59.16215,65.36,57.342506,63.334995,72.1,61.6,66.2,4.7,0.41,3.0,85,2.7,1,100,Moderate or heavy rain shower
1292873,2025-05-16 14:17:00,2025-05-16 14:17:00,BREATHITT CO.,LITTLE,1.22,1.18,LITTLE,37.438,-83.3898,37.4388,-83.3883,2025,0.0,0.0,0,0,0,0,0,0,5.92,289.69,2025-05-16 10:23:08,2025-05-16 00:36:20,-41.77,97.38,Waning Gibbous,90.0,21,"Developed, Open Space",242.629,4,AMJ,-0.02,Neutral,0.16517042,0.2829166,0.15499999,0.16079165,61.138138,69.39125,58.452496,67.595,77.3,63.6,72.0,11.6,0.82,5.0,81,2.3,1,100,Moderate or heavy rain shower
1291959,2025-05-16 15:09:00,2025-05-16 17:00:00,FLOYD CO.,WEST GARRETT,1.92,1.86,WEST GARRETT,37.488,-82.8835,37.4851,-82.8879,2025,111.0,1.85,0,0,0,0,0,0,5.57,289.98,2025-05-16 10:21:00,2025-05-16 00:34:26,-41.39,97.6,Waning Gibbous,90.0,21,"Developed, Open Space",218.747,6,AMJ,-0.02,Neutral,0.1433525,0.15799999,0.14020835,0.14925002,61.175823,70.505,58.145,68.457504,80.2,68.3,74.2,12.8,0.47,4.0,78,1.7,1,100,Moderate or heavy rain shower
1292711,2025-05-17 01:07:00,2025-05-17 01:07:00,PIKE CO.,PIKEVILLE,0.61,0.62,PIKEVILLE,37.478,-82.5092,37.4776,-82.5064,2025,0.0,0.0,0,0,0,0,0,0,5.43,290.37,2025-05-17 10:18:44,2025-05-17 00:33:45,-50.78,89.19,Waning Gibbous,83.34,21,"Developed, Open Space",208.627,9,AMJ,-0.02,Neutral,0.17455252,0.28437498,0.168375,0.15912499,62.78893,70.76225,60.281,68.72975,84.0,66.2,73.9,19.6,0.67,6.0,64,10.4,1,100,Patchy rain possible
1272575,2025-05-20 16:20:00,2025-05-20 17:50:00,MUHLENBERG CO.,GREENVILLE,0.84,0.88,GREENVILLE,37.2035,-87.1946,37.2039,-87.1776,2025,90.0,1.5,0,0,0,0,0,0,9.22,288.22,2025-05-20 10:35:56,2025-05-20 00:54:20,-69.15,11.75,Waning Gibbous,55.52,22,"Developed, Low Intensity",159.243,21,AMJ,-0.02,Neutral,0.38688293,0.42441666,0.3774999,0.40654168,63.845337,70.0325,61.95875,68.25125,81.8,67.4,72.2,16.1,0.82,5.0,84,3.6,1,100,Moderate or heavy rain shower
1267538,2025-05-20 17:40:00,2025-05-20 18:40:00,ALLEN CO.,MEADOR,1.5,1.47,MEADOR,36.8891,-86.1454,36.8887,-86.1457,2025,60.0,1.0,0,0,0,0,0,0,8.33,288.86,2025-05-20 10:32:31,2025-05-20 00:49:21,-69.27,14.68,Waning Gibbous,55.52,81,Pasture/Hay,150.576,0,AMJ,-0.02,Neutral,0.42528212,0.42033336,0.4404166,0.37504163,64.35864,70.22,62.45,68.948746,82.1,68.2,72.8,16.3,1.32,5.0,84,4.7,1,100,Moderate or heavy rain shower
1252143,2025-05-30 10:11:00,2025-05-30 12:38:00,GREENUP CO.,WORTHINGTON,0.61,0.58,FLATWOODS,38.543,-82.7269,38.5164,-82.7272,2025,147.0,2.45,0,0,0,0,0,0,7.66,291.89,2025-05-30 10:08:52,2025-05-30 00:47:48,42.56,272.32,Waxing Crescent,11.54,22,"Developed, Low Intensity",197.097,49,AMJ,-0.02,Neutral,0.20864874,0.3615,0.16795832,0.2972083,59.764477,60.409996,59.03,62.0675,63.9,58.0,60.4,15.9,1.86,3.0,89,2.4,1,100,Moderate or heavy rain shower
1252146,2025-05-30 10:14:00,2025-05-30 12:38:00,CARTER CO.,EVERMAN,1.98,2.31,PACTOLUS,38.3794,-82.9745,38.3629,-82.9346,2025,144.0,2.4,0,0,0,0,0,0,7.78,291.77,2025-05-30 10:10:19,2025-05-30 00:48:19,42.75,272.33,Waxing Crescent,11.54,41,Deciduous Forest,250.291,0,AMJ,-0.02,Neutral,0.35361084,0.47870836,0.30420837,0.48129168,60.014565,60.938747,59.183754,62.555,63.0,57.5,59.7,15.0,1.91,4.0,88,2.2,1,100,Moderate or heavy rain shower
1262678,2025-06-08 00:35:00,2025-06-08 03:30:00,BOYD CO.,ASHLAND,0.41,0.35,ASHLAND,38.4702,-82.6225,38.4755,-82.6292,2025,175.0,2.92,0,0,0,0,0,0,8.49,292.59,2025-06-08 10:06:00,2025-06-08 00:52:58,19.41,136.42,Waxing Gibbous,89.99,24,"Developed, High Intensity",165.387,89,MJJ,-0.04,Neutral,0.25855875,0.33987498,0.23212494,0.3220833,64.8041,70.8575,62.738754,69.8675,77.4,69.3,73.2,8.9,1.25,3.0,81,4.0,1,100,Light rain shower
1262681,2025-06-15 16:00:00,2025-06-15 16:45:00,CARTER CO.,BEECH GROVE,0.9,2.25,BEECH GROVE,38.3091,-82.9181,38.3061,-82.9261,2025,45.0,0.75,0,0,0,0,0,0,9.17,292.61,2025-06-15 10:07:19,2025-06-15 00:56:56,-44.87,84.1,Waning Gibbous,86.67,81,Pasture/Hay,209.493,0,MJJ,-0.04,Neutral,0.31586543,0.33391666,0.31408343,0.31595832,65.99979,73.38125,63.78875,71.119995,78.1,69.1,73.9,4.5,0.89,3.0,88,3.7,1,100,Moderate or heavy rain shower
1271649,2025-06-15 20:10:00,2025-06-15 21:10:00,NELSON CO.,WOODLAWN,2.54,2.53,WOODLAWN,37.8001,-85.3308,37.7991,-85.3296,2025,60.0,1.0,0,0,0,0,0,0,10.73,291.33,2025-06-15 10:18:31,2025-06-15 01:05:02,-46.79,82.91,Waning Gibbous,86.67,22,"Developed, Low Intensity",172.961,48,MJJ,-0.04,Neutral,0.22472207,0.30195835,0.21066667,0.24716662,67.100006,73.895004,65.23625,71.225,77.3,70.3,73.3,6.0,1.36,3.0,94,3.4,1,100,Moderate or heavy rain shower
1271652,2025-06-15 20:52:00,2025-06-15 21:52:00,WASHINGTON CO.,FREDRICKTOWN,1.18,1.09,FREDRICKTOWN,37.7545,-85.3091,37.7554,-85.3081,2025,60.0,1.0,0,0,0,0,0,0,10.7,291.35,2025-06-15 10:18:34,2025-06-15 01:04:49,-46.78,82.97,Waning Gibbous,86.67,22,"Developed, Low Intensity",172.001,42,MJJ,-0.04,Neutral,0.22472207,0.30195835,0.21066667,0.24716662,67.100006,73.895004,65.23625,71.225,77.3,70.3,73.3,6.0,1.36,3.0,94,3.4,1,100,Moderate or heavy rain shower
1271654,2025-06-15 21:06:00,2025-06-15 22:06:00,BULLITT CO.,LEBANON JCT,3.11,3.1,LEBANON JCT,37.8402,-85.6744,37.8403,-85.6733,2025,60.0,1.0,0,0,0,0,0,0,11.0,291.13,2025-06-15 10:19:46,2025-06-15 01:06:32,-47.05,82.62,Waning Gibbous,86.67,21,"Developed, Open Space",147.449,10,MJJ,-0.04,Neutral,0.27412376,0.334625,0.27129164,0.26366663,66.602264,73.02501,64.8275,70.54625,77.6,70.7,73.9,5.6,5.62,3.0,92,3.2,1,100,Moderate or heavy rain shower
1271656,2025-06-15 22:06:00,2025-06-15 23:06:00,WASHINGTON CO.,BATTLE,1.38,1.4,BATTLE,37.7603,-85.0341,37.7583,-85.0327,2025,60.0,1.0,0,0,0,0,0,0,10.5,291.5,2025-06-15 10:17:27,2025-06-15 01:03:44,-46.56,83.16,Waning Gibbous,86.67,81,Pasture/Hay,232.851,0,MJJ,-0.04,Neutral,0.2506375,0.33712503,0.22937505,0.29470834,66.46978,72.65751,64.7525,70.295,76.8,69.7,72.7,7.6,0.96,4.0,93,3.3,1,100,Moderate or heavy rain shower
1292625,2025-06-16 14:30:00,2025-06-16 16:30:00,PIKE CO.,BEAVER BOTTOM,0.23,0.26,BEAVER BOTTOM,37.3212,-82.366,37.3215,-82.3657,2025,120.0,2.0,0,0,0,0,0,0,8.46,293.06,2025-06-16 10:08:10,2025-06-16 00:52:06,-51.13,70.38,Waning Gibbous,78.82,21,"Developed, Open Space",248.294,12,MJJ,-0.04,Neutral,0.16190581,0.20670831,0.15583332,0.16779168,69.1055,76.1714,67.0664,73.741394,78.1,68.6,73.3,6.9,0.93,3.0,86,7.8,1,100,Moderate or heavy rain shower
1271660,2025-06-16 17:14:00,2025-06-16 18:14:00,HARDIN CO.,ELIZABETH TOWN,1.14,1.0,ELIZABETH TOWN,37.7033,-85.8495,37.7028,-85.849,2025,60.0,1.0,0,0,0,0,0,0,11.14,291.06,2025-06-16 10:20:58,2025-06-16 01:07:11,-53.53,66.52,Waning Gibbous,78.82,23,"Developed, Medium Intensity",239.981,56,MJJ,-0.04,Neutral,0.28326747,0.378875,0.2779999,0.26945832,69.15625,76.6475,66.89375,74.41625,83.6,73.3,77.6,8.1,0.34,4.0,88,4.3,1,100,Heavy rain at times
1271662,2025-06-16 17:15:00,2025-06-16 18:15:00,HARDIN CO.,ELIZABETH TOWN,0.88,0.69,ELIZABETH TOWN,37.69,-85.86,37.6896,-85.8629,2025,60.0,1.0,0,0,0,0,0,0,11.14,291.05,2025-06-16 10:21:02,2025-06-16 01:07:11,-53.55,66.53,Waning Gibbous,78.82,22,"Developed, Low Intensity",213.529,40,MJJ,-0.04,Neutral,0.28326747,0.378875,0.2779999,0.26945832,69.15625,76.6475,66.89375,74.41625,83.6,73.3,77.6,8.1,0.34,4.0,88,4.3,1,100,Heavy rain at times
1271665,2025-06-16 17:15:00,2025-06-16 19:15:00,HARDIN CO.,ELIZABETH TOWN,0.88,0.84,ELIZABETH TOWN,37.69,-85.86,37.6893,-85.8577,2025,120.0,2.0,0,0,0,0,0,0,11.14,291.05,2025-06-16 10:21:02,2025-06-16 01:07:11,-53.55,66.53,Waning Gibbous,78.82,24,"Developed, High Intensity",214.716,85,MJJ,-0.04,Neutral,0.28326747,0.378875,0.2779999,0.26945832,69.15625,76.6475,66.89375,74.41625,83.6,73.3,77.6,8.1,0.34,4.0,88,4.3,1,100,Heavy rain at times
1271669,2025-06-16 18:38:00,2025-06-16 19:38:00,HARDIN CO.,ELIZABETH TOWN,0.33,0.36,ELIZABETH TOWN,37.7047,-85.871,37.7043,-85.8708,2025,60.0,1.0,0,0,0,0,0,0,11.15,291.04,2025-06-16 10:21:02,2025-06-16 01:07:17,-53.55,66.5,Waning Gibbous,78.82,23,"Developed, Medium Intensity",217.027,75,MJJ,-0.04,Neutral,0.28326747,0.378875,0.2779999,0.26945832,69.15625,76.6475,66.89375,74.41625,83.6,73.3,77.6,8.1,0.34,4.0,88,4.3,1,100,Heavy rain at times
1271670,2025-06-17 19:02:00,2025-06-17 19:12:00,WASHINGTON CO.,FREDRICKTOWN,1.51,1.58,FREDRICKTOWN,37.7484,-85.3024,37.7488,-85.3014,2025,10.0,0.17,0,0,0,0,0,0,10.81,291.35,2025-06-17 10:18:44,2025-06-17 01:05:29,-56.66,46.53,Waning Gibbous,69.5,22,"Developed, Low Intensity",182.876,33,MJJ,-0.04,Neutral,0.26403877,0.38312504,0.23924999,0.30933335,68.27079,73.512505,66.4325,72.82625,78.7,71.3,74.2,14.3,2.63,4.0,93,2.6,1,100,Moderate or heavy rain shower
1266994,2025-06-26 17:00:00,2025-06-26 18:00:00,LEWIS CO.,COTTAGEVILLE,0.84,0.79,COTTAGEVILLE,38.5992,-83.5846,38.6015,-83.5897,2025,60.0,1.0,0,0,0,0,0,0,10.22,291.88,2025-06-26 10:11:25,2025-06-26 01:03:04,18.07,290.58,New Moon,0.61,81,Pasture/Hay,210.94,0,MJJ,-0.04,Neutral,0.15459462,0.12745832,0.15499999,0.16225,72.60924,84.77376,68.81375,81.567505,87.1,74.7,79.2,6.0,0.5,6.0,89,6.2,1,100,Moderate or heavy rain shower
1270911,2025-06-26 17:18:00,2025-06-26 17:18:00,FAYETTE CO.,GREENDALE,0.52,0.54,GREENDALE,38.1031,-84.5287,38.103,-84.5288,2025,0.0,0.0,0,0,0,0,0,0,10.72,291.43,2025-06-26 10:16:43,2025-06-26 01:05:19,18.59,290.24,New Moon,0.61,23,"Developed, Medium Intensity",288.784,0,MJJ,-0.04,Neutral,0.15711999,0.149125,0.15512498,0.16662501,73.493484,85.76375,69.81875,82.0025,88.1,75.4,82.0,5.4,0.28,6.0,82,8.4,1,100,Overcast
1270959,2025-06-27 15:54:00,2025-06-27 16:24:00,WARREN CO.,PLANO,0.04,0.11,PLANO,36.8796,-86.4194,36.8796,-86.4185,2025,30.0,0.5,0,0,0,0,0,0,11.69,290.55,2025-06-27 10:28:19,2025-06-27 01:09:16,29.54,279.82,Waxing Crescent,3.41,23,"Developed, Medium Intensity",186.252,64,MJJ,-0.04,Neutral,0.30538788,0.30604166,0.30587494,0.30349997,74.441086,80.735,71.956245,80.8625,89.6,68.3,80.3,7.2,0.0,5.0,82,8.8,0,0,Fog
1270962,2025-06-27 15:56:00,2025-06-27 16:56:00,SIMPSON CO.,HICKORY FLAT,0.79,0.9,HICKORY FLAT,36.7092,-86.4547,36.7089,-86.45,2025,60.0,1.0,0,0,0,0,0,0,11.66,290.56,2025-06-27 10:28:57,2025-06-27 01:08:55,29.54,279.9,Waxing Crescent,3.41,82,Cultivated Crops,226.754,0,MJJ,-0.04,Neutral,0.31813422,0.33566666,0.31770828,0.31375006,73.79716,79.816246,71.43125,79.9025,90.3,68.3,79.9,6.9,0.0,6.0,80,12.3,0,0,Fog
1270965,2025-06-27 16:07:00,2025-06-27 16:37:00,SIMPSON CO.,RAPIDS,0.41,0.51,RAPIDS,36.6646,-86.4669,36.669,-86.4697,2025,30.0,0.5,0,0,0,0,0,0,11.65,290.56,2025-06-27 10:29:08,2025-06-27 01:08:50,29.54,279.92,Waxing Crescent,3.41,82,Cultivated Crops,236.8,0,MJJ,-0.04,Neutral,0.3539017,0.41229174,0.3499583,0.34795836,73.555214,79.40375,71.3825,79.055,90.3,68.3,79.9,6.9,0.0,6.0,80,12.3,0,0,Fog
1270967,2025-06-27 16:41:00,2025-06-27 16:41:00,SIMPSON CO.,BLACK JACK,2.15,2.05,BLACK JACK,36.74,-86.49,36.7387,-86.4898,2025,0.0,0.0,0,0,0,0,0,0,11.7,290.53,2025-06-27 10:29:01,2025-06-27 01:09:09,29.57,279.86,Waxing Crescent,3.41,21,"Developed, Open Space",205.848,14,MJJ,-0.04,Neutral,0.31813422,0.33566666,0.31770828,0.31375006,73.79716,79.816246,71.43125,79.9025,90.3,68.3,79.9,6.9,0.0,6.0,80,12.3,0,0,Fog
1270968,2025-06-27 16:58:00,2025-06-27 17:28:00,SIMPSON CO.,TEMPERANCE,2.13,2.16,TEMPERANCE,36.7532,-86.411,36.7531,-86.4088,2025,30.0,0.5,0,0,0,0,0,0,11.64,290.57,2025-06-27 10:28:39,2025-06-27 01:08:52,29.51,279.89,Waxing Crescent,3.41,21,"Developed, Open Space",162.327,11,MJJ,-0.04,Neutral,0.31813422,0.33566666,0.31770828,0.31375006,73.79716,79.816246,71.43125,79.9025,90.3,68.3,79.9,6.9,0.0,6.0,80,12.3,0,0,Fog
1266031,2025-07-01 14:02:00,2025-07-01 16:02:00,GREENUP CO.,RACELAND,0.3,0.33,RACELAND,38.5285,-82.7253,38.531,-82.7265,2025,120.0,2.0,0,0,0,0,0,0,9.6,292.03,2025-07-01 10:10:18,2025-07-01 00:59:23,47.67,221.96,Waxing Crescent,32.75,22,"Developed, Low Intensity",181.058,24,JJA,-0.14,Neutral,0.23325665,0.23829168,0.22833335,0.24845828,73.11144,76.595,71.61125,77.09375,81.8,74.2,77.6,7.8,0.96,3.0,80,5.0,1,100,Light rain shower
1266037,2025-07-01 14:20:00,2025-07-01 17:20:00,GREENUP CO.,FLATWOODS,0.2,0.24,FLATWOODS,38.5217,-82.7169,38.5211,-82.7162,2025,180.0,3.0,0,0,0,0,0,0,9.59,292.04,2025-07-01 10:10:17,2025-07-01 00:59:20,47.67,221.97,Waxing Crescent,32.75,23,"Developed, Medium Intensity",206.014,54,JJA,-0.14,Neutral,0.23325665,0.23829168,0.22833335,0.24845828,73.11144,76.595,71.61125,77.09375,81.8,74.2,77.6,7.8,0.96,3.0,80,5.0,1,100,Light rain shower
1266050,2025-07-01 14:28:00,2025-07-01 17:28:00,GREENUP CO.,RACELAND,0.76,1.0,RACELAND,38.5316,-82.706,38.5338,-82.708,2025,180.0,3.0,0,0,0,0,0,0,9.59,292.04,2025-07-01 10:10:13,2025-07-01 00:59:19,47.66,221.98,Waxing Crescent,32.75,21,"Developed, Open Space",171.048,3,JJA,-0.14,Neutral,0.17918378,0.20175003,0.16675003,0.21429169,72.59724,76.55375,70.9175,77.0375,81.8,74.2,77.6,7.8,0.96,3.0,80,5.0,1,100,Light rain shower
1266052,2025-07-01 14:30:00,2025-07-01 17:30:00,GREENUP CO.,WORTHINGTON,0.88,0.65,WORTHINGTON,38.54,-82.73,38.5404,-82.7273,2025,180.0,3.0,0,0,0,0,0,0,9.61,292.03,2025-07-01 10:10:17,2025-07-01 00:59:27,47.67,221.94,Waxing Crescent,32.75,23,"Developed, Medium Intensity",168.153,78,JJA,-0.14,Neutral,0.17031795,0.19591665,0.15775,0.20487504,72.969086,76.7825,71.26625,77.536255,81.8,74.2,77.6,7.8,0.96,3.0,80,5.0,1,100,Light rain shower
1266053,2025-07-01 14:36:00,2025-07-01 17:36:00,GREENUP CO.,RACELAND,0.86,0.8,RACELAND,38.533,-82.7355,38.5324,-82.7361,2025,180.0,3.0,0,0,0,0,0,0,9.61,292.02,2025-07-01 10:10:20,2025-07-01 00:59:27,47.68,221.94,Waxing Crescent,32.75,21,"Developed, Open Space",170.957,19,JJA,-0.14,Neutral,0.17031795,0.19591665,0.15775,0.20487504,72.969086,76.7825,71.26625,77.536255,81.8,74.2,77.6,7.8,0.96,3.0,80,5.0,1,100,Light rain shower
1266054,2025-07-01 15:18:00,2025-07-01 18:18:00,GREENUP CO.,KENWOOD,1.25,1.37,RUSSELL,38.5047,-82.6923,38.5257,-82.6918,2025,180.0,3.0,0,0,0,0,0,0,9.57,292.05,2025-07-01 10:10:15,2025-07-01 00:59:11,47.67,222.02,Waxing Crescent,32.75,22,"Developed, Low Intensity",202.414,33,JJA,-0.14,Neutral,0.23325665,0.23829168,0.22833335,0.24845828,73.11144,76.595,71.61125,77.09375,81.8,74.2,77.6,7.8,0.96,3.0,80,5.0,1,100,Light rain shower
1290068,2025-07-14 21:00:00,2025-07-14 22:30:00,HENDERSON CO.,HENDERSON,1.15,1.46,HENDERSON,37.8466,-87.5787,37.8335,-87.582,2025,90.0,1.5,0,0,100000,0,0,0,12.45,287.95,2025-07-14 10:39:31,2025-07-14 01:13:08,-38.72,75.86,Waning Gibbous,89.27,22,"Developed, Low Intensity",118.74,44,JJA,-0.14,Neutral,0.3085742,0.3746667,0.30404165,0.30208334,74.860176,78.39875,73.801254,77.31125,85.7,73.3,77.9,5.6,1.65,4.0,90,4.6,1,100,Heavy rain
1294806,2025-07-17 13:35:00,2025-07-17 14:45:00,HENDERSON CO.,HENDERSON,0.85,0.9,HENDERSON,37.8413,-87.5863,37.8522,-87.5776,2025,70.0,1.17,0,0,0,0,0,0,12.22,287.51,2025-07-17 10:41:43,2025-07-17 01:11:36,-43.64,24.62,Waning Gibbous,61.73,22,"Developed, Low Intensity",123.999,36,JJA,-0.14,Neutral,0.30927128,0.343125,0.30375,0.31691664,75.78519,80.573746,74.284996,79.3325,93.7,76.4,85.4,10.1,0.25,5.0,79,10.4,1,100,Patchy light rain with thunder
1268507,2025-07-17 16:52:00,2025-07-17 18:15:00,LAWRENCE CO.,HOUCKVILLE,0.09,0.97,CHEROKEE,38.1197,-82.8515,38.0895,-82.8338,2025,83.0,1.38,0,0,0,0,0,0,8.8,290.15,2025-07-17 10:22:01,2025-07-17 00:53:25,-41.69,30.4,Waning Gibbous,61.73,41,Deciduous Forest,244.921,0,JJA,-0.14,Neutral,0.19835372,0.30825,0.18170832,0.21879168,73.51141,78.3425,71.975006,77.16875,91.0,75.5,82.4,9.2,1.99,4.0,78,7.9,1,100,Patchy light rain with thunder
1275331,2025-07-17 17:25:00,2025-07-17 17:55:00,JEFFERSON CO.,SHIVELY,1.63,1.57,SHIVELY,38.1972,-85.7996,38.1973,-85.7972,2025,30.0,0.5,0,0,0,0,0,0,11.0,288.45,2025-07-17 10:33:36,2025-07-17 01:05:25,-42.72,26.74,Waning Gibbous,61.73,24,"Developed, High Intensity",139.156,88,JJA,-0.14,Neutral,0.20890252,0.29000002,0.18837498,0.25224996,76.843216,80.39,75.683754,79.63625,95.7,79.0,86.0,9.2,2.08,5.0,75,11.5,1,100,Patchy light rain with thunder
1275292,2025-07-17 17:56:00,2025-07-17 18:26:00,OLDHAM CO.,PEWEE VLY,2.14,2.14,PEWEE VLY,38.29,-85.47,38.2888,-85.4701,2025,30.0,0.5,0,0,0,0,0,0,10.79,288.62,2025-07-17 10:32:02,2025-07-17 01:04:21,-42.52,27.12,Waning Gibbous,61.73,22,"Developed, Low Intensity",192.586,45,JJA,-0.14,Neutral,0.20256917,0.25329167,0.20391667,0.18104164,74.2787,79.1225,72.71001,78.0425,92.6,77.4,84.4,9.4,1.62,5.0,78,11.4,1,100,Moderate or heavy rain shower
1275293,2025-07-17 18:00:00,2025-07-17 18:30:00,SHELBY CO.,SNOW HILL,0.54,0.6,SNOW HILL,38.2125,-85.223,38.2124,-85.2208,2025,30.0,0.5,0,0,0,0,0,0,10.58,288.78,2025-07-17 10:31:15,2025-07-17 01:03:09,-42.5,27.46,Waning Gibbous,61.73,23,"Developed, Medium Intensity",225.919,65,JJA,-0.14,Neutral,0.18253876,0.23887499,0.18749999,0.14675002,74.237305,79.02125,72.60874,78.22625,87.7,74.4,81.5,11.0,1.67,4.0,82,11.4,1,100,Moderate or heavy rain shower
1304116,2025-07-18 15:40:00,2025-07-18 16:40:00,MCCRACKEN CO.,PADUCAH,1.16,1.25,PADUCAH,37.0691,-88.614,37.067,-88.6142,2025,60.0,1.0,0,0,5000,0,0,0,12.68,286.94,2025-07-18 10:48:36,2025-07-18 01:13:06,-40.88,6.53,Third Quarter,50.43,21,"Developed, Open Space",103.137,19,JJA,-0.14,Neutral,0.23697668,0.30929163,0.21775,0.2787917,76.75287,81.784996,75.27499,80.1425,87.1,76.9,80.5,7.4,1.2,4.0,91,5.2,1,100,Light rain shower
1275294,2025-07-18 21:50:00,2025-07-18 22:10:00,SPENCER CO.,WILSONVILLE,0.76,0.71,WILSONVILLE,38.1309,-85.4014,38.1309,-85.4008,2025,20.0,0.33,0,0,0,0,0,0,10.6,288.54,2025-07-18 10:32:56,2025-07-18 01:03:04,-39.47,10.43,Third Quarter,50.43,22,"Developed, Low Intensity",194.579,25,JJA,-0.14,Neutral,0.21373291,0.34966668,0.19000004,0.24979168,73.81163,77.45,72.60124,76.74875,82.7,74.3,78.1,6.0,0.84,4.0,91,3.7,1,100,Light rain shower
1275295,2025-07-18 21:53:00,2025-07-18 22:23:00,JEFFERSON CO.,JEFFERSONTOWN,1.68,1.72,JEFFERSONTOWN,38.1839,-85.5932,38.1838,-85.592,2025,30.0,0.5,0,0,0,0,0,0,10.75,288.42,2025-07-18 10:33:34,2025-07-18 01:03:58,-39.45,10.19,Third Quarter,50.43,22,"Developed, Low Intensity",191.304,37,JJA,-0.14,Neutral,0.30859664,0.37066665,0.30050007,0.3156667,75.48122,78.8075,74.38999,78.11375,85.2,76.4,80.2,6.0,0.97,4.0,86,3.5,1,100,Light rain shower
1273610,2025-07-20 15:50:00,2025-07-20 16:50:00,MASON CO.,SOUTH RIPLEY,1.08,1.1,SOUTH RIPLEY,38.73,-83.87,38.7278,-83.874,2025,60.0,1.0,0,0,30000,0,0,0,9.47,289.01,2025-07-20 10:26:45,2025-07-20 00:57:16,-27.18,343.57,Waning Crescent,28.07,21,"Developed, Open Space",165.842,4,JJA,-0.14,Neutral,0.17634128,0.26549998,0.16987501,0.16879165,73.75415,76.6625,72.575,76.8275,88.3,72.6,79.4,8.9,2.85,3.0,87,6.2,1,100,Moderate or heavy rain with thunder
1273616,2025-07-20 15:50:00,2025-07-20 16:50:00,MASON CO.,SOUTH RIPLEY,0.0,0.4,SOUTH RIPLEY,38.73,-83.85,38.7275,-83.8489,2025,60.0,1.0,0,0,5000,0,0,0,9.45,289.02,2025-07-20 10:26:41,2025-07-20 00:57:11,-27.19,343.59,Waning Crescent,28.07,41,Deciduous Forest,239.028,0,JJA,-0.14,Neutral,0.17634128,0.26549998,0.16987501,0.16879165,73.75415,76.6625,72.575,76.8275,88.3,72.6,79.4,8.9,2.85,3.0,87,6.2,1,100,Moderate or heavy rain with thunder
1268508,2025-07-20 17:30:00,2025-07-20 20:30:00,CARTER CO.,UPPER TYGART,0.0,0.2,SOLDIER,38.3,-83.28,38.2788,-83.3149,2025,180.0,3.0,0,0,0,0,0,0,8.89,289.42,2025-07-20 10:25:32,2025-07-20 00:53:46,-27.72,344.09,Waning Crescent,28.07,41,Deciduous Forest,286.986,0,JJA,-0.14,Neutral,0.17940623,0.276875,0.17350005,0.16716665,73.091675,76.4075,71.817505,76.355,89.6,75.8,82.0,10.5,0.29,4.0,78,5.5,1,100,Moderate or heavy rain shower
1289969,2025-08-04 18:15:00,2025-08-04 19:30:00,MCCRACKEN CO.,PADUCAH,0.46,0.3,PADUCAH,37.074,-88.6334,37.0688,-88.6343,2025,75.0,1.25,0,0,125000,0,0,0,10.5,283.79,2025-08-04 11:02:07,2025-08-04 00:59:35,21.95,158.51,Waxing Gibbous,72.8,23,"Developed, Medium Intensity",110.16,64,JAS,-0.28,Neutral,0.18649584,0.14920832,0.19124998,0.18262498,77.20445,78.21875,77.06376,77.348755,77.2,68.7,72.7,7.6,0.0,3.0,87,5.4,0,0,Fog
1293706,2025-09-24 17:20:00,2025-09-24 20:00:00,HICKMAN CO.,CLINTON,1.42,0.5,CLINTON,36.6771,-89.004,36.6632,-89.0014,2025,160.0,2.67,0,0,10000,0,0,0,-1.58,271.39,2025-09-24 11:45:33,2025-09-24 23:49:36,5.78,248.66,Waxing Crescent,4.52,82,Cultivated Crops,121.256,0,ASO,-0.4,Neutral,0.19507916,0.36954165,0.18145834,0.183625,74.52871,73.3775,74.802505,73.97375,80.4,71.4,75.1,7.2,1.51,4.0,89,1.3,1,100,Moderate or heavy rain shower
1287795,2025-09-25 01:50:00,2025-09-25 07:49:00,GREENUP CO.,WORTHINGTON,0.71,0.56,FLATWOODS,38.543,-82.7296,38.5191,-82.719,2025,359.0,5.98,0,0,0,0,0,0,-7.82,275.16,2025-09-25 11:21:21,2025-09-25 23:22:53,4.65,242.17,Waxing Crescent,9.31,41,Deciduous Forest,178.337,0,ASO,-0.4,Neutral,0.22057624,0.40824997,0.16583334,0.34570828,70.21122,70.7375,70.06999,70.520004,75.7,62.8,68.6,8.7,1.55,3.0,83,3.2,1,100,Heavy rain
1287796,2025-09-25 01:53:00,2025-09-25 07:49:00,GREENUP CO.,FLATWOODS,2.05,2.12,FLATWOODS,38.505,-82.7526,38.5061,-82.7475,2025,356.0,5.93,0,0,0,0,0,0,-7.81,275.14,2025-09-25 11:21:27,2025-09-25 23:22:58,4.69,242.16,Waxing Crescent,9.31,41,Deciduous Forest,195.306,0,ASO,-0.4,Neutral,0.32630292,0.48991668,0.2879167,0.40337503,70.29988,70.81625,70.09249,70.838745,75.7,62.8,68.6,8.7,1.55,3.0,83,3.2,1,100,Heavy rain
1295856,2025-10-07 10:10:00,2025-10-07 11:10:00,JEFFERSON CO.,LOUISVILLE,0.65,0.64,LOUISVILLE,38.23,-85.768,38.2299,-85.7668,2025,60.0,1.0,0,0,0,0,0,0,-9.11,270.13,2025-10-07 11:44:20,2025-10-07 23:16:36,11.09,91.04,Full Moon,99.93,24,"Developed, High Intensity",142.437,91,SON,-0.51,La Nina,0.30913332,0.41020834,0.29029164,0.34004164,71.77659,69.6275,72.27875,70.77125,69.8,65.8,67.9,7.8,0.6,4.0,95,2.6,1,100,Heavy rain
1295857,2025-10-07 10:10:00,2025-10-07 11:10:00,JEFFERSON CO.,LOUISVILLE,0.75,0.65,LOUISVILLE,38.2374,-85.77,38.2364,-85.7658,2025,60.0,1.0,0,0,0,0,0,0,-9.11,270.13,2025-10-07 11:44:21,2025-10-07 23:16:36,11.09,91.04,Full Moon,99.93,23,"Developed, Medium Intensity",139.067,70,SON,-0.51,La Nina,0.30913332,0.41020834,0.29029164,0.34004164,71.77659,69.6275,72.27875,70.77125,69.8,65.8,67.9,7.8,0.6,4.0,95,2.6,1,100,Heavy rain
1297630,2025-10-07 10:36:00,2025-10-07 10:36:00,JEFFERSON CO.,LOUISVILLE,0.42,0.78,LOUISVILLE,38.2247,-85.7839,38.2208,-85.7696,2025,0.0,0.0,0,0,0,0,0,0,-9.1,270.12,2025-10-07 11:44:24,2025-10-07 23:16:40,11.08,91.02,Full Moon,99.93,23,"Developed, Medium Intensity",139.046,69,SON,-0.51,La Nina,0.30913332,0.41020834,0.29029164,0.34004164,71.77659,69.6275,72.27875,70.77125,69.8,65.8,67.9,7.8,0.6,4.0,95,2.6,1,100,Heavy rain
1297631,2025-10-07 10:52:00,2025-10-07 10:52:00,JEFFERSON CO.,VALLEY STATION,1.38,1.42,VALLEY STATION,38.1,-85.87,38.101,-85.8694,2025,0.0,0.0,0,0,0,0,0,0,-9.03,270.05,2025-10-07 11:44:40,2025-10-07 23:17:05,11.01,90.95,Full Moon,99.93,23,"Developed, Medium Intensity",135.776,56,SON,-0.51,La Nina,0.25750586,0.4254584,0.20616664,0.37754175,69.42549,68.6075,69.619995,69.03124,70.7,66.7,68.4,5.6,1.18,4.0,95,2.6,1,100,Heavy rain
1297632,2025-10-07 12:03:00,2025-10-07 13:03:00,SPENCER CO.,WILSONVILLE,1.76,1.35,WATERFORD,38.1018,-85.4225,38.0623,-85.4013,2025,60.0,1.0,0,0,0,0,0,0,-9.38,270.33,2025-10-07 11:42:53,2025-10-07 23:15:17,11.36,91.22,Full Moon,99.93,81,Pasture/Hay,186.591,0,SON,-0.51,La Nina,0.27710629,0.42562497,0.23929168,0.35725,69.58044,68.18375,69.886246,68.9975,67.5,65.1,66.6,6.9,1.25,3.0,96,2.6,1,100,Moderate or heavy rain shower
1297629,2025-10-07 14:00:00,2025-10-07 15:00:00,JEFFERSON CO.,MINOR LANE HGTS,1.15,1.1,MINOR LANE HGTS,38.1448,-85.7398,38.1446,-85.7372,2025,60.0,1.0,0,0,0,0,0,0,-9.13,270.14,2025-10-07 11:44:10,2025-10-07 23:16:32,11.12,91.04,Full Moon,99.93,24,"Developed, High Intensity",139.413,89,SON,-0.51,La Nina,0.32580084,0.50183326,0.27404168,0.4445833,71.445724,69.43625,71.84,70.76375,70.0,66.6,68.4,5.8,1.09,4.0,95,2.6,1,100,Heavy rain
1295858,2025-10-07 14:30:00,2025-10-07 16:30:00,FAYETTE CO.,(LEX)BLU GRS FLD LEX,0.66,0.47,SOUTH ELKHORN,38.0251,-84.5896,37.9979,-84.5823,2025,120.0,2.0,0,0,0,0,0,0,-10.04,270.83,2025-10-07 11:39:30,2025-10-07 23:12:01,12.02,91.72,Full Moon,99.93,81,Pasture/Hay,296.873,0,SON,-0.51,La Nina,0.24764208,0.31333333,0.22412498,0.306375,70.34116,67.55376,70.700005,70.04,68.2,64.9,66.1,8.9,1.22,3.0,94,3.1,1,100,Heavy rain
1295859,2025-10-07 14:33:00,2025-10-07 16:33:00,FAYETTE CO.,YARNALLTON,1.79,1.85,YARNALLTON,38.1192,-84.6021,38.1434,-84.6502,2025,120.0,2.0,0,0,0,0,0,0,-10.02,270.84,2025-10-07 11:39:36,2025-10-07 23:12:00,12.01,91.74,Full Moon,99.93,21,"Developed, Open Space",257.46,17,SON,-0.51,La Nina,0.20605208,0.36870834,0.16762501,0.28358334,69.74364,67.69625,69.96125,69.68,68.2,64.9,66.1,8.9,1.22,3.0,94,3.1,1,100,Heavy rain
1295860,2025-10-07 14:36:00,2025-10-07 16:36:00,FAYETTE CO.,VILEY,0.31,0.78,VILEY,38.076,-84.5525,38.0748,-84.5509,2025,120.0,2.0,0,0,0,0,0,0,-10.06,270.86,2025-10-07 11:39:23,2025-10-07 23:11:50,12.05,91.76,Full Moon,99.93,22,"Developed, Low Intensity",267.106,47,SON,-0.51,La Nina,0.22497167,0.35316667,0.1894583,0.30400002,70.14084,67.591255,70.475,69.84499,68.2,64.9,66.1,8.9,1.22,3.0,94,3.1,1,100,Heavy rain
