event_id,soil_moisture_0_to_100cm_mean,soil_moisture_0_to_7cm_mean,soil_moisture_28_to_100cm_mean,soil_moisture_7_to_28cm_mean,soil_temperature_0_to_100cm_mean,soil_temperature_0_to_7cm_mean,soil_temperature_28_to_100cm_mean,soil_temperature_7_to_28cm_mean
564702,0.43075252,0.44550002,0.42008328,0.46241668,49.07589,57.68765,46.5614,54.8264
564703,0.3938404,0.4252917,0.38062498,0.42866668,48.67565,57.29675,46.13675,54.506752
564704,0.37290046,0.42779168,0.353875,0.4198333,48.227974,57.288948,45.5552,54.371452
564706,0.38583252,0.42625,0.36974993,0.42749998,48.192574,57.29135,45.47885,54.463856
564705,0.43630424,0.45066667,0.42641667,0.46541664,48.9212,57.4982,46.416946,54.6482
564707,0.3938404,0.4252917,0.38062498,0.42866668,48.60545,57.226555,46.06655,54.436554
566660,0.3624742,0.41641665,0.34720835,0.39683333,49.167274,58.50995,46.47245,55.29245
564708,0.3938404,0.4252917,0.38062498,0.42866668,48.60545,57.226555,46.06655,54.436554
566661,0.43822423,0.46904162,0.42704168,0.46629158,49.169563,58.847603,46.56635,54.86885
566663,0.35917124,0.40399995,0.34904167,0.3789583,49.390137,58.94285,46.680347,55.496597
566666,0.35953417,0.4079167,0.34808338,0.38266668,49.351215,58.87625,46.6325,55.4975
566669,0.3840238,0.42625,0.37220833,0.41045836,47.909786,57.3788,45.2588,53.842556
566664,0.35951462,0.40595832,0.3484167,0.38208333,49.876102,59.400803,47.18705,55.9208
566673,0.44254127,0.478375,0.43275002,0.46416667,48.983192,58.755047,46.3763,54.663803
566675,0.36037502,0.39412498,0.35570827,0.36512497,48.635376,58.3745,45.9395,54.631996
566683,0.43175545,0.46179166,0.4245833,0.44633332,49.5215,59.307198,46.90595,55.2272
566685,0.43175545,0.46179166,0.4245833,0.44633332,49.2056,58.9913,46.59005,54.9113
566698,0.36420918,0.3882917,0.36249998,0.36204168,49.648552,59.5175,46.9175,55.7225
566699,0.36412337,0.37383333,0.36520827,0.35716665,48.235138,58.283302,45.47705,54.34205
566700,0.38447833,0.41945836,0.37699997,0.39845827,48.567764,58.272354,45.89735,54.4886
566701,0.35953417,0.4079167,0.34808338,0.38266668,49.257614,58.78265,46.5389,55.4039
566703,0.35999337,0.40608335,0.35149992,0.37375,48.17653,57.75365,45.49115,54.191147
566704,0.35999337,0.40608335,0.35149992,0.37375,47.907425,57.48455,45.22205,53.922047
566747,0.35951462,0.40595832,0.3484167,0.38208333,49.3847,58.9094,46.69565,55.429398
566706,0.36420918,0.3882917,0.36249998,0.36204168,49.648552,59.5175,46.9175,55.7225
566707,0.4349254,0.4709166,0.42850006,0.44495836,49.438698,59.408455,46.80845,55.13345
564709,0.4648954,0.4779166,0.45291662,0.50162494,50.083252,58.88525,47.39525,56.365253
564714,0.4403392,0.45879164,0.4289584,0.47320834,50.956585,59.13815,48.3644,57.1169
566717,0.35777918,0.36704168,0.35658327,0.35879162,47.30615,57.6548,44.484802,53.5298
569334,0.3641921,0.38570833,0.36295828,0.36125,50.07744,59.956398,47.3414,56.16515
566716,0.35999545,0.36466667,0.36020842,0.3577083,48.930054,59.289497,46.1045,55.164497
564712,0.43314502,0.45025,0.4227501,0.4630834,49.1183,57.703846,46.588852,54.928852
564711,0.3742696,0.42933333,0.35670832,0.41612497,47.521324,56.226353,45.0176,53.20385
564710,0.39546418,0.42679176,0.38379171,0.42504168,49.114326,57.631252,46.56125,55.02875
564716,0.38583252,0.42625,0.36974993,0.42749998,48.344677,57.44345,45.63095,54.615948
564715,0.38680878,0.428625,0.37058327,0.42850006,47.90049,56.8412,45.2537,53.99495
564713,0.36431292,0.4197917,0.34829167,0.40075,48.175514,57.575,45.440002,54.42125
569325,0.35751835,0.36720836,0.3566666,0.35720825,48.167225,58.260498,45.41675,54.232998
569329,0.36170587,0.3629583,0.36304164,0.3567083,49.04649,59.4326,46.213852,55.29635
564720,0.39062417,0.42504168,0.37600002,0.4292917,48.081535,57.325104,45.295097,54.55385
564718,0.46516755,0.47862497,0.45295826,0.5025416,49.46075,58.355,46.7675,55.73
564717,0.4442242,0.48704168,0.4289583,0.48229155,48.837276,57.6566,46.35035,54.424095
564719,0.39160582,0.42658332,0.37695837,0.4301667,47.705864,56.86145,44.95145,54.0977
564721,0.38586798,0.42654166,0.37020835,0.42599997,48.51256,57.710007,45.8075,54.721252
566719,0.36621082,0.41633332,0.3523333,0.3970833,48.484062,57.805252,45.80525,54.5615
566720,0.36635837,0.42158338,0.35066676,0.40174997,47.448536,56.728546,44.766052,53.5523
566721,0.36708963,0.42320836,0.35091665,0.40383327,46.967224,56.1614,44.3039,53.033897
566725,0.39757124,0.44175002,0.38458335,0.42737505,47.197964,56.51555,44.5643,53.121803
566727,0.36708963,0.42320836,0.35091665,0.40383327,47.306526,56.500698,44.6432,53.3732
566726,0.37257588,0.41458333,0.3631667,0.39083338,47.99049,57.1985,45.371002,53.90225
558324,0.40148506,0.436125,0.39258334,0.42045832,47.932625,57.169098,45.3491,53.711597
569343,0.4148946,0.45408335,0.40141675,0.44804168,51.14818,58.541904,49.2419,55.2194
569346,0.44879004,0.48724994,0.43412504,0.48625004,51.530937,58.68245,49.6937,55.446198
569347,0.44879004,0.48724994,0.43412504,0.48625004,51.390537,58.54205,49.5533,55.3058
564734,0.39343047,0.40854165,0.39016664,0.39958334,50.234226,59.3897,47.76095,55.6622
569335,0.3608733,0.39870837,0.34999993,0.3855417,50.300148,58.79525,48.00275,55.34525
569336,0.35989332,0.39820835,0.349125,0.38404167,49.227276,57.6857,46.94195,54.243202
569337,0.3608733,0.39870837,0.34999993,0.3855417,50.300148,58.79525,48.00275,55.34525
569338,0.35989332,0.39820835,0.349125,0.38404167,50.993973,59.4524,48.70865,56.009895
565631,0.40612248,0.41350007,0.39987504,0.42508337,50.13965,59.972603,47.36135,56.387604
570937,0.41570342,0.44495836,0.42449996,0.3757917,64.116684,71.553955,62.0852,68.60271
570936,0.4099779,0.4492917,0.4195417,0.3640833,63.734226,70.857956,61.7492,68.16545
582701,0.28681126,0.32125002,0.28062505,0.29654172,64.517334,66.5528,64.09656,65.281555
575804,0.317165,0.358,0.32175002,0.2878334,71.50307,78.645805,69.33456,76.55705
575808,0.26551208,0.32795832,0.26449993,0.24816667,70.02692,76.585556,67.9718,74.886795
579525,0.30603418,0.3711667,0.28087503,0.37058333,72.23154,78.28774,70.67149,75.56151
576534,0.3330992,0.40404165,0.3111249,0.3847917,71.70507,75.2135,70.44351,74.861
576536,0.28516254,0.37800002,0.26599994,0.31991667,71.17794,74.92475,69.903496,74.2985
576537,0.28075126,0.376875,0.26200005,0.313,70.68793,74.4884,69.39591,73.85091
576538,0.29406834,0.3874583,0.26970834,0.34645844,70.7183,74.4299,69.47615,73.7399
579552,0.32776913,0.33241665,0.32608327,0.33200005,75.72417,82.141396,73.6289,80.768906
579557,0.3151417,0.3067917,0.31625,0.31412497,75.111946,81.69679,72.99304,80.18181
579554,0.32492295,0.3182917,0.32537493,0.32558334,75.303955,81.94685,73.17559,80.386856
574805,0.27423957,0.3425834,0.25287494,0.32470834,68.45896,68.4998,68.33479,68.87105
583509,0.3870242,0.47566667,0.36487487,0.4334166,68.80077,71.0816,68.051605,70.6091
583510,0.38868502,0.47474995,0.368,0.43091664,69.32368,71.63015,68.577644,71.11265
583512,0.29801878,0.38712505,0.28100002,0.32666662,68.767365,70.7009,68.11716,70.35216
583635,0.41470206,0.4652083,0.39208338,0.4754167,70.803276,72.033356,70.30086,72.11585
583637,0.40388253,0.48999998,0.37508333,0.47391665,70.33358,71.73545,69.80046,71.69421
583638,0.40616754,0.488875,0.37733328,0.47745836,70.277145,71.70725,69.738495,71.647255
583639,0.40616754,0.488875,0.37733328,0.47745836,70.17185,71.60195,69.633194,71.54195
583526,0.30446625,0.40862498,0.27350006,0.3759167,67.67255,69.16475,67.0835,69.194756
583569,0.37680134,0.46237496,0.35204172,0.43316662,68.034195,68.99,67.583755,69.26
583547,0.30694833,0.4115834,0.26883337,0.40275002,68.97114,71.4809,68.30466,70.41965
583553,0.3864467,0.47691664,0.3546667,0.46525,67.90666,70.1174,67.323654,69.16865
583640,0.4146671,0.4832084,0.3856667,0.49125,69.36695,72.3293,68.61304,70.9643
583556,0.3864467,0.47691664,0.3546667,0.46525,68.08216,70.2929,67.49915,69.34415
583559,0.30694833,0.4115834,0.26883337,0.40275002,68.85413,71.3639,68.18765,70.30264
583560,0.30414623,0.41062498,0.26566663,0.4005833,68.372375,70.92365,67.67991,69.89615
583641,0.4261808,0.47145844,0.405,0.4837083,70.398766,72.34355,69.82731,71.70981
583642,0.42837796,0.48229167,0.4035833,0.49541664,70.26118,72.31071,69.6632,71.62819
583643,0.33383623,0.41775,0.30145833,0.416875,68.37065,71.43155,67.5653,70.11155
588933,0.43535832,0.48545834,0.41616663,0.4844583,71.57652,73.750244,70.904,73.157745
583644,0.33630583,0.41395834,0.30579168,0.41504166,68.19984,71.2127,67.39895,69.94145
583645,0.35375917,0.4145417,0.32912496,0.41795835,69.04145,72.12395,68.253944,70.71395
583646,0.3376225,0.41487503,0.3083333,0.41229168,69.359566,72.075195,68.65894,70.856445
583647,0.41863498,0.46712503,0.39900008,0.46979165,69.87141,72.92285,69.10909,71.46785
575665,0.28832087,0.40658334,0.25387505,0.36699998,68.25249,70.55345,67.55346,69.8822
588935,0.34738085,0.41958335,0.32054165,0.41533336,71.41086,73.982605,70.68636,73.0376
585376,0.43252838,0.47245833,0.4111667,0.49245837,69.19669,71.971405,68.4239,70.9214
585379,0.41396293,0.44404164,0.39508334,0.46866664,70.70435,73.0772,70.0397,72.19219
583564,0.40840468,0.49245837,0.37645826,0.48991668,67.837845,69.8867,67.2992,69.0017
583834,0.29553375,0.40037498,0.26145837,0.37741673,68.51615,71.458694,67.734955,70.2137
583839,0.40839997,0.4719999,0.3827916,0.475,67.848274,69.78079,67.15581,69.5783
581228,0.44006082,0.47545838,0.42174998,0.49104166,71.56817,75.0668,70.69431,73.39805
581230,0.43748832,0.4777083,0.41766676,0.49204168,71.34571,74.6513,70.507545,73.117546
581231,0.43748832,0.4777083,0.41766676,0.49204168,71.40421,74.7098,70.56605,73.176056
581232,0.43748832,0.4777083,0.41766676,0.49204168,71.32231,74.6279,70.484146,73.09415
581233,0.42954504,0.476625,0.41133335,0.47629175,70.132324,72.53375,69.458755,71.64125
581235,0.42922625,0.473375,0.4080833,0.487,70.05991,72.73775,69.3215,71.699
581236,0.42922625,0.473375,0.4080833,0.487,69.87272,72.55055,69.13429,71.511795
581238,0.42922625,0.473375,0.4080833,0.487,70.20032,72.87815,69.4619,71.8394
581239,0.42538,0.47212505,0.40316653,0.48595834,70.160866,72.6641,69.472855,71.68535
583840,0.30074003,0.39987502,0.26700005,0.38337505,67.61731,69.91445,66.895706,69.3257
583841,0.35721418,0.4345417,0.32658333,0.43645832,68.83441,70.412445,68.27869,70.2137
583842,0.2833246,0.39233336,0.24687505,0.37195835,68.73961,71.35445,67.88569,70.7957
583849,0.28907833,0.3985833,0.25295836,0.3764167,68.47539,70.79705,67.707054,70.3358
588613,0.34499463,0.37520835,0.33699992,0.36233333,72.89671,76.6604,71.66166,75.87665
597503,0.39105,0.44962502,0.37308335,0.43312502,68.79935,73.66159,67.3766,72.0566
583853,0.39628163,0.44904172,0.38120833,0.430375,69.433174,74.3042,68.0267,72.6317
597505,0.33725333,0.39983335,0.31758326,0.3838334,70.46315,75.211105,69.076096,73.6361
587368,0.35736594,0.40445828,0.33970836,0.40220842,72.79693,76.89395,71.542694,75.73145
577453,0.4248067,0.4755417,0.40104166,0.489375,69.36159,73.4234,68.0609,72.46715
581785,0.3647325,0.403625,0.34812498,0.4087083,68.43061,73.51235,67.10735,71.2736
581787,0.4137642,0.40429163,0.41358337,0.41754165,71.33297,77.05505,69.8438,74.5313
581788,0.38106957,0.38495836,0.37675,0.39458334,70.24865,75.6077,68.8427,73.2827
581789,0.36970833,0.38133335,0.36299995,0.38883337,71.0168,76.03475,69.68225,73.919754
581791,0.38122335,0.38433334,0.37699994,0.39466667,71.31823,76.741394,69.8939,74.393906
581793,0.38106957,0.38495836,0.37675,0.39458334,70.33055,75.689606,68.9246,73.36461
581797,0.4137642,0.40429163,0.41358337,0.41754165,70.97026,76.692345,69.4811,74.1686
581799,0.3588388,0.380375,0.347875,0.38925004,70.64886,76.04524,69.224,73.73525
581801,0.38122335,0.38433334,0.37699994,0.39466667,71.03743,76.460594,69.6131,74.1131
581802,0.3588388,0.380375,0.347875,0.38925004,70.91795,76.314354,69.4931,74.00435
581805,0.38122335,0.38433334,0.37699994,0.39466667,71.31823,76.741394,69.8939,74.393906
581809,0.37782168,0.39779165,0.37024996,0.3971251,69.8198,74.6987,68.5262,72.6287
581811,0.36472583,0.38483334,0.35479164,0.39208332,70.78644,76.0898,69.3923,73.798546
581812,0.35893503,0.37899998,0.34816667,0.3891667,71.73193,77.20325,70.2845,74.87075
581815,0.3588388,0.380375,0.347875,0.38925004,71.280655,76.677055,69.8558,74.36705
581828,0.34573337,0.37258336,0.335,0.37358332,70.26575,74.151505,69.15275,72.7865
581848,0.35349044,0.37879166,0.3449999,0.37416664,70.075134,73.87865,68.962395,72.6224
584088,0.35734463,0.3957083,0.34025002,0.40316668,69.65817,75.02826,68.2895,72.56075
584252,0.35614213,0.37133336,0.34808335,0.37870833,71.51053,78.16716,69.6809,75.56465
584256,0.35697913,0.38691664,0.3451666,0.38749996,70.31105,76.381096,68.7161,73.756096
584089,0.34399125,0.40274993,0.32037506,0.40537503,68.48573,73.4552,67.256454,71.04395
584092,0.31344375,0.39487502,0.28516677,0.38325,69.786545,74.38025,68.67275,72.074005
584095,0.32072544,0.39541665,0.29312506,0.39045835,69.46213,74.18555,68.331795,71.76305
584091,0.30669415,0.39229164,0.2774166,0.37854168,69.91287,74.43785,68.82034,72.15035
597534,0.30565962,0.39120832,0.27862492,0.36983335,70.91705,75.3221,69.8471,73.1171
584300,0.3911017,0.4035417,0.38325003,0.41387498,70.14174,76.09265,68.33389,74.3564
584304,0.38552666,0.41254166,0.37429157,0.41504166,70.87835,76.985756,69.028244,75.18575
584310,0.37680247,0.408,0.36333334,0.41258335,70.091415,76.12851,68.261,74.35476
584312,0.37680247,0.408,0.36333334,0.41258335,71.039116,77.0762,69.208694,75.302444
590159,0.3873633,0.41495833,0.37600005,0.41712508,70.84685,76.849396,69.0419,75.03441
584319,0.3851608,0.40370834,0.37554166,0.41195837,70.80057,76.8569,68.9594,75.094406
584322,0.37680247,0.408,0.36333334,0.41258335,71.28481,77.3219,69.4544,75.54816
590165,0.3801767,0.40979168,0.36725,0.41462502,70.48543,76.42206,68.68205,74.68955
584998,0.3774763,0.38662502,0.37558332,0.3809166,72.245865,78.6407,70.315704,76.73195
584999,0.36340377,0.37962496,0.3585416,0.3746667,71.60746,78.122444,69.669945,76.0787
585000,0.35326466,0.36358333,0.34770837,0.368875,73.096634,79.32575,71.18825,77.56325
585004,0.3541292,0.3724167,0.34762505,0.3703333,72.002716,78.3089,70.085144,76.47515
585007,0.35510418,0.3694167,0.3497083,0.36883327,72.095825,78.64445,70.1507,76.581955
585011,0.35433206,0.37595832,0.34770837,0.36983332,71.84375,78.279205,69.9317,76.2542
585012,0.3748217,0.39829168,0.36374998,0.40495837,70.92103,76.840546,69.1418,75.04806
586021,0.43552038,0.48016658,0.41508332,0.49070832,69.549164,74.93645,67.95396,73.2227
585013,0.3661412,0.38712502,0.35716656,0.38991663,72.01806,77.88155,70.25405,76.11155
585015,0.3696617,0.3944167,0.35775003,0.40224996,71.35479,77.3858,69.533295,75.58955
586023,0.37428704,0.4298333,0.35699996,0.41504166,70.32305,75.63215,68.76589,73.89215
586024,0.43067172,0.45354173,0.4209999,0.45620826,70.927666,76.49135,69.29886,74.6576
597536,0.43067172,0.45354173,0.4209999,0.45620826,70.62346,76.18715,68.994644,74.3534
586025,0.3203496,0.37220836,0.30320832,0.36183333,71.07924,75.86465,69.65465,74.3684
586031,0.42293704,0.44758332,0.41679168,0.43579158,71.419136,77.19679,69.6743,75.47555
586026,0.33055958,0.37470832,0.31699994,0.3623334,71.0603,75.4982,69.69321,74.268196
586027,0.38867834,0.42170835,0.3793334,0.40970835,65.48368,69.90965,64.09715,68.76215
579090,0.36771,0.43662503,0.34183332,0.43345833,69.96883,75.03786,68.46785,73.42535
579074,0.32936668,0.40216663,0.300375,0.4045,69.0524,74.0276,67.5551,72.5276
586106,0.43143833,0.47420827,0.41558337,0.47154167,70.116585,75.5348,68.51479,73.8023
586028,0.31871462,0.39883336,0.2902916,0.38945833,71.20108,75.72605,69.8198,74.42854
586029,0.41201794,0.47229168,0.3891249,0.47041667,69.601585,74.73845,68.070946,73.1372
586032,0.43552038,0.48016658,0.41508332,0.49070832,69.64276,75.03005,68.04756,73.3163
586033,0.43206427,0.47841668,0.41187492,0.48583332,69.97251,75.33965,68.379654,73.64465
586034,0.31871462,0.39883336,0.2902916,0.38945833,70.73308,75.25806,69.35181,73.96055
586035,0.32216418,0.40691662,0.29520836,0.38633338,70.2125,74.78496,68.81496,73.47995
586036,0.44667712,0.4878333,0.4292499,0.49270833,69.948235,75.361855,68.34935,73.6256
586038,0.43552038,0.48016658,0.41508332,0.49070832,69.17476,74.56205,67.57955,72.848305
586039,0.3985025,0.4555,0.3755833,0.45808348,69.674866,74.8016,68.1416,73.22285
586144,0.4236063,0.4419999,0.41670835,0.441125,70.85832,77.231,69.029755,75.0035
586040,0.31417668,0.38791668,0.29191664,0.36591673,70.339325,74.489006,69.07776,73.2815
586041,0.34742293,0.4055417,0.32658336,0.39949998,69.944336,75.05466,68.402145,73.5284
586115,0.31417668,0.38791668,0.29191664,0.36591673,69.777725,73.9274,68.51614,72.7199
586131,0.34742293,0.4055417,0.32658336,0.39949998,69.56995,74.68025,68.027756,73.15401
586110,0.32603294,0.37579164,0.31145826,0.3594167,71.46965,76.97585,69.83585,75.23585
586116,0.32735294,0.39104167,0.30891666,0.3693333,69.374565,73.3925,68.15,72.23375
586111,0.3052729,0.3964167,0.27504167,0.3785417,71.480644,75.807495,70.16,74.56625
586113,0.31325337,0.38483337,0.2906666,0.3668333,69.2822,73.64674,67.96551,72.34175
586139,0.35548878,0.39612496,0.34399998,0.38133338,70.64743,75.02165,69.27666,73.889145
586130,0.30234125,0.39487502,0.27458337,0.36666667,69.52667,73.65755,68.2538,72.5138
586129,0.30234125,0.39487502,0.27458337,0.36666667,71.141266,75.27215,69.8684,74.1284
586138,0.33055958,0.37470832,0.31699994,0.3623334,71.0603,75.4982,69.69321,74.268196
586133,0.31420913,0.39329168,0.2920833,0.36370826,69.24081,73.37585,67.9871,72.16085
586136,0.31420913,0.39329168,0.2920833,0.36370826,70.78521,74.92024,69.5315,73.705246
586141,0.44934794,0.46016666,0.44845828,0.4487916,70.90201,76.3271,69.23959,74.79335
586135,0.31378415,0.38341665,0.29154158,0.36683333,70.63884,75.15066,69.28565,73.7744
586346,0.35493913,0.39291668,0.3446666,0.37749997,70.054245,76.8137,68.17369,74.248695
586347,0.3220183,0.35320833,0.3127083,0.34354165,70.85476,77.63525,68.953995,75.11149
586349,0.35493913,0.39291668,0.3446666,0.37749997,71.39975,78.159195,69.519196,75.5942
594151,0.32372835,0.34758338,0.31508335,0.34541667,70.93806,77.78796,69.0092,75.26795
586352,0.35493913,0.39291668,0.3446666,0.37749997,70.27655,77.036,68.395996,74.471
586353,0.32927838,0.36195835,0.32133338,0.345625,71.32962,77.98355,69.47479,75.47105
579915,0.39740917,0.44566667,0.37866673,0.44558334,70.76135,77.34485,68.9186,74.88486
597537,0.31719542,0.36954165,0.29716665,0.36841658,71.05681,77.411156,69.16865,75.4124
589644,0.3142579,0.31904167,0.31304163,0.31683338,74.28373,80.9075,72.2525,79.04
586365,0.31844962,0.38533333,0.3000834,0.35912505,72.89128,76.97749,71.509995,76.265
587358,0.3989433,0.34620833,0.4151249,0.36104167,76.196754,83.616356,74.15136,80.73635
587357,0.3989433,0.34620833,0.4151249,0.36104167,76.30205,83.72165,74.25665,80.841644
585312,0.31994167,0.29916665,0.32816672,0.2986667,73.67522,79.52644,71.94771,77.6477
585307,0.31994167,0.29916665,0.32816672,0.2986667,73.72202,79.57325,71.99451,77.6945
586776,0.30459756,0.25449994,0.3169583,0.27891666,72.77581,77.29054,71.4893,75.68179
586777,0.29903874,0.26062495,0.30604157,0.28783333,72.57916,76.070145,71.581406,74.836395
586778,0.30512124,0.26300004,0.3141251,0.28829163,72.86945,76.419044,71.8478,75.18905
586779,0.29076332,0.25283334,0.29812497,0.2781667,73.66805,77.26444,72.636955,76.00445
586780,0.29076332,0.25283334,0.29812497,0.2781667,72.849045,76.44546,71.81795,75.185455
587078,0.3090625,0.26800004,0.31766662,0.29325,73.13825,76.66715,72.13339,75.40715
586806,0.2722992,0.26529166,0.28258336,0.23937498,74.0513,76.89035,73.065346,76.48535
593426,0.38171253,0.43224993,0.37900004,0.37416664,74.76167,76.355896,73.963394,76.967155
609266,0.3857021,0.4005833,0.3823333,0.39229164,54.92964,58.555847,54.18335,56.2796
609268,0.38522708,0.40258333,0.38075006,0.39479163,55.396286,59.0774,54.611153,56.86115
609270,0.38761124,0.40587506,0.38358322,0.39533338,54.507538,58.091904,53.84315,55.59065
609271,0.39439583,0.4072083,0.38987496,0.405625,54.711613,59.19395,53.77895,56.4152
606262,0.48480916,0.46866667,0.4868333,0.48324993,54.541405,59.2529,53.6279,56.1029
607256,0.48929587,0.46845832,0.48979172,0.49454167,54.767525,56.353996,53.968998,56.976498
607257,0.48929587,0.46845832,0.48979172,0.49454167,54.58033,56.1668,53.781803,56.7893
607258,0.42434046,0.43416667,0.41754177,0.44437492,54.5726,56.07785,53.8166,56.662853
612489,0.42501256,0.41949996,0.42504165,0.42674994,54.89296,60.280697,53.30195,58.55195
612490,0.47142792,0.45829168,0.47475004,0.4644167,55.50579,60.939198,53.8817,59.26295
609541,0.42785457,0.4230833,0.42904165,0.42537498,56.6522,56.365105,56.807594,56.2151
609543,0.43142882,0.4215,0.43479165,0.42320833,55.99966,55.36415,56.25665,55.3304
609539,0.35937288,0.35154167,0.35883334,0.36383334,57.502445,58.7099,57.254898,57.948647
610037,0.40570125,0.40337503,0.40258336,0.41716668,44.948524,52.386803,42.7493,50.0093
614625,0.42467785,0.41279164,0.42625,0.42325,43.71635,53.1857,41.1932,49.2107
610050,0.5039651,0.47924995,0.5110001,0.48808336,43.355637,53.023552,41.09105,47.8973
610051,0.42112294,0.41141668,0.42174998,0.42220834,44.631126,54.0638,42.17255,49.9163
620472,0.39456543,0.40041664,0.3973333,0.38312498,51.934513,58.749645,49.72715,57.2309
620474,0.3947438,0.4165,0.39108327,0.40004167,52.33265,58.82525,50.245247,57.32525
620964,0.39844835,0.4068333,0.40058336,0.38833335,51.895588,58.716347,49.675102,57.2351
625665,0.35596296,0.41741666,0.33970836,0.3912084,61.246098,66.656006,59.396,65.786
625670,0.34605587,0.40645838,0.3298333,0.38154164,60.876537,66.5525,58.99625,65.43126
625677,0.34916294,0.3946667,0.34154168,0.36012495,60.772026,66.7757,58.806942,65.5082
629182,0.33160293,0.41941667,0.3020833,0.4035416,60.929337,65.585144,59.6339,63.818897
623516,0.33306295,0.4141667,0.30449995,0.40395835,58.889225,63.5789,57.6014,61.741405
622483,0.39131498,0.413125,0.38079166,0.42012498,58.387028,63.6149,57.161156,60.8474
622238,0.39669457,0.43608332,0.3798333,0.44137502,58.989723,64.20905,57.7103,61.63655
623717,0.44207668,0.47654164,0.4262916,0.4847084,59.979317,63.501804,58.7243,63.10805
623718,0.35386047,0.4134167,0.33025,0.41495833,60.364628,64.19076,59.049507,63.598255
623719,0.35038087,0.4153333,0.32587495,0.41274998,60.073097,63.900352,58.75535,63.315346
630331,0.36539042,0.4006667,0.3590001,0.3755417,61.092613,65.6132,59.67695,64.43945
626571,0.4425108,0.4637083,0.43808332,0.45062497,59.620365,64.3349,58.177395,62.996147
627331,0.44510052,0.4354166,0.44754156,0.43995842,58.479874,64.64915,56.905396,61.82165
626615,0.45673168,0.46541664,0.44562507,0.49191666,62.43856,69.07281,60.747795,66.024055
632950,0.4499358,0.46295834,0.43775013,0.48737502,62.47235,69.2831,60.729347,66.1781
626616,0.4499358,0.46295834,0.43775013,0.48737502,62.65955,69.47031,60.916546,66.36531
626617,0.4499358,0.46295834,0.43775013,0.48737502,62.624447,69.4352,60.881447,66.33021
626618,0.4830033,0.46383333,0.481125,0.4958333,62.51667,69.156204,60.789944,66.2237
626619,0.45433092,0.47383332,0.44166657,0.49125,62.1101,68.34215,60.4784,65.62715
626620,0.48213336,0.45820835,0.48108324,0.49370834,62.943874,69.70535,61.200344,66.66785
624496,0.35695717,0.4065833,0.34654176,0.3761249,59.85013,66.766396,57.871395,64.328896
626622,0.4627796,0.4455833,0.4710835,0.4400417,62.695473,70.429405,60.551907,67.4669
626623,0.46362033,0.43879163,0.4743332,0.4351666,62.8088,70.60505,60.656303,67.59006
630213,0.39080128,0.404875,0.38616666,0.40199986,64.421005,71.9621,62.328346,69.0821
630215,0.35340753,0.37887502,0.350625,0.35445833,64.47537,72.17195,62.324455,69.28445
626624,0.4670492,0.43916664,0.47966662,0.4330834,62.51277,70.25165,60.389153,67.21415
626625,0.46677423,0.45129168,0.4781668,0.43287507,61.706867,69.883255,59.52575,66.4595
626626,0.46677423,0.45129168,0.4781668,0.43287507,61.847263,70.02365,59.666153,66.5999
630217,0.38554713,0.39608333,0.38362503,0.388625,64.5947,72.12635,62.4926,69.29135
626627,0.47374713,0.46683335,0.47958335,0.45604166,63.715816,71.52275,61.577747,68.444
626628,0.47640336,0.46658328,0.48333338,0.45591664,63.431072,71.252304,61.28855,68.1698
627128,0.4174963,0.42925003,0.4136667,0.42670837,61.8227,70.0289,59.637653,66.5789
626629,0.47655132,0.46825,0.48329172,0.45620826,63.749107,71.46335,61.638344,68.4146
627685,0.45235708,0.41008332,0.46591666,0.41995835,67.43607,75.696045,65.1098,72.658554
627686,0.35983205,0.31208333,0.37275007,0.33145836,65.269325,73.05905,63.0953,70.12656
627687,0.35518792,0.30304167,0.36979166,0.3225,65.36772,73.3433,63.11705,70.4258
627690,0.4585246,0.46083328,0.46308324,0.442125,67.82034,74.304955,65.9537,72.0587
627689,0.45607302,0.46041676,0.46124995,0.436875,67.67266,74.169205,65.799194,71.93045
627688,0.4585246,0.46083328,0.46308324,0.442125,68.08944,74.57405,66.2228,72.32779
632683,0.36948752,0.29450002,0.38549995,0.3395833,70.10886,78.5576,67.64135,75.7526
632140,0.40414885,0.35,0.4182917,0.37370837,73.24745,79.597855,71.38159,77.52785
632110,0.28797916,0.27666667,0.29658332,0.26225,67.91397,72.7769,66.43189,71.3744
632112,0.30397627,0.289875,0.31083328,0.28516665,68.85635,73.53545,67.43045,72.18545
632105,0.30397627,0.289875,0.31083328,0.28516665,67.20665,71.88575,65.78075,70.53575
632116,0.285035,0.27775002,0.29958323,0.2375833,71.090225,75.96665,69.47165,75.014145
633825,0.28643918,0.26816666,0.303,0.23575,71.42598,78.54125,69.395,76.0175
638248,0.40360793,0.46416664,0.39183328,0.42379165,69.775955,74.70965,68.199646,73.5359
633826,0.2834521,0.26008338,0.3005001,0.23279166,70.95174,78.0929,68.9129,75.561646
633828,0.28340292,0.26766664,0.30008328,0.23145837,71.03855,78.14495,69.00995,75.624954
633827,0.28643918,0.26816666,0.303,0.23575,71.332375,78.44765,69.30139,75.923904
638279,0.3339429,0.40929165,0.32545832,0.3379167,70.35433,75.53629,68.752556,74.1188
634135,0.30136916,0.3260417,0.29145828,0.32712492,69.68742,75.263145,67.9019,73.950645
642486,0.27250087,0.21283333,0.29354176,0.22024997,74.76905,77.6702,74.1527,75.91521
642488,0.26065084,0.21320832,0.2788333,0.21412496,75.21354,78.77225,74.336006,77.035995
642490,0.25471416,0.20729168,0.27337492,0.20654166,74.809364,78.17299,74.014244,76.41425
642493,0.26737335,0.2079583,0.28858337,0.21445835,74.63395,77.42495,73.993706,75.8987
642495,0.3591863,0.41212502,0.367,0.31474996,72.82696,75.45574,71.99826,74.792
642180,0.40502837,0.47545835,0.393,0.42279172,73.1129,76.92261,71.9201,75.932594
645195,0.35198334,0.4092083,0.34154168,0.36870834,74.730835,79.522995,73.26425,78.16175
645330,0.36481833,0.42620835,0.36641678,0.33887497,73.39603,78.39079,71.8583,77.003296
642181,0.40007082,0.44733334,0.38399994,0.43941674,72.73947,77.42915,71.3204,76.04165
645432,0.38194546,0.44554162,0.37300006,0.39141664,73.682076,78.3866,72.2441,77.0441
645435,0.38191,0.434625,0.37749994,0.37945834,73.5108,78.68795,71.97545,77.0492
642182,0.40374172,0.45791674,0.38495848,0.45008323,73.057175,77.92685,71.611855,76.38935
642183,0.4049454,0.45854166,0.38695836,0.44875002,73.41237,78.294205,71.9492,76.801704
642184,0.4116809,0.46370837,0.39108327,0.46495843,73.43143,77.85784,72.075356,76.60535
642185,0.41443297,0.46279165,0.39699998,0.45808327,74.495155,78.3251,73.2551,77.4701
646563,0.36753333,0.43270838,0.3715,0.33220834,73.79656,78.552956,72.32421,77.25921
646564,0.3705913,0.4173751,0.37345842,0.34516668,74.69326,79.28584,73.267105,78.0521
645394,0.37117335,0.4333333,0.37558332,0.33533332,74.14865,79.1279,72.610405,77.7629
646565,0.40012756,0.4631251,0.3742917,0.46770835,74.26967,77.96045,73.14171,76.9067
646566,0.39342833,0.4565833,0.37300006,0.44241667,74.603226,78.4226,73.435104,77.3351
646568,0.28808334,0.38283336,0.27262494,0.3095,74.818405,78.7415,73.633995,77.571495
642186,0.40460965,0.45183334,0.38358322,0.46095836,73.69025,77.28125,72.634995,76.11125
647420,0.31569836,0.39370826,0.29799995,0.35037503,75.599106,79.56349,74.39975,78.389755
642187,0.42521337,0.4697083,0.40270838,0.48754165,73.8821,77.487495,72.83,76.2875
646583,0.29044548,0.37116668,0.27099994,0.33020833,75.39088,79.4249,74.20489,78.11241
642188,0.42731583,0.43445835,0.41099998,0.48087502,74.19572,77.8406,73.13809,76.60684
642189,0.42401376,0.437875,0.40616667,0.48058334,72.228645,76.1513,71.013794,75.08629
646591,0.39604416,0.4589167,0.37341666,0.45266664,74.216034,77.93855,73.08229,76.8623
642190,0.42521337,0.4697083,0.40270838,0.48754165,73.8587,77.464096,72.806595,76.2641
642191,0.42521337,0.4697083,0.40270838,0.48754165,74.139496,77.7449,73.087395,76.5449
637123,0.35562086,0.41383335,0.33383334,0.4109167,70.839836,73.52689,69.85939,73.30565
637124,0.35009503,0.41425002,0.32645836,0.40974995,70.902466,73.956955,69.87321,73.4132
637125,0.3627675,0.41474998,0.34379163,0.41049996,70.97694,73.900696,69.948204,73.52945
634805,0.3281342,0.4189167,0.2962083,0.40733325,71.96315,74.6141,71.08534,74.0891
634806,0.40795913,0.45854166,0.38554168,0.46795833,72.100365,75.63455,70.980804,74.7608
634811,0.3323929,0.4219167,0.2984167,0.41904163,70.532196,73.95321,69.4982,72.93694
634810,0.3098721,0.4094583,0.2725417,0.4046667,70.914505,74.10185,69.92436,73.24686
646745,0.30593792,0.3526667,0.29166663,0.3392917,75.817024,80.932846,74.385345,79.02035
646749,0.29650998,0.336375,0.29466674,0.28954163,75.90088,80.956856,74.4356,79.23935
634809,0.3138438,0.41375002,0.276875,0.40729165,71.150604,74.5184,70.11215,73.5884
646761,0.30222714,0.33445835,0.289,0.33683336,75.45204,79.4837,74.263695,78.18245
646758,0.31271294,0.32966667,0.30258337,0.34179166,74.61724,78.5183,73.4108,77.4533
646763,0.30191082,0.33383334,0.28908333,0.33525,75.09778,78.88385,73.9601,77.73635
642090,0.4013001,0.3515,0.41045836,0.38650003,75.79516,82.15805,73.96054,79.9643
642092,0.4013001,0.3515,0.41045836,0.38650003,75.76006,82.122955,73.925446,79.9292
646788,0.26855168,0.23929167,0.2725416,0.264625,77.609566,82.94915,75.93666,81.56541
642097,0.35517082,0.32695836,0.35945845,0.349875,76.7282,82.88646,74.85394,81.101456
642095,0.29592833,0.2552084,0.304375,0.28054163,74.81675,79.711395,73.3289,78.28639
642098,0.35123882,0.3285,0.35462502,0.3472083,76.683655,82.55345,74.87346,80.93346
642450,0.26676875,0.22399998,0.2783333,0.24137497,75.257706,80.291306,73.695045,78.93755
642451,0.31552586,0.4198333,0.30570826,0.31441674,76.2502,80.776855,74.799355,79.71561
642453,0.35824835,0.4523333,0.3497083,0.3561666,75.409744,80.331505,73.8665,79.06026
642105,0.31298003,0.397125,0.29245836,0.35529163,74.64305,75.4598,73.97104,76.674805
642210,0.32382292,0.4069167,0.30216667,0.370375,74.97309,75.65315,74.344406,76.9019
642106,0.32462206,0.40233338,0.30654162,0.36070833,74.29209,75.001854,73.65185,76.2506
642661,0.29975125,0.37849998,0.28100002,0.33779168,76.02826,77.98295,75.129196,78.4592
642107,0.347085,0.4132501,0.329375,0.38575003,74.221664,74.642296,73.6523,76.03355
642458,0.34268546,0.41429165,0.32216665,0.38916668,74.06634,74.57855,73.47229,75.9323
642454,0.32338667,0.4130417,0.29975,0.37454167,73.69003,74.31801,73.08049,75.570496
646931,0.36938417,0.44841662,0.36079168,0.37250003,77.1125,78.797295,76.457306,78.7973
642464,0.35640457,0.41758332,0.33408332,0.41254172,73.10904,73.50425,72.945496,73.538
642109,0.36147663,0.4150417,0.34020832,0.41654173,73.81438,73.66745,73.79495,73.92995
641513,0.30891123,0.37574998,0.284875,0.36904165,74.69618,76.09715,74.15466,76.0859
641514,0.30495456,0.37795833,0.28012505,0.36574998,74.74074,76.21191,74.19815,76.11066
650390,0.29695296,0.3554167,0.27612498,0.34887496,79.37146,82.67975,78.348495,81.77599
654133,0.29406795,0.34679165,0.27654165,0.33658335,78.18346,81.25775,77.23401,80.413994
650392,0.27126336,0.33433333,0.25500008,0.306,78.180244,81.31999,77.198746,80.49875
642192,0.36027336,0.38408336,0.3517917,0.38141665,73.40417,75.3188,72.76131,74.970055
640987,0.3371525,0.37012497,0.3242083,0.3705417,73.898895,75.89285,73.24159,75.487854
641166,0.44443998,0.46362504,0.4365416,0.465125,73.42618,75.7925,72.63501,75.350006
642194,0.35730758,0.37712494,0.34904167,0.37904167,73.770615,75.7343,73.11304,75.37055
642195,0.36027336,0.38408336,0.3517917,0.38141665,73.73177,75.6464,73.08889,75.29765
642478,0.4346683,0.47395837,0.41958335,0.47329167,74.43275,76.92395,73.6127,76.41395
642482,0.32499,0.37174997,0.30641654,0.37308335,74.56895,77.5826,73.66386,76.6676
642483,0.3219771,0.36358333,0.3061249,0.36245838,73.47512,76.31,72.627495,75.43625
652342,0.288205,0.35875,0.2649999,0.34425005,77.65753,80.2763,76.781296,79.7888
652348,0.31876293,0.3844167,0.29358336,0.38320827,79.49323,83.5961,78.37236,81.968605
652346,0.29635626,0.37225,0.2675834,0.3697083,78.81486,82.98725,77.67349,81.33726
654136,0.27811334,0.3365833,0.25945842,0.32258335,78.01697,80.424805,77.147285,80.19605
642489,0.3379104,0.38729167,0.322,0.37600002,70.50009,73.01479,69.74855,72.238556
642487,0.36063123,0.41462505,0.34095836,0.4100834,74.1473,76.8887,73.3262,76.0487
654082,0.3277571,0.40608338,0.29704165,0.40695834,76.6157,75.323296,77.12704,75.293304
654084,0.34814167,0.40754172,0.32416672,0.41054174,76.81456,75.70701,77.28575,75.56825
654089,0.29420128,0.40025,0.26920834,0.34454164,76.88791,76.37209,77.002106,76.66835
645405,0.31468832,0.41620836,0.279,0.40320835,74.31601,74.76275,74.1215,74.834
643572,0.33871916,0.3716667,0.33575,0.3379166,75.52498,76.34195,74.9732,77.144455
647034,0.3450108,0.37458327,0.34350002,0.3403333,74.63919,77.48105,73.712296,76.8698
649187,0.301233,0.31354168,0.29645833,0.31349996,74.992325,79.240555,73.600555,78.34805
649188,0.301233,0.31354168,0.29645833,0.31349996,75.09763,79.34585,73.70585,78.453354
649190,0.3035417,0.31654164,0.29799995,0.3182083,76.95819,81.4727,75.5252,80.366455
649191,0.301233,0.31354168,0.29645833,0.31349996,75.06253,79.31075,73.67075,78.41825
649193,0.30369917,0.31866667,0.29799995,0.31824997,76.606895,81.00575,75.19701,79.9745
649196,0.3035417,0.31654164,0.29799995,0.3182083,76.9816,81.4961,75.5486,80.389854
650357,0.30198795,0.40266666,0.296,0.28895834,74.4965,73.30895,74.4902,74.913956
650359,0.2918988,0.39837494,0.283,0.2869167,74.59494,73.28285,74.58785,75.0566
658206,0.2631304,0.26229173,0.2649999,0.257,68.37567,70.95755,67.41754,70.80004
658207,0.25669873,0.256,0.25899997,0.24904169,68.49237,71.33795,67.47546,71.03045
676345,0.4015971,0.4213333,0.3939583,0.42120835,49.51835,55.598747,48.15125,52.17875
676346,0.39177087,0.41920832,0.38083336,0.420125,49.629204,55.838753,48.18125,52.52375
676349,0.39195797,0.4184167,0.38158333,0.41870832,49.605316,55.722496,48.155,52.53875
676367,0.38264835,0.41958332,0.37037504,0.4124166,48.383675,53.1575,47.120003,51.125
675717,0.47602835,0.4953333,0.46866667,0.49483332,52.429886,57.6725,50.99375,55.606255
673714,0.38505077,0.41758335,0.3729583,0.41566667,49.530613,55.86875,48.095,52.34
680040,0.47101417,0.4327917,0.48016667,0.45237496,55.736153,62.048748,53.885,59.978752
681837,0.36958626,0.33650002,0.38270822,0.33562496,58.259975,66.27875,55.756252,64.17125
681840,0.35813752,0.31925002,0.3712916,0.32600006,57.913403,65.8325,55.4375,63.7625
681252,0.45965675,0.4662917,0.4638332,0.44312498,60.678986,66.36125,58.857494,65.03
681544,0.4919571,0.5088333,0.4850417,0.5100417,57.782448,59.114902,56.726147,60.959904
684594,0.40015003,0.419125,0.39058328,0.426625,61.09906,66.901245,59.70125,63.957497
687747,0.36258796,0.4139167,0.35041663,0.3872083,61.420097,68.14625,59.832497,64.62125
684595,0.38445583,0.41595837,0.37295833,0.413375,59.650776,65.6675,58.201252,62.614998
688084,0.37393,0.38587496,0.3702083,0.38270834,58.952976,65.01875,57.43625,62.13125
688085,0.37480378,0.409125,0.36649993,0.39183334,59.37429,64.81625,57.987495,62.315002
689605,0.41626796,0.41354167,0.41612497,0.41766667,64.343445,69.972496,62.386253,69.177505
689606,0.42264497,0.43200004,0.4186667,0.43316665,62.985207,67.381256,61.358757,67.096245
687766,0.46255586,0.44420835,0.4778334,0.41629168,65.721085,73.04,63.34625,71.42375
687768,0.46255586,0.44420835,0.4778334,0.41629168,65.721085,73.04,63.34625,71.42375
687770,0.46255586,0.44420835,0.4778334,0.41629168,65.721085,73.04,63.34625,71.42375
687772,0.46255586,0.44420835,0.4778334,0.41629168,65.721085,73.04,63.34625,71.42375
688102,0.35763004,0.35837495,0.36633337,0.32754162,63.86687,70.01375,61.90625,68.54
688103,0.36924088,0.36233333,0.38104165,0.3310833,64.45996,71.052795,62.40905,69.29405
688104,0.35101628,0.34387496,0.35954177,0.3241667,63.6158,70.18625,61.5725,68.43125
688107,0.33098957,0.34033334,0.33412507,0.317125,64.97098,71.49799,62.929253,69.795494
688945,0.4153113,0.43025002,0.419625,0.3955417,63.696728,70.651245,61.4975,68.91875
688949,0.4153113,0.43025002,0.419625,0.3955417,63.696728,70.651245,61.4975,68.91875
691229,0.33489168,0.3004167,0.3467917,0.3055833,63.461266,69.70625,61.497498,68.1125
691230,0.3639492,0.36404166,0.37720832,0.31845838,63.8129,69.049995,62.082497,68.0
688286,0.3385996,0.32695836,0.34800002,0.31024995,64.2827,70.81625,62.34125,68.76125
687774,0.44503665,0.46916664,0.45733324,0.39483336,65.87094,70.7225,64.06625,70.441246
688609,0.38049415,0.41266665,0.3714583,0.40075,64.66225,65.85305,64.39055,65.1968
688608,0.3686117,0.41054162,0.36358333,0.37187505,61.0937,62.013504,60.88475,61.5035
691253,0.38126957,0.3959583,0.377125,0.39058328,62.350517,63.357502,61.872494,63.653755
691257,0.38126957,0.3959583,0.377125,0.39058328,62.350517,63.357502,61.872494,63.653755
689886,0.3775396,0.38008332,0.37408337,0.3885417,63.35975,68.9825,61.947502,66.3275
692708,0.3513775,0.37412497,0.34391665,0.369375,62.09041,67.7675,60.679996,65.033745
691150,0.48520085,0.48183334,0.48600003,0.4835833,64.22653,69.89,62.866253,67.0025
689887,0.39302382,0.392875,0.3908333,0.40058336,63.62683,68.0771,62.545845,65.849594
691147,0.45858124,0.47662494,0.45075002,0.4794166,63.609722,69.03876,62.318752,66.22626
691148,0.45858124,0.47662494,0.45075002,0.4794166,63.609722,69.03876,62.318752,66.22626
689888,0.46858084,0.4820834,0.4637916,0.48049998,63.15935,68.43875,61.928753,65.61875
691149,0.47751665,0.48329163,0.47483334,0.4847916,63.20686,68.6675,61.928753,65.76875
691151,0.45858124,0.47662494,0.45075002,0.4794166,63.609722,69.03876,62.318752,66.22626
691152,0.48596415,0.48866668,0.48537502,0.48708332,63.00954,68.47626,61.74875,65.51
691155,0.39564705,0.38370827,0.3980416,0.3914167,64.0748,69.24125,62.787506,66.76625
691156,0.47882795,0.47354165,0.47899994,0.48000002,64.18651,69.42125,62.978752,66.5825
689894,0.37259007,0.37825,0.3717499,0.3735834,62.370388,67.055,61.238747,64.68875
689901,0.37080625,0.38775,0.3646666,0.38620827,62.59153,66.644455,61.6082,64.61195
689907,0.4522767,0.47729167,0.4462917,0.46445832,62.919765,68.20625,61.696243,65.35249
689910,0.4522767,0.47729167,0.4462917,0.46445832,62.919765,68.20625,61.696243,65.35249
693427,0.25257498,0.26324996,0.26179174,0.21741666,67.17215,73.08875,65.35249,71.43874
693428,0.34460247,0.380625,0.342625,0.33937493,65.459114,70.625,63.923744,69.00125
703397,0.2797929,0.22729163,0.29545838,0.24358337,72.529625,77.35249,71.04125,76.025
703398,0.30285838,0.26345834,0.31487504,0.27479163,71.87573,76.122505,70.5425,75.03125
694330,0.32601875,0.30125,0.3416667,0.28062502,70.40098,76.13374,68.637505,74.53625
703402,0.28397205,0.30858332,0.28800008,0.2619584,74.27132,77.405,73.03624,77.46125
694553,0.21681833,0.24845831,0.22366667,0.18279165,69.3206,76.09625,67.25,74.161255
697593,0.28027377,0.40175,0.25241667,0.33529165,71.08006,74.033745,70.16001,73.24999
702394,0.371565,0.486625,0.34441662,0.4262916,70.14417,73.56125,69.08001,72.653755
697594,0.37456462,0.48808333,0.34783337,0.428375,70.06678,73.56125,68.98999,72.59375
702395,0.29032087,0.3918333,0.2722083,0.3185833,70.97566,74.07875,70.00625,73.265
702396,0.33283126,0.40875003,0.31129166,0.38137498,69.69388,72.99126,68.667496,72.11375
702400,0.33282375,0.40825,0.31529173,0.36779165,70.37236,73.677505,69.3725,72.69875
702399,0.33707583,0.40883335,0.3241666,0.35741666,69.67779,72.85625,68.66375,72.095
702398,0.32973376,0.41125,0.30895838,0.37379166,69.78718,73.04,68.76501,72.20749
702397,0.32973376,0.41125,0.30895838,0.37379166,69.78718,73.04,68.76501,72.20749
702401,0.33986792,0.4091667,0.32245836,0.37645838,69.92447,73.3025,68.92249,72.23375
702403,0.33901998,0.41625,0.31550005,0.39391664,69.69676,72.8525,68.71999,71.99375
702402,0.3392687,0.41250002,0.31700006,0.39120832,69.7427,73.16,68.71999,72.11
702404,0.3799425,0.49175,0.34737507,0.45433334,71.54266,74.45,70.61001,73.771255
702407,0.35264626,0.41637504,0.33108333,0.4053333,69.4847,72.9875,68.44625,71.877495
702405,0.35134622,0.41287503,0.3334583,0.39216673,70.406006,73.6325,69.43999,72.6425
702406,0.32239127,0.40987504,0.29912502,0.37300003,69.62735,73.08875,68.517494,72.278755
695269,0.27664378,0.40850005,0.2395,0.36004174,69.29112,72.94624,68.138756,72.02375
702408,0.38340124,0.487,0.35799992,0.43595836,69.74675,73.42999,68.66,72.244995
702409,0.34671378,0.41262504,0.326125,0.39533338,69.15459,72.71375,68.097496,71.5925
696740,0.26238167,0.3964167,0.23879164,0.2985833,69.6235,73.130005,68.39,72.68375
697063,0.24298792,0.3940417,0.216875,0.2821667,69.40921,72.841255,68.2025,72.4025
695276,0.30188873,0.41050002,0.26945838,0.376875,69.6449,73.08875,68.555,72.23375
695283,0.29072043,0.39704168,0.26316667,0.34975,69.42598,73.11125,68.318756,71.99375
702410,0.3424742,0.41316667,0.32225007,0.38824996,69.5426,73.152504,68.45375,72.072495
702411,0.33039334,0.41533336,0.30533335,0.388,69.51865,73.197495,68.3975,72.13625
697043,0.26875043,0.40629163,0.233625,0.3433334,69.76171,73.28375,68.555,72.725006
696734,0.26613542,0.36904165,0.24666667,0.2985833,69.37475,72.75875,68.2775,72.00875
695298,0.30298418,0.41254166,0.27275,0.37012503,68.78087,72.275,67.68126,71.386246
695290,0.28552338,0.40520826,0.251375,0.36270833,69.37603,72.84125,68.28875,71.94875
695308,0.33460507,0.48675004,0.296875,0.41324997,69.1526,72.72875,67.9325,72.14375
697047,0.2536775,0.38875005,0.2346666,0.27383333,70.084404,73.478745,68.899994,73.01375
697738,0.35904503,0.35175,0.36008343,0.35791662,69.01464,73.411255,67.58375,72.455
697874,0.2709792,0.30129167,0.26499996,0.28137508,69.2258,72.95,68.048744,72.020004
698530,0.25100252,0.41112494,0.20504166,0.3552083,72.03084,74.69,71.13125,74.22875
706970,0.25270706,0.24670832,0.25133327,0.2594167,74.301834,79.816246,72.59375,78.31999
706951,0.25270706,0.24670832,0.25133327,0.2594167,74.301834,79.816246,72.59375,78.31999
706950,0.27852586,0.28870836,0.276,0.2837917,73.99426,79.56875,72.308754,77.91499
702373,0.29775795,0.38941666,0.28050002,0.32637498,73.93366,76.996254,72.66501,77.2625
711116,0.24928792,0.39079165,0.2206667,0.30025002,73.35942,76.34,72.13249,76.572495
705010,0.2118346,0.28720835,0.20066671,0.22500004,73.25416,74.07125,72.7625,74.6675
704911,0.32971665,0.47629163,0.30037504,0.38145837,72.47961,73.564995,71.97876,73.835
704913,0.32971665,0.47629163,0.30037504,0.38145837,72.47961,73.564995,71.97876,73.835
704914,0.20720041,0.3676667,0.17954169,0.24854167,72.84193,73.43749,72.48126,73.88
704917,0.32971665,0.47629163,0.30037504,0.38145837,72.47961,73.564995,71.97876,73.835
704919,0.24214332,0.36283335,0.23400004,0.22983335,72.90316,73.75625,72.51126,73.9625
704918,0.24214332,0.36283335,0.23400004,0.22983335,72.90316,73.75625,72.51126,73.9625
705999,0.21865003,0.24525,0.22016667,0.2045833,73.13154,75.03875,72.5375,74.5325
706000,0.24882956,0.23433334,0.25899997,0.21879172,72.47184,74.24,71.91875,73.77875
711484,0.40171167,0.51166666,0.35870835,0.5125,73.95028,69.35375,74.611244,73.21625
711486,0.40377626,0.511125,0.36291668,0.5080834,72.140976,68.08625,72.661255,71.70875
711487,0.41473913,0.51441664,0.376875,0.5113333,71.45563,67.38875,71.99375,70.96625
718430,0.5022588,0.51162505,0.4972917,0.51616675,71.56632,67.8275,72.068756,71.090004
711488,0.43097258,0.512,0.39870834,0.51458335,73.70218,69.395,74.30751,73.0625
711489,0.36241332,0.51433337,0.31149998,0.48633337,71.707855,68.22125,72.136246,71.40125
711490,0.41400042,0.51179165,0.3785833,0.5028333,71.36979,68.84,71.62625,71.33375
711491,0.3866383,0.51445836,0.342375,0.49579167,71.50719,68.731255,71.802505,71.42
711492,0.39045462,0.5149583,0.34433338,0.50708336,72.1418,66.75124,72.9125,71.29625
711493,0.35026836,0.5107084,0.296625,0.48070827,71.08131,68.195,71.41625,70.895
711494,0.3874167,0.5162917,0.34104168,0.5034583,72.12718,66.784996,72.89,71.2925
711495,0.35026836,0.5107084,0.296625,0.48070827,71.08131,68.195,71.41625,70.895
723533,0.30703834,0.40933338,0.26954165,0.40150002,72.78602,72.74,72.76999,72.85625
732317,0.4231,0.42287502,0.423625,0.421375,46.426888,47.3225,45.42125,49.57625
736600,0.43128335,0.42845833,0.43379173,0.42362502,47.85826,52.152496,46.482502,51.14375
736601,0.5136433,0.50808334,0.51570827,0.50841665,46.756966,51.079998,45.3875,50.011253
736602,0.42923167,0.42604172,0.43183336,0.421375,48.210014,52.55375,46.823753,51.515
736603,0.43126377,0.42825007,0.43354174,0.42445835,47.59115,51.698746,46.291252,50.67875
736604,0.43030584,0.4279584,0.43304172,0.42170832,48.3041,52.805,46.86875,51.725
736605,0.42923167,0.42604172,0.43183336,0.421375,48.210014,52.55375,46.823753,51.515
736606,0.43128335,0.42845833,0.43379173,0.42362502,47.85826,52.152496,46.482502,51.14375
736607,0.4307375,0.42737505,0.4333333,0.42295837,47.828938,52.13375,46.46,51.087498
733160,0.4318296,0.42808333,0.43237492,0.43120837,45.782413,49.86875,44.4875,48.86
733165,0.43061462,0.4277083,0.4314166,0.42883328,46.428535,50.73875,45.005,49.8725
737276,0.4347992,0.43104163,0.43545833,0.43379164,48.349026,52.572502,47.12,51.155003
736608,0.4319596,0.4298333,0.43362507,0.4269583,46.820114,51.26375,45.36875,50.315002
733168,0.43124667,0.42816663,0.43224993,0.42883334,45.54496,49.805,44.243748,48.58625
736609,0.4308721,0.42945835,0.43262497,0.42533335,48.148777,52.6625,46.715,51.56
733169,0.43049464,0.42683336,0.43124998,0.42912507,45.694588,50.17625,44.29625,48.995
737279,0.42765132,0.42024997,0.43141666,0.4172084,47.098698,50.975,46.02875,49.475
733172,0.4321312,0.42799997,0.43345842,0.4289584,45.78849,50.0825,44.449997,48.94625
736610,0.4331216,0.42791665,0.43383333,0.43241668,46.21805,50.423748,44.83625,49.55375
736611,0.43147373,0.43087497,0.43325004,0.42558333,48.71784,53.903748,47.0675,52.6475
736612,0.4305296,0.42795828,0.4327083,0.42391673,47.721092,52.14875,46.3175,51.057503
736616,0.5150888,0.51100004,0.51666665,0.51104164,47.646652,52.20875,46.283752,50.798748
736613,0.42923167,0.42604172,0.43183336,0.421375,48.210014,52.55375,46.823753,51.515
737281,0.5063096,0.50358325,0.5087917,0.49870834,47.53164,52.497498,46.19,50.47625
736614,0.4307375,0.42737505,0.4333333,0.42295837,47.828938,52.13375,46.46,51.087498
736615,0.43030584,0.4279584,0.43304172,0.42170832,48.3041,52.805,46.86875,51.725
742612,0.43133545,0.42766663,0.4327499,0.4277083,46.594364,50.69375,45.2375,49.88
736617,0.4307375,0.42737505,0.4333333,0.42295837,47.828938,52.13375,46.46,51.087498
736618,0.5130613,0.50649995,0.51358336,0.5134583,49.147137,54.747505,47.40125,53.26625
736619,0.43057463,0.42795834,0.43204156,0.42641667,48.164078,52.29125,46.850002,51.29375
736620,0.42923167,0.42604172,0.43183336,0.421375,48.210014,52.55375,46.823753,51.515
736621,0.5067184,0.4914583,0.51537496,0.48212495,48.994778,53.25875,47.697502,52.02125
736622,0.42938253,0.41325,0.43441668,0.41750002,48.616028,52.857502,47.318756,51.649998
736639,0.43066752,0.41475,0.4356666,0.4188333,47.12675,51.361248,45.80375,50.25125
742198,0.42559794,0.42916667,0.424125,0.42945838,45.073437,51.713753,43.872498,46.9775
746859,0.33319172,0.34604165,0.3417084,0.29970837,58.42115,63.8,56.3075,63.875
746862,0.3416858,0.36533335,0.3458333,0.31958333,58.14001,63.31625,56.097496,63.417503
745106,0.33616748,0.312875,0.34145835,0.32579163,61.145752,68.645,58.819996,66.619995
745280,0.3467742,0.28204167,0.3672084,0.29829165,62.539814,68.88875,60.417503,67.7
746867,0.3464967,0.3755417,0.34895828,0.328375,63.05098,68.9975,61.025,68.015
746868,0.34069124,0.36724997,0.34437492,0.31920835,62.748238,68.6825,60.706245,67.771255
745282,0.33975542,0.31691667,0.35212508,0.3049583,63.1523,69.68,61.025,68.270004
745283,0.32521042,0.30129167,0.33479166,0.30033332,62.889763,69.36875,60.773746,67.985
745284,0.34297213,0.29020837,0.35895833,0.30574992,62.500103,69.2375,60.335,67.6775
746869,0.37978253,0.35887504,0.38575006,0.36629164,64.60299,72.07625,62.12,70.62499
745281,0.3505387,0.33124998,0.36133334,0.3199583,62.48656,68.457504,60.45875,67.44875
745285,0.42561254,0.41037497,0.4352083,0.3977917,62.28736,69.76625,59.817497,68.2625
746870,0.3568984,0.37333333,0.3635833,0.32849994,62.827812,67.98875,61.272495,66.439995
745485,0.31710124,0.3355,0.32454163,0.2854583,62.97999,67.99625,61.40001,66.725
746871,0.3596013,0.39399996,0.35129163,0.37662503,64.03704,69.39125,62.434998,67.744995
746872,0.3596013,0.39399996,0.35129163,0.37662503,64.03704,69.39125,62.434998,67.744995
746873,0.3596013,0.39399996,0.35129163,0.37662503,64.03704,69.39125,62.434998,67.744995
746875,0.28114292,0.35829163,0.27399996,0.27991667,65.86078,70.471245,64.3325,69.56375
745486,0.2818908,0.3395833,0.27799997,0.276,62.93728,68.3375,61.27249,66.845
745508,0.30249333,0.3647083,0.29749998,0.298875,62.446587,67.10375,60.980007,65.9225
746874,0.3404592,0.3841667,0.33350012,0.34975,63.002075,68.3825,61.388756,66.740005
745503,0.2971992,0.38154164,0.28100002,0.324625,62.453865,67.1225,60.976257,65.963745
745505,0.29537916,0.37866664,0.28100002,0.31691667,62.37365,67.1225,60.889996,65.8775
745512,0.30249333,0.3647083,0.29749998,0.298875,62.446587,67.10375,60.980007,65.9225
745487,0.38316086,0.41370833,0.38666677,0.36095837,62.641396,69.02375,60.81124,66.78876
746878,0.4125283,0.43670836,0.40837505,0.41870835,64.565674,71.21375,62.551247,69.25625
754719,0.2900984,0.29458335,0.28587505,0.3030834,70.04477,76.56875,68.06,74.675
754718,0.30181208,0.39520833,0.28283334,0.33575,70.98894,76.520004,69.54125,74.10875
757535,0.2864221,0.3527083,0.27954158,0.2879167,66.82764,72.646255,65.15001,70.64
757536,0.2793879,0.35466662,0.26733342,0.295625,66.91768,72.77375,65.2025,70.84625
757537,0.26626503,0.32987502,0.2646666,0.2505417,66.991104,73.04,65.225,71.03
748121,0.30257335,0.35433337,0.2886667,0.33300003,66.130554,71.978745,64.40749,70.088745
757539,0.31340918,0.38541666,0.29379174,0.35666668,67.07893,72.5975,65.442505,70.85
757540,0.3067667,0.37629172,0.2860001,0.35479164,67.0037,72.57875,65.35625,70.79375
757541,0.294185,0.36312497,0.2767083,0.33112496,67.03381,72.755005,65.378746,70.80125
754715,0.31124043,0.38541672,0.293125,0.34862506,71.331505,77.645004,69.51501,75.454994
757547,0.37524164,0.48179162,0.34100005,0.45712498,66.6509,72.286255,65.01501,70.38125
754716,0.41408047,0.49779174,0.38345835,0.49116668,68.54843,75.14375,66.71749,72.6275
757542,0.3067667,0.37629172,0.2860001,0.35479164,67.0037,72.57875,65.35625,70.79375
757543,0.2837771,0.35345832,0.26599994,0.32149997,66.69613,72.353745,65.045,70.47125
757544,0.32096788,0.37241665,0.30758342,0.34970835,66.685135,72.43625,65.0075,70.52
757545,0.30596915,0.35479164,0.29512507,0.32687494,66.856514,72.67625,65.15001,70.7675
757546,0.3067667,0.37629172,0.2860001,0.35479164,67.0037,72.57875,65.35625,70.79375
757548,0.2837771,0.35345832,0.26599994,0.32149997,66.69613,72.353745,65.045,70.47125
748122,0.3846,0.48375,0.35362506,0.45775,66.493706,72.8,64.6625,70.67
755248,0.3435671,0.31870833,0.35400006,0.31608337,67.119385,72.03125,65.1425,72.26
755274,0.24554123,0.35950002,0.23400004,0.24712498,68.011284,72.87501,66.47749,71.64875
757427,0.24649668,0.38641664,0.2017083,0.35341668,69.51305,73.37,68.44625,71.885
757428,0.22900294,0.38004163,0.18379165,0.33366656,69.68694,73.50125,68.64876,71.975006
757429,0.24649668,0.38641664,0.2017083,0.35341668,69.51305,73.37,68.44625,71.885
757430,0.33265916,0.47741666,0.2867917,0.44166672,70.72595,74.51,69.53001,73.565
752882,0.20578544,0.35966662,0.18899997,0.21204166,69.64302,73.155945,68.58095,72.11345
752889,0.2792879,0.4015417,0.23870833,0.37766674,68.54709,71.87,67.67374,70.43375
757431,0.26490125,0.395125,0.21908337,0.37858334,69.36305,73.265,68.26999,71.81
757434,0.3163146,0.41370833,0.27937502,0.41049996,68.35457,71.50625,67.576256,69.972496
752893,0.23234294,0.36016667,0.21166663,0.26062497,70.21847,73.7333,69.18081,72.60455
763845,0.2552075,0.32687497,0.2254166,0.3334583,71.18761,77.791245,69.15875,75.942505
763847,0.2208804,0.31816664,0.18425,0.31404164,71.545975,78.23375,69.4625,76.46001
763879,0.27878168,0.36366668,0.25175002,0.34316662,71.83112,78.263756,69.9125,76.265
763882,0.288385,0.3405,0.27049997,0.33233333,71.45555,78.2825,69.39124,76.25749
763883,0.26733378,0.32500002,0.245625,0.32254168,75.10577,81.9425,72.96874,80.15375
763884,0.26733378,0.32500002,0.245625,0.32254168,75.10577,81.9425,72.96874,80.15375
763886,0.29444417,0.3800417,0.27275,0.34029165,71.91635,76.91,70.197495,76.145004
764249,0.2443729,0.31091666,0.23916662,0.24004166,74.91781,75.66875,74.386246,76.49
764270,0.26038456,0.33245835,0.25312498,0.26125002,74.69273,75.43625,74.13125,76.369995
762096,0.25415084,0.39195836,0.22100002,0.32187504,70.70514,71.2025,70.15626,72.42125
762095,0.24885835,0.3955833,0.21450002,0.31775,70.8665,71.31875,70.33624,72.53375
763960,0.3028092,0.41291666,0.27770826,0.35216674,72.14341,75.316246,70.82751,75.59749
767280,0.2689321,0.34133336,0.25933334,0.27770832,72.24616,74.85875,71.23999,74.825
764530,0.20019335,0.30608335,0.17670833,0.24541669,71.75405,73.685,71.06001,73.49
764531,0.22166581,0.33608332,0.19333334,0.28066662,72.20012,74.18001,71.51001,73.90625
764532,0.22888167,0.32041672,0.20762493,0.27125,71.77715,73.82375,71.06001,73.55375
764533,0.23429544,0.2915417,0.21799995,0.27108335,72.01855,74.61875,71.2775,73.692505
782830,0.2984604,0.34679165,0.28150007,0.3405,72.33999,74.555,71.73124,73.68875
782825,0.2747225,0.31662497,0.26200008,0.30437502,72.44361,74.915,71.78001,73.895
771264,0.31214544,0.44266668,0.2873334,0.3537083,73.31296,75.091255,72.6575,74.9675
782852,0.31637502,0.43500003,0.2851667,0.3838333,73.15947,75.8525,72.31999,75.14
782853,0.32945833,0.45808336,0.29475006,0.4055834,73.09651,75.935,72.23001,75.12125
782843,0.29201004,0.393375,0.26508322,0.35054162,72.01981,73.902504,71.41999,73.44875
767024,0.3242621,0.4897083,0.27745828,0.42958334,71.68434,73.98125,70.86875,73.715004
767026,0.3242621,0.4897083,0.27745828,0.42958334,71.68434,73.98125,70.86875,73.715004
767025,0.32814422,0.49454165,0.27920827,0.4404583,71.4185,73.28375,70.68875,73.29875
782845,0.20820291,0.29704162,0.18650003,0.253,76.18962,78.8975,75.515,77.59999
773261,0.23871414,0.25579163,0.2331667,0.25204167,74.51611,77.5175,73.51624,76.94375
772816,0.21864963,0.2558333,0.20716669,0.245625,76.50421,78.619995,75.56001,79.036255
783637,0.25044665,0.39816666,0.22100002,0.30216667,76.45704,74.948746,76.50876,76.7825
783635,0.19258791,0.3152917,0.17808332,0.20141669,77.18565,75.60875,77.134995,77.885
783638,0.19258791,0.3152917,0.17808332,0.20141669,77.18565,75.60875,77.134995,77.885
783651,0.19258791,0.3152917,0.17808332,0.20141669,77.18565,75.60875,77.134995,77.885
783639,0.33408335,0.47120836,0.3054999,0.38637504,75.72178,75.00876,75.484985,76.771255
783656,0.19258791,0.3152917,0.17808332,0.20141669,77.18565,75.60875,77.134995,77.885
783652,0.19258791,0.3152917,0.17808332,0.20141669,77.18565,75.60875,77.134995,77.885
783657,0.25044665,0.39816666,0.22100002,0.30216667,76.45704,74.948746,76.50876,76.7825
784424,0.19258791,0.3152917,0.17808332,0.20141669,77.18565,75.60875,77.134995,77.885
783658,0.23208125,0.39987502,0.1991666,0.289,72.809784,70.5725,73.145,72.40625
774126,0.28317875,0.40750003,0.2597084,0.32220834,72.92697,70.895004,73.2425,72.52249
773423,0.2525963,0.39600006,0.22945835,0.284125,72.949554,70.48625,73.37376,72.316246
780981,0.20980833,0.41645834,0.16220833,0.30412504,72.322586,69.24875,73.04001,70.8875
780986,0.3151167,0.48954165,0.2820417,0.370375,72.60557,70.377495,72.96126,72.12875
773418,0.23111917,0.37841666,0.20429164,0.27399996,72.99803,71.31875,73.13374,73.0925
783659,0.2500479,0.39416668,0.22395831,0.2914583,73.434166,71.213745,73.75625,73.07
783660,0.2685288,0.41037497,0.24033332,0.31791672,73.272766,71.29625,73.56124,72.9425
773421,0.22365123,0.384375,0.19533335,0.26716667,73.18671,71.85875,73.261246,73.37375
773419,0.2230754,0.35891664,0.20300002,0.24662499,73.17909,70.99625,73.44501,72.994995
773420,0.19738542,0.36691666,0.168,0.24162501,73.79124,72.40625,73.865005,73.99999
773422,0.2324446,0.3740833,0.208,0.2690417,73.4597,71.8325,73.57625,73.6025
775945,0.3090504,0.42979166,0.28016672,0.36783335,73.79724,74.65056,73.15806,75.7043
783677,0.29518875,0.42712498,0.2503333,0.405,69.97356,63.035,71.6525,66.53
783683,0.32416916,0.42891666,0.28870836,0.41083336,69.93395,63.06875,71.58875,66.54875
783682,0.3328071,0.42570832,0.30220836,0.40675005,69.87733,63.12125,71.54001,66.42875
783681,0.32416916,0.42891666,0.28870836,0.41083336,69.93395,63.06875,71.58875,66.54875
783679,0.29518875,0.42712498,0.2503333,0.405,69.97356,63.035,71.6525,66.53
783684,0.3083,0.42525002,0.27079162,0.39791664,69.94756,63.035,71.62625,66.49625
783685,0.30945793,0.4304167,0.26554167,0.41970837,70.19322,63.267498,71.847496,66.83
783686,0.32555044,0.42791668,0.29141665,0.40845835,70.01682,63.21125,71.66375,66.63875
783687,0.3328071,0.42570832,0.30220836,0.40675005,69.87733,63.12125,71.54001,66.42875
783688,0.328945,0.42937496,0.29591668,0.40870836,70.54832,64.4525,71.975,67.68875
783689,0.3059271,0.42383337,0.26691666,0.400375,69.88658,63.079998,71.57001,66.38374
783690,0.32555044,0.42791668,0.29141665,0.40845835,70.01682,63.21125,71.66375,66.63875
783691,0.32865337,0.4309583,0.29241666,0.41879168,70.15667,63.29,71.791245,66.84125
783693,0.32555044,0.42791668,0.29141665,0.40845835,70.01682,63.21125,71.66375,66.63875
783694,0.3083,0.42525002,0.27079162,0.39791664,69.94756,63.035,71.62625,66.49625
775956,0.34270418,0.43066671,0.31245837,0.41708335,70.10773,63.4925,71.64125,67.055
783696,0.32416916,0.42891666,0.28870836,0.41083336,69.93395,63.06875,71.58875,66.54875
775951,0.3277371,0.4298333,0.29341665,0.41137502,70.07176,63.2825,71.667496,66.863754
783698,0.32816416,0.41816673,0.29479164,0.41258338,72.21579,71.84376,72.50376,71.3525
777537,0.3036954,0.42841664,0.25654164,0.42379162,69.31813,66.468056,69.97806,68.005554
777538,0.28572586,0.42833328,0.23204166,0.42225,70.91896,68.06495,71.57495,69.6212
777540,0.25477168,0.42641667,0.19079167,0.4169166,71.11063,68.117905,71.80415,69.7304
784989,0.37009504,0.36612502,0.3695,0.37345836,69.51106,73.35125,68.465,71.817505
778480,0.28373292,0.33204168,0.26700005,0.32499996,70.339096,73.208755,69.50751,72.23376
778481,0.27371213,0.32033333,0.25654167,0.3170417,70.09062,72.97625,69.2375,72.05374
786073,0.49346462,0.4920833,0.49508336,0.4883751,57.52925,55.295002,58.56875,54.710003
793876,0.49403504,0.5002499,0.48904172,0.50908333,58.22319,58.28,58.41875,57.53375
798071,0.41806254,0.428375,0.4135417,0.430125,39.098713,49.43375,36.51125,44.525
798075,0.41937253,0.42875004,0.41516674,0.4306667,40.359688,52.00625,37.295,46.985
802943,0.40147796,0.4316667,0.39004162,0.430625,43.56508,49.085,42.5975,45.0425
802945,0.4131571,0.43270835,0.40525004,0.43374994,44.111076,49.6175,43.175,45.485
802946,0.50054675,0.50816673,0.4955416,0.51516664,44.73639,50.4425,43.925,45.61625
800058,0.48854673,0.5049166,0.48120832,0.50825006,43.42681,47.329998,42.89,43.96625
800059,0.49587378,0.5083749,0.49041662,0.5104166,43.376377,47.01125,42.95375,43.61375
800060,0.5054317,0.5097917,0.50179166,0.5164583,45.129913,49.89125,44.465,45.822502
800061,0.5001513,0.51212496,0.49662507,0.50825,45.76134,49.6175,45.218746,46.33625
800062,0.49580172,0.50966656,0.48958334,0.5125,44.450226,48.30875,43.962498,44.83625
800063,0.49688795,0.5082916,0.49066666,0.51441664,44.516975,48.1775,44.045,44.915
802948,0.49478295,0.5079167,0.48720828,0.51637495,45.706436,49.83125,45.15125,46.235
800068,0.4958296,0.51020825,0.48966673,0.51216674,46.401352,49.5725,45.968754,46.8275
800065,0.49580172,0.50966656,0.48958334,0.5125,44.450226,48.30875,43.962498,44.83625
800064,0.49245718,0.50883335,0.48524997,0.5117083,44.3186,48.4325,43.8125,44.6825
800070,0.5057383,0.5095833,0.5025416,0.5154167,44.995552,48.6275,44.48,45.5525
800069,0.51167244,0.51087505,0.511375,0.51295835,46.20706,49.5725,45.77,46.583748
800071,0.503935,0.509125,0.49987495,0.516125,45.145023,48.455,44.682503,45.6275
800075,0.51141924,0.5130417,0.51241666,0.5074582,45.51635,48.676254,45.057503,46.036247
800078,0.497498,0.5092917,0.4914166,0.51441664,44.82905,49.53875,44.1875,45.45875
800080,0.51117545,0.5120416,0.51145834,0.5099167,45.06474,47.963753,44.645004,45.5375
800081,0.43308255,0.435375,0.43245837,0.43445837,45.89994,49.51625,45.245,46.940002
800073,0.50448084,0.5107084,0.5009167,0.51462495,44.114826,47.123753,43.6775,44.61125
800083,0.50579125,0.51150006,0.502125,0.51645833,46.39756,49.61,45.976254,46.771248
800085,0.51216626,0.51187503,0.511125,0.5158334,45.190174,48.4925,44.708748,45.739998
800087,0.5119272,0.51270837,0.51258343,0.50941664,45.351086,48.642498,44.86625,45.916252
800082,0.43329254,0.43200004,0.4330416,0.43458334,43.297287,46.17875,42.87125,43.7975
800084,0.42549333,0.4268333,0.4251667,0.42616668,42.666237,45.072502,42.346252,42.96125
800228,0.51344246,0.51000005,0.51441664,0.51125,43.509842,45.777496,43.235,43.69625
800086,0.5131729,0.51304173,0.51362497,0.5116666,44.7107,47.8175,44.255,45.2375
800230,0.5100338,0.511125,0.5092084,0.51250005,43.612812,45.815002,43.370003,43.71125
800209,0.43016458,0.43020833,0.42933333,0.43300006,43.550827,46.197502,43.144997,44.06
800231,0.42846623,0.42912498,0.4275416,0.43141672,43.350014,46.017498,42.934998,43.88375
800223,0.43109462,0.4313334,0.4303333,0.43362498,43.1219,45.63875,42.725,43.64375
800229,0.4290662,0.4308749,0.4280834,0.43183336,43.944874,46.64375,43.475,44.65625
800227,0.43019423,0.43104163,0.42920837,0.43329167,43.92624,46.56875,43.50125,44.502502
800225,0.42778042,0.42941666,0.42679164,0.430625,43.978516,46.62125,43.46375,44.862503
800088,0.4309992,0.43041667,0.430375,0.43333337,43.099327,46.4075,42.59375,43.73
800089,0.40179625,0.42737505,0.39254165,0.42499995,42.938713,46.72625,42.3725,43.6175
800221,0.51366836,0.5112083,0.5143333,0.5122083,43.901978,46.1675,43.61375,44.135
800220,0.43253878,0.432,0.43225002,0.4337084,43.469635,46.06625,43.0625,44.0
800222,0.5133591,0.51016676,0.51433337,0.5110833,43.6481,45.878746,43.38875,43.79375
800226,0.5106629,0.5067917,0.51120836,0.5100833,43.269688,45.455,43.04,43.32875
800090,0.41475043,0.40941668,0.41258332,0.42395833,44.47456,49.471252,42.987503,47.9075
800224,0.42371377,0.41224995,0.424125,0.42612496,44.810974,50.25125,43.33625,48.05375
807424,0.38582584,0.42508337,0.37,0.42699996,48.040398,60.455006,44.6825,55.415
807432,0.37344003,0.42,0.35620832,0.41699997,45.116,57.21875,41.91875,52.04375
816147,0.21720213,0.35370827,0.20100003,0.22725002,65.11047,67.64375,64.0925,67.75625
817484,0.30151835,0.39895836,0.29541665,0.28995833,66.42845,72.158745,64.707504,70.418755
817486,0.22972918,0.36591664,0.2094584,0.25383332,65.67883,71.198746,64.02875,69.49625
817487,0.20719127,0.35487497,0.17587505,0.26533335,65.39274,71.165,63.728752,69.17375
818106,0.21529543,0.3577917,0.17945836,0.29066667,65.10489,71.32625,63.327503,69.125
818108,0.23443581,0.37020835,0.19862501,0.31195834,65.05112,71.27,63.31625,68.926254
818107,0.23443581,0.37020835,0.19862501,0.31195834,65.05112,71.27,63.31625,68.926254
841434,0.33644295,0.47804165,0.31425008,0.36533332,67.40296,69.878746,66.274994,70.445
818658,0.35748836,0.49220833,0.3155,0.4565417,66.108955,70.955,64.771255,69.08
830794,0.34928462,0.4000834,0.34091675,0.36104164,64.905045,71.24376,63.323753,68.213745
830818,0.34386417,0.40354168,0.33166662,0.36579168,64.61432,71.003746,63.027496,67.925
830812,0.34928462,0.4000834,0.34091675,0.36104164,64.905045,71.24376,63.323753,68.213745
820090,0.3223267,0.3401667,0.30858335,0.36349997,66.74679,73.80875,64.520004,72.027504
825734,0.37464917,0.41141674,0.3714583,0.37333333,64.62815,71.026245,62.708755,69.07625
825735,0.3174621,0.3818333,0.30349997,0.34387505,64.753624,71.17625,62.761253,69.44375
841810,0.3894062,0.414875,0.38233328,0.40516666,68.080666,73.895,66.42876,71.80625
841811,0.36306834,0.41283333,0.34804168,0.39799997,67.64469,73.32875,65.997505,71.39749
833069,0.29201332,0.38970837,0.262625,0.3602084,65.94864,71.854996,64.32875,69.533745
820120,0.22942708,0.3510833,0.20062496,0.28762498,65.286575,70.76375,63.7625,68.68625
820151,0.34798086,0.47795835,0.3239999,0.386875,66.89357,69.89,65.66376,70.11125
829439,0.34502837,0.3697084,0.3362083,0.36704168,69.696236,74.105,68.4575,72.47375
829280,0.4649233,0.4962083,0.45037505,0.50437504,67.8197,72.11,66.545006,70.76
829273,0.38247463,0.39345834,0.37758324,0.39558336,69.138016,74.240005,67.7675,72.136246
829262,0.3646237,0.37012497,0.35829163,0.3845,68.91212,74.1725,67.47125,72.098755
841624,0.38945794,0.3620417,0.39337507,0.38516667,68.609566,74.045006,67.14875,71.80625
841625,0.48463878,0.45874998,0.48954162,0.47645828,68.5763,74.43126,66.995,72.04625
841628,0.48315248,0.45487502,0.4882915,0.4749584,68.74869,74.525,67.175,72.21875
841629,0.43820667,0.4546666,0.42850006,0.46599996,69.75612,75.57125,68.104996,73.478745
841631,0.44314876,0.44000003,0.438625,0.45970833,69.53784,75.725,67.83501,73.31374
826058,0.31436583,0.3175833,0.3069167,0.3388333,70.00246,77.3225,67.73,75.35375
826065,0.29633036,0.2887917,0.28700006,0.33083335,71.36364,78.76625,69.0875,76.7
843677,0.26396665,0.2165417,0.27195832,0.25237498,70.81408,76.853745,68.869995,75.46625
843679,0.2587175,0.22774999,0.26645824,0.24249999,70.768105,77.003746,68.77626,75.51875
833022,0.41699335,0.44283333,0.4254167,0.37950006,73.56785,78.94624,71.94876,77.32625
833025,0.29394963,0.28320837,0.30212504,0.2695,72.512825,78.54125,70.77875,76.448746
826086,0.1949771,0.20170833,0.19983333,0.17608334,73.23508,79.53575,71.33825,77.63826
826087,0.1949771,0.20170833,0.19983333,0.17608334,73.09468,79.39535,71.197845,77.497856
833222,0.39657715,0.36070833,0.408375,0.36808333,75.549805,83.43874,73.317505,80.57375
833223,0.2915955,0.25466672,0.30020833,0.27437496,77.14497,84.3875,75.034996,81.965
826439,0.23688793,0.21954168,0.24612497,0.21099997,72.70869,78.136246,70.89875,77.104996
826443,0.2407067,0.24129164,0.2508333,0.2057917,72.25029,77.29626,70.44875,76.744995
826459,0.23688793,0.21954168,0.24612497,0.21099997,72.70869,78.136246,70.89875,77.104996
826497,0.33668876,0.33275002,0.34491658,0.30979162,73.23894,79.44499,71.213745,78.113754
826915,0.1991146,0.21095832,0.19962494,0.19341667,73.13056,78.56375,71.386246,77.299995
828120,0.257475,0.20300001,0.28016666,0.19783334,72.63032,78.53375,70.8125,76.895004
828121,0.257475,0.20300001,0.28016666,0.19783334,72.63032,78.53375,70.8125,76.895004
843707,0.2124179,0.2690417,0.21583338,0.18183334,73.59571,77.705,72.12125,77.28125
843708,0.27367297,0.28504166,0.28549996,0.22933339,73.26005,76.94375,71.91501,76.64375
827487,0.20826584,0.3469583,0.193,0.214375,72.08817,74.7425,71.2025,74.240005
827486,0.25065666,0.37154165,0.22391665,0.30204168,72.868706,75.853546,71.95729,74.99855
828280,0.19470622,0.274375,0.17899996,0.22199999,73.18141,79.216255,71.4875,76.9775
843735,0.26023751,0.257,0.26983336,0.22841668,74.554405,80.62625,72.52999,79.47125
843736,0.38260463,0.47158337,0.37300006,0.385875,74.69502,76.182495,73.55,78.125
843737,0.3849359,0.47945833,0.37099996,0.40120837,74.71959,76.28749,73.5575,78.181244
843741,0.38260463,0.47158337,0.37300006,0.385875,74.69502,76.182495,73.55,78.125
833233,0.25751543,0.30854163,0.25433338,0.25141665,75.74541,77.19125,74.592514,79.216255
833243,0.40018794,0.49629164,0.3835833,0.4250833,76.312065,76.84251,75.27124,79.70375
829577,0.31110626,0.387875,0.31500003,0.27216667,73.07706,74.2475,71.847496,76.9025
839685,0.21643044,0.31554165,0.20587502,0.21958332,74.096596,75.57124,72.95,77.536255
832652,0.30654544,0.31829163,0.28966665,0.3605,71.49196,75.3875,70.175,74.70875
834424,0.21873622,0.25475,0.21499996,0.21954168,72.5903,74.802505,71.659996,75.0425
834418,0.20502834,0.2392083,0.20466666,0.19487496,72.881004,75.2075,71.862495,75.597496
847128,0.217905,0.26312497,0.21354164,0.21779166,72.684845,74.817505,71.78001,75.07625
847123,0.20421709,0.27520832,0.20129162,0.19058333,72.970215,75.14,72.005005,75.55625
841255,0.22543375,0.36362502,0.19433336,0.286,71.216675,70.89874,71.54375,70.20125
847202,0.23332627,0.28950006,0.20745827,0.30329168,71.49771,73.340004,70.895004,72.95
856247,0.2658129,0.27616665,0.26875004,0.25229165,75.73423,72.18125,76.58,74.01875
863305,0.3857883,0.4337084,0.36899996,0.427375,49.499603,47.46875,50.600002,46.40375
863307,0.3717425,0.43275002,0.35095832,0.42266664,49.447403,47.525,50.536255,46.355003
866696,0.45585993,0.50762504,0.43616664,0.50612503,48.394215,45.16625,49.760006,44.7875
858559,0.35057795,0.4171667,0.32537502,0.4147916,48.3236,45.282497,49.523746,45.2225
866704,0.47869837,0.5090833,0.46712503,0.50825006,48.458374,45.631252,49.752502,44.96375
866713,0.46685085,0.51058334,0.44991663,0.51033336,49.412037,47.375,50.540005,46.223747
866697,0.34047458,0.42408335,0.31050003,0.415375,48.586926,45.27875,49.879993,45.25625
866700,0.3337183,0.4193333,0.30270836,0.41149998,48.563934,45.409996,49.820004,45.30875
866702,0.3562529,0.42816672,0.33116665,0.4182916,48.348797,44.9675,49.68125,44.9075
866703,0.48735377,0.50587505,0.48033336,0.50525004,49.46964,46.4075,50.768745,46.03625
866705,0.38345754,0.42937502,0.3685417,0.41929173,48.96999,46.325,50.120003,45.90875
866706,0.3884246,0.42870834,0.37408328,0.4241667,48.56675,45.6575,49.790005,45.3425
866709,0.48735377,0.50587505,0.48033336,0.50525004,49.46964,46.4075,50.768745,46.03625
866711,0.33755168,0.42141664,0.3077083,0.41191673,48.4607,44.80625,49.8425,44.941254
866712,0.3566117,0.42541668,0.3335,0.41291663,48.489613,45.5825,49.647503,45.48875
865943,0.3910879,0.42629167,0.37949994,0.41908333,47.52661,41.915,49.14125,43.86125
869324,0.4095229,0.43479168,0.40116665,0.42975,46.692802,45.5075,47.311253,44.9675
865945,0.49158132,0.511125,0.4849166,0.5079166,47.681114,42.47,49.280003,43.93625
865946,0.48907462,0.50795823,0.48324993,0.50275,49.012024,44.588753,50.344997,45.91625
868893,0.40497962,0.41920832,0.4003334,0.41616657,51.02979,54.889996,49.6325,54.533752
868897,0.50544375,0.50475,0.5086667,0.494625,50.094387,53.386253,48.905003,53.075
868895,0.5052188,0.50799996,0.50820833,0.49404168,50.190086,54.53,48.78125,53.573753
868896,0.42701507,0.4265,0.42658332,0.42866668,50.413887,52.216248,49.392498,53.315
867883,0.4962492,0.51229167,0.48950002,0.51404166,49.735367,54.890903,48.260902,53.07215
872338,0.42392835,0.4207083,0.42420837,0.42404172,44.735786,40.91,45.706253,42.68375
872339,0.50940955,0.49758324,0.5150417,0.49404168,44.062553,40.04,45.079998,41.915
883049,0.47920012,0.49249998,0.47645822,0.48416662,44.673428,50.322502,43.6775,46.205
876304,0.45954874,0.494375,0.4507084,0.47825006,44.99574,51.695,43.714996,47.15375
876308,0.4525971,0.48858333,0.44320843,0.47279158,44.83021,51.33125,43.6025,46.8725
883151,0.44952336,0.45945835,0.44191667,0.47229162,48.358665,52.6925,47.326252,50.45375
883152,0.46145168,0.46366668,0.4564583,0.47783336,48.18279,52.553753,47.11625,50.3825
883255,0.46701086,0.45708326,0.471625,0.45449996,48.81106,53.50625,47.791252,50.7425
883254,0.45897332,0.46158338,0.45649993,0.46658328,48.827637,53.25125,47.7275,51.125
883259,0.43293872,0.41762507,0.43620828,0.42683342,49.9535,55.7225,48.541252,52.8725
883260,0.44473457,0.4469584,0.44587505,0.44008338,49.004677,54.02375,47.877502,51.19625
883256,0.4622421,0.46670827,0.45879173,0.4725833,48.409626,52.83875,47.28875,50.776253
883257,0.4725459,0.45508337,0.47566676,0.46766663,48.286175,52.79,47.153748,50.6675
883258,0.4725459,0.45508337,0.47566676,0.46766663,48.286175,52.79,47.153748,50.6675
883284,0.4719404,0.4432917,0.47645834,0.46599996,54.400024,67.41875,50.9975,61.72625
880246,0.46267962,0.49420834,0.44916663,0.49850002,55.658943,60.6725,53.975002,59.761253
880257,0.46939504,0.493125,0.45841667,0.499125,55.90055,61.017498,54.203754,60.012497
880249,0.4745387,0.49812505,0.46462497,0.5006667,55.601,60.155003,54.005,59.555
880255,0.38779128,0.41300002,0.3768334,0.41695842,55.68151,60.24125,54.158752,59.3825
880252,0.38779128,0.41300002,0.3768334,0.41695842,55.68151,60.24125,54.158752,59.3825
880261,0.37952748,0.41750002,0.36395827,0.42025006,55.86999,60.132496,54.394997,59.506256
895612,0.3674388,0.392625,0.36516663,0.36683336,58.11256,66.8375,55.32875,64.74875
895613,0.35995212,0.38895833,0.35600007,0.3638333,57.03973,65.9675,54.2,63.8
882012,0.4478096,0.43945828,0.4546666,0.42708337,58.56669,67.722496,55.7225,65.26625
882014,0.4548979,0.4501667,0.46025005,0.438125,58.1222,67.27251,55.2725,64.8425
882098,0.35298586,0.37645832,0.35200012,0.34854165,56.48765,65.896255,53.555,63.40625
882097,0.34102044,0.35829166,0.34508324,0.32133332,56.450264,66.005,53.4575,63.526253
895614,0.39418045,0.4354167,0.37808335,0.43562505,56.79725,61.4075,54.991253,61.452503
882780,0.3875613,0.43575004,0.36883333,0.43570837,56.471485,61.220005,54.67625,61.04375
891280,0.40603545,0.43616667,0.39420834,0.43654168,57.24534,61.7675,55.516254,61.66625
895617,0.38587168,0.4317917,0.36762497,0.43312502,57.504463,61.872505,55.74125,62.09375
895622,0.38793755,0.43275002,0.3702917,0.43350005,56.906975,61.16375,55.175,61.42625
897323,0.38444707,0.43395832,0.36537495,0.4333333,57.59544,61.981247,55.8275,62.195
897330,0.4091896,0.4350833,0.39879164,0.43620837,56.799126,60.92,55.11125,61.2125
897334,0.38849,0.433375,0.37108335,0.43320838,56.711,60.82625,55.062504,60.99125
897337,0.3901138,0.43387505,0.37337503,0.43291673,56.638474,60.6275,55.00625,60.905006
897338,0.40679243,0.43525,0.39545837,0.43616673,56.843224,61.145,55.11125,61.3475
897340,0.37903377,0.43462503,0.35779166,0.43333337,56.73414,60.94625,55.025,61.189995
897341,0.40188292,0.43566677,0.38870835,0.43579173,56.82676,61.09625,55.088753,61.362503
897343,0.38364252,0.4357501,0.3637917,0.43433335,56.7836,61.054996,55.0175,61.414997
897347,0.39113295,0.43629172,0.373875,0.43525004,56.85294,61.25,55.058754,61.53875
897354,0.3865762,0.4358751,0.368,0.43383333,56.762035,60.89,55.055,61.23875
882817,0.39258623,0.35575,0.4033749,0.36787498,58.79889,69.207504,55.966248,65.04125
882873,0.36971167,0.36579168,0.36608338,0.38345838,61.070488,70.069695,58.602196,66.53345
882815,0.39258623,0.35575,0.4033749,0.36787498,58.79889,69.207504,55.966248,65.04125
882812,0.37761,0.36175,0.3835833,0.36241665,58.69201,69.01624,55.846252,65.00749
882875,0.35597417,0.38166663,0.34420827,0.38775003,59.432823,68.667496,56.885,65.09
882872,0.3617525,0.39174998,0.3510833,0.3883334,60.746414,69.73505,58.29755,66.1463
882811,0.36713672,0.3572916,0.3709166,0.35745835,58.887463,69.00876,56.09,65.105
882883,0.3666346,0.37370834,0.3599584,0.3871666,60.79299,69.7445,58.351997,66.17825
882877,0.37387374,0.37987503,0.36695838,0.3955834,58.955376,67.71125,56.585,64.16375
882879,0.3666346,0.37370834,0.3599584,0.3871666,60.909992,69.861496,58.468998,66.29525
882810,0.39776954,0.34320834,0.41433325,0.35916665,59.1425,69.256256,56.38625,65.22125
898062,0.39519632,0.35075,0.41049996,0.35754165,59.290474,69.3275,56.539997,65.37499
882863,0.3861612,0.38525,0.38254163,0.398875,62.165714,70.82091,59.702152,67.72715
882865,0.39229834,0.37233338,0.40079173,0.36983338,59.898315,69.58625,57.15125,66.0875
882866,0.3927745,0.3723333,0.39908326,0.37795833,60.058292,69.5975,57.35375,66.151245
882867,0.380685,0.362,0.38945833,0.35683334,60.332676,69.755005,57.64625,66.402504
883635,0.380685,0.362,0.38945833,0.35683334,60.332676,69.755005,57.64625,66.402504
899007,0.30389667,0.2899167,0.31195828,0.28091666,67.241486,74.90375,64.737495,73.2725
906614,0.3572546,0.30795833,0.36870834,0.33441666,65.701065,69.878746,64.7075,67.715004
906615,0.2827763,0.23037499,0.29529172,0.2573334,65.55189,69.17,64.70374,67.25375
899012,0.26119167,0.34566665,0.24900003,0.27483335,72.215454,77.041245,70.583755,76.20125
906553,0.37809464,0.46620834,0.3715001,0.37133333,69.390236,74.42,67.700005,73.50875
899013,0.2718304,0.37066662,0.26133338,0.27487502,71.57319,76.79375,69.85249,75.7325
899021,0.2918884,0.38095832,0.279125,0.3059583,71.73722,76.11875,70.23125,75.439995
906554,0.39018378,0.46524993,0.37074998,0.4317917,68.51825,73.07,66.98,72.275
906555,0.38622585,0.47108328,0.36987498,0.41400003,68.59993,73.42999,67.021255,72.4025
906556,0.3729504,0.47816667,0.36366662,0.36970833,69.716415,75.09875,67.96999,73.909996
906557,0.38247502,0.47862503,0.3596667,0.428625,68.60544,73.48625,67.021255,72.41
906558,0.38622585,0.47108328,0.36987498,0.41400003,68.59993,73.42999,67.021255,72.4025
906559,0.3852725,0.47399995,0.3715001,0.40291667,69.29435,74.84375,67.564995,73.37375
906560,0.3627467,0.4719167,0.35150006,0.36491665,69.182526,74.956245,67.46,73.16375
906561,0.3729504,0.47816667,0.36366662,0.36970833,69.716415,75.09875,67.96999,73.909996
906562,0.39315212,0.49295828,0.37245843,0.43083334,70.94416,76.4075,69.34999,74.588745
906563,0.3892571,0.49170828,0.36583337,0.43541673,71.05156,76.7975,69.417496,74.738754
906564,0.32037833,0.42620835,0.28087506,0.4205416,68.187614,73.07,66.8675,71.08625
906565,0.31465253,0.42562506,0.27429163,0.41604164,67.71823,72.3575,66.45875,70.49
906566,0.30829585,0.42470837,0.265625,0.41579163,68.208305,72.935005,66.931244,71.01125
906567,0.31465253,0.42562506,0.27429163,0.41604164,67.71823,72.3575,66.45875,70.49
906568,0.31348127,0.42725,0.27158332,0.41920832,68.05179,72.785,66.770004,70.86875
906569,0.30829585,0.42470837,0.265625,0.41579163,68.208305,72.935005,66.931244,71.01125
906570,0.32116333,0.42708325,0.2819167,0.42041662,68.24,73.1225,66.927505,71.1125
914808,0.32116333,0.42708325,0.2819167,0.42041662,68.24,73.1225,66.927505,71.1125
892422,0.4113979,0.5091667,0.37649992,0.49845836,67.328186,72.368744,65.94875,70.3775
906571,0.34178463,0.42983338,0.3089167,0.425125,67.36981,72.00875,66.113754,70.130005
906572,0.2900692,0.40141666,0.263125,0.3453333,70.59887,75.99875,69.068756,74.045
892424,0.4222871,0.50745827,0.38983333,0.5051666,67.21986,72.14375,65.87375,70.19375
906589,0.41642502,0.5046249,0.3827083,0.50262505,67.82529,73.3325,66.33875,71.08625
906573,0.3217971,0.42545834,0.28458336,0.41483334,67.8638,72.50375,66.57125,70.74875
906590,0.30606294,0.4115417,0.27312505,0.38383332,68.81825,73.7525,67.385,72.0875
906591,0.32599086,0.42583337,0.28879166,0.42025003,68.424835,73.43749,67.073746,71.38626
906592,0.33422458,0.42695832,0.29987496,0.42108342,67.79079,72.503746,66.4775,70.722496
906593,0.34256458,0.42895833,0.31058332,0.42341664,67.47114,72.083755,66.1925,70.317505
906594,0.30606294,0.4115417,0.27312505,0.38383332,68.81825,73.7525,67.385,72.0875
906595,0.34256458,0.42895833,0.31058332,0.42341664,67.47114,72.083755,66.1925,70.317505
892425,0.25536373,0.37900004,0.23483334,0.28454167,68.0444,73.0925,66.67625,71.0525
906596,0.32177165,0.42079172,0.28433338,0.41712508,68.710434,73.95125,67.31,71.765
906597,0.32779667,0.42429164,0.29187503,0.41879165,68.593475,73.7525,67.1975,71.659996
891207,0.2603092,0.35604167,0.2419167,0.29145834,68.16065,73.996254,66.372505,72.34625
899101,0.27074084,0.39383337,0.24724998,0.31025,73.749054,78.54875,72.10999,77.76875
892106,0.2367542,0.29416665,0.23433328,0.22591667,67.82428,73.759995,65.96001,72.237495
892433,0.2559017,0.36066672,0.23299998,0.29950002,67.66992,72.128746,66.275,70.96625
905101,0.23608585,0.35708332,0.21870834,0.25533327,71.86651,75.841255,70.52749,75.1325
908084,0.36075544,0.36479166,0.35387507,0.38300002,71.01332,77.9225,68.869995,76.05875
905229,0.37558126,0.39675006,0.35958347,0.42337498,71.91226,77.6825,70.08501,76.253746
913357,0.34973505,0.355875,0.34491658,0.3642083,71.2088,78.23375,68.9975,76.448746
905237,0.3725375,0.37275,0.3653332,0.3971666,73.16488,80.5775,70.988754,78.155
913358,0.26358962,0.24683328,0.26229164,0.273625,74.892395,82.463745,72.590004,80.2625
905361,0.35973668,0.44529167,0.34800002,0.37145832,73.86084,78.84874,72.2525,77.7125
905369,0.23998922,0.36129165,0.22312503,0.25737497,75.78537,79.8725,74.307495,79.49
913756,0.3436246,0.4032083,0.335,0.35333338,74.58024,79.655,72.9425,78.50375
913757,0.33741915,0.3994167,0.32383326,0.3633333,74.744865,79.94,73.0625,78.78125
913758,0.3436246,0.4032083,0.335,0.35333338,74.58024,79.655,72.9425,78.50375
913761,0.33741915,0.3994167,0.32383326,0.3633333,74.744865,79.94,73.0625,78.78125
905378,0.24768543,0.34916672,0.22716664,0.28420833,75.939644,80.405,74.38249,79.78999
913759,0.3436246,0.4032083,0.335,0.35333338,74.58024,79.655,72.9425,78.50375
905472,0.25543085,0.27808332,0.250875,0.26350006,76.40405,82.61,74.58125,80.585
913763,0.37898836,0.44870833,0.35975012,0.42170835,73.53642,77.66,72.31999,76.3325
913765,0.3812621,0.4499583,0.35808325,0.43783334,73.63509,77.75001,72.41001,76.463745
896306,0.25369626,0.323625,0.24741669,0.25191662,72.31052,75.950005,71.307495,74.53625
905688,0.26332584,0.31033334,0.25799993,0.26591668,78.026634,80.48375,77.36751,79.4675
913635,0.25034502,0.32512498,0.25149998,0.22145833,77.34793,78.41375,76.336235,80.46124
913639,0.25034502,0.32512498,0.25149998,0.22145833,77.34793,78.41375,76.336235,80.46124
913641,0.25034502,0.32512498,0.25149998,0.22145833,77.34793,78.41375,76.336235,80.46124
900786,0.24578546,0.2870417,0.22433333,0.30558333,71.4932,72.8675,71.14251,72.2375
910215,0.2662921,0.27133334,0.2649999,0.26904175,75.21008,78.965004,73.87999,78.51875
918516,0.36448252,0.319625,0.3723751,0.35237503,73.26579,78.19249,71.847496,76.48625
918680,0.2950838,0.40250006,0.26987502,0.34570834,73.00254,75.323746,72.151245,75.14749
918684,0.31026003,0.39487505,0.29500005,0.334375,73.10319,75.7475,72.22251,75.24126
918698,0.31026003,0.39487505,0.29500005,0.334375,73.10319,75.7475,72.22251,75.24126
918699,0.31026003,0.39487505,0.29500005,0.334375,73.10319,75.7475,72.22251,75.24126
918701,0.34746376,0.44575012,0.3295,0.37629163,74.064354,76.50875,73.04374,76.74876
918702,0.34746376,0.44575012,0.3295,0.37629163,74.064354,76.50875,73.04374,76.74876
918703,0.2748271,0.39158332,0.25483343,0.3044583,72.569336,74.14625,71.75375,74.84
918704,0.25936624,0.343375,0.24683332,0.27433336,72.72178,75.04626,71.77626,75.18875
902584,0.22955583,0.25845835,0.22412503,0.23854162,72.38079,75.7325,71.22499,75.22626
909799,0.19794625,0.3075,0.17504166,0.2399583,71.99064,71.01875,72.035,72.1625
921002,0.37450048,0.4746667,0.33791658,0.46654174,72.91318,75.89375,72.027504,74.956245
921005,0.3339367,0.41354164,0.30341667,0.41204166,73.88937,76.325,73.21999,75.372505
921004,0.3339367,0.41354164,0.30341667,0.41204166,73.88937,76.325,73.21999,75.372505
913583,0.32695624,0.4165,0.29287496,0.41395834,75.3731,77.69374,74.7725,76.658745
921003,0.30481166,0.4112917,0.26466668,0.40695834,74.649574,76.84625,73.954994,76.298744
921006,0.30055168,0.41191664,0.25875005,0.40675005,73.04518,75.4925,72.30125,74.78
921007,0.30481166,0.4112917,0.26466668,0.40695834,74.649574,76.84625,73.954994,76.298744
921008,0.29754084,0.40920833,0.2557917,0.40345833,72.51654,74.9075,71.79126,74.206245
921009,0.30055168,0.41191664,0.25875005,0.40675005,73.04518,75.4925,72.30125,74.78
912496,0.3287929,0.3812916,0.3074167,0.38458335,71.35974,73.3925,70.62501,73.20125
916090,0.3287929,0.3812916,0.3074167,0.38458335,71.35974,73.3925,70.62501,73.20125
912498,0.3287929,0.3812916,0.3074167,0.38458335,71.35974,73.3925,70.62501,73.20125
912501,0.3431625,0.39449993,0.3239999,0.39174995,71.47696,73.3025,70.78999,73.223755
912510,0.32356876,0.35462502,0.31133327,0.35516667,71.46249,73.385,70.722496,73.35875
912526,0.32356876,0.35462502,0.31133327,0.35516667,71.46249,73.385,70.722496,73.35875
912512,0.32019457,0.36045834,0.30683336,0.35258332,71.46737,73.52375,70.677505,73.490005
912514,0.24317543,0.27566662,0.2291667,0.28037494,71.8619,73.41125,71.25499,73.42625
921300,0.30233252,0.42162502,0.27545837,0.35470834,72.01505,72.4475,71.588745,73.332504
921301,0.38249668,0.50291663,0.3540417,0.4399166,71.98268,72.755005,71.375,73.808754
921302,0.2672167,0.41529167,0.23524998,0.32745835,72.01399,72.106255,71.667496,73.17125
921303,0.27834794,0.41716668,0.24741669,0.33812496,71.937126,72.20375,71.551254,73.17125
912721,0.32384917,0.45341668,0.2905,0.39499998,71.37702,71.881256,70.87251,72.93875
935967,0.39236465,0.41570833,0.38645837,0.40483335,42.95169,43.501247,43.07375,42.35
938410,0.46539712,0.49858335,0.4523333,0.499125,42.212826,42.45875,42.63125,40.69625
938179,0.4180709,0.43283334,0.4119167,0.43425003,41.846977,53.73125,38.9075,47.96375
938184,0.5136871,0.5089584,0.5139584,0.51433337,41.62025,52.9175,38.989998,46.872498
938190,0.4231371,0.43308333,0.41891673,0.4342917,41.557327,53.3525,38.6525,47.585
938201,0.4231371,0.43308333,0.41891673,0.4342917,41.557327,53.3525,38.6525,47.585
938196,0.42325458,0.43220833,0.41925,0.434,41.334614,53.052498,38.45,47.318752
940993,0.4249225,0.43300006,0.42200005,0.43225002,43.739563,57.86,40.17875,51.24125
938211,0.40080082,0.42295834,0.39075005,0.42787495,45.01899,56.96885,42.0551,51.197605
940964,0.41840628,0.42849997,0.4145417,0.42829168,43.14489,57.364998,39.71375,50.16875
938209,0.39646256,0.41987503,0.38587496,0.42495835,45.762577,57.78815,42.75065,52.08065
938217,0.5056609,0.50145835,0.50479156,0.51004165,44.325577,56.780003,41.3525,50.367496
940967,0.4189438,0.43237498,0.41400006,0.43141675,43.498775,57.49625,39.99125,50.85875
940968,0.51216173,0.51029164,0.5127916,0.510625,42.13625,57.098747,38.61875,49.208748
940971,0.5140987,0.51075,0.51529163,0.511125,42.479824,57.166252,38.9975,49.52375
938736,0.5141174,0.5125001,0.5149167,0.5119167,42.71885,56.847504,39.3725,49.482502
945069,0.5144054,0.5080417,0.5160417,0.5109167,42.14825,56.88125,38.69375,49.08125
945070,0.5136383,0.5100834,0.51487494,0.51058334,42.127773,55.37375,39.035,48.31625
945084,0.5115208,0.5122083,0.5110833,0.51279163,42.95397,56.34125,39.815,49.25375
945087,0.51422375,0.51087505,0.515125,0.51225,43.118076,56.449997,39.9875,49.4075
945090,0.5128726,0.511875,0.5130416,0.51262504,42.22111,56.59625,38.8325,49.0475
945071,0.51308376,0.5085,0.5135416,0.5130417,42.62525,55.846252,39.5225,48.85625
938230,0.4266142,0.43229166,0.42375,0.43454167,42.19014,53.510002,39.38375,48.03875
938239,0.42400122,0.432,0.42041662,0.43362498,42.176037,54.74375,39.04625,48.7175
945098,0.51000756,0.511,0.5095,0.51141673,41.851814,56.27375,38.50625,48.515
938244,0.42077124,0.431875,0.41583335,0.43400002,42.19355,53.7725,39.305,48.237503
938245,0.40044042,0.42629167,0.3895,0.42933333,44.890587,56.727947,41.95295,51.0167
938246,0.510273,0.50741667,0.50979173,0.512875,41.932175,53.690002,39.1775,47.4575
945120,0.5129821,0.5068334,0.51370835,0.5125416,44.4068,57.9275,41.16125,51.0275
945100,0.50972253,0.50899994,0.50925,0.5115834,43.214897,56.3675,40.13,49.4075
938248,0.43013465,0.43208337,0.42870834,0.43437496,41.910275,54.39125,38.791252,48.44375
945123,0.5141174,0.5125001,0.5149167,0.5119167,42.71885,56.847504,39.3725,49.482502
945124,0.5119092,0.5055416,0.512125,0.51329166,44.66465,57.7925,41.55875,50.9375
945118,0.43289208,0.43183336,0.43241677,0.43487498,42.317375,54.96125,39.17,48.89375
938291,0.42278507,0.43200004,0.4186667,0.43383336,42.26645,53.446247,39.51125,47.986248
945126,0.51190037,0.5111667,0.51183325,0.51237506,42.51046,55.69625,39.41375,48.732502
938293,0.39125666,0.4280417,0.37641665,0.429875,44.169952,55.4096,41.4221,49.8446
938295,0.40240797,0.4295417,0.39104167,0.43233335,42.845524,54.473747,39.93125,48.961246
938498,0.51337844,0.5089584,0.5135417,0.51429164,42.339687,55.06625,39.3275,48.425
938556,0.4877188,0.50350004,0.47991672,0.5092084,43.622112,55.91375,40.71125,49.505
938564,0.49060622,0.50487494,0.48341668,0.5105,43.570736,56.075,40.583748,49.64375
945129,0.51308376,0.5085,0.5135416,0.5130417,42.62525,55.846252,39.5225,48.85625
938587,0.5107996,0.49733338,0.513375,0.5064583,44.573826,50.3525,42.13625,51.005
938588,0.42452624,0.42124996,0.4230417,0.4307084,45.33875,51.04205,43.07705,51.192047
938589,0.4192563,0.42287502,0.415625,0.43050003,44.054302,49.53125,41.80625,49.936253
938829,0.4291104,0.42204165,0.42912504,0.43141666,45.725227,51.1367,43.5092,51.5192
938832,0.42863333,0.42295834,0.42816663,0.432125,44.72229,50.05625,42.485,50.614998
938838,0.5110538,0.50175,0.5152917,0.499625,42.943253,49.10375,40.565002,49.04375
938845,0.42744502,0.42475,0.4262084,0.4325833,44.26786,49.76,42.05,50.041252
938847,0.42968705,0.42320833,0.42966655,0.4319167,44.4062,50.27375,42.1025,50.34875
938848,0.43158373,0.41974998,0.43320832,0.42995837,43.782276,49.598747,41.51375,49.62125
938851,0.4281342,0.42441666,0.42712495,0.4328333,46.069553,51.4151,43.88135,51.7901
938304,0.37613916,0.4156667,0.36749998,0.39258334,48.51024,56.3075,46.295,53.50625
938305,0.38691795,0.41304162,0.37983325,0.4025,48.833115,56.442497,46.68875,53.64875
938306,0.38691795,0.41304162,0.37983325,0.4025,48.833115,56.442497,46.68875,53.64875
938308,0.38691795,0.41304162,0.37983325,0.4025,48.833115,56.442497,46.68875,53.64875
938309,0.47456205,0.49320832,0.47716665,0.45941672,48.247177,56.765,46.017498,53.052498
950850,0.40867165,0.42229167,0.40250003,0.4252917,52.549625,57.001247,51.21875,55.62875
950864,0.41595745,0.42337498,0.4106666,0.431625,53.11314,57.552044,51.735798,56.355797
950857,0.42052582,0.42395833,0.4168333,0.43204165,52.771923,57.73835,51.310852,56.12585
950854,0.4127696,0.4239584,0.40629163,0.43125,52.813065,57.605003,51.41,56.02625
950858,0.4125663,0.42499998,0.40574995,0.43179166,49.97555,55.0475,48.541252,53.2025
950859,0.4080787,0.42424998,0.39983335,0.43095836,52.39006,57.217102,51.025852,55.45835
950860,0.41332164,0.42479166,0.4069167,0.43145826,52.72599,57.618504,51.329754,55.88225
952848,0.37505087,0.35508332,0.38483334,0.3481667,53.58841,66.43625,50.1725,61.017506
949762,0.39983,0.476375,0.3973333,0.382875,56.9189,65.70875,54.038754,63.863747
953992,0.40486586,0.49145833,0.3904166,0.42554173,58.796005,66.2975,56.412506,64.4675
962806,0.3634596,0.4870833,0.3342084,0.42254165,57.89402,65.4125,55.636246,63.12875
962808,0.36599293,0.49616668,0.32700005,0.45629168,57.547062,65.097496,55.2725,62.828747
962809,0.40581337,0.48333332,0.3850001,0.4513333,58.14609,66.1625,55.745,63.70625
962834,0.36441922,0.48091665,0.33566666,0.42416668,58.672325,66.85625,56.21375,64.37375
963057,0.35212624,0.48975006,0.31441674,0.43554166,58.060062,65.75,55.74875,63.421246
962843,0.3572704,0.49104166,0.31699994,0.45074996,58.121147,65.75,55.82375,63.454998
963055,0.37286213,0.47870827,0.3481667,0.42225,58.45336,66.84125,55.9625,64.197495
963056,0.36599293,0.49616668,0.32700005,0.45629168,57.547062,65.097496,55.2725,62.828747
963054,0.3745692,0.48329172,0.34820834,0.42870823,58.5512,66.848755,56.063747,64.31375
963052,0.40907082,0.49395832,0.38716674,0.455875,58.651024,66.56,56.225,64.3325
963051,0.35588083,0.48633337,0.32087502,0.43241665,57.96943,65.79875,55.613747,63.43625
963049,0.37286213,0.47870827,0.3481667,0.42225,58.45336,66.84125,55.9625,64.197495
963048,0.37286213,0.47870827,0.3481667,0.42225,58.45336,66.84125,55.9625,64.197495
963047,0.36961457,0.4879583,0.34445825,0.41641667,57.8171,65.30375,55.557503,63.06875
963043,0.38526797,0.4932917,0.34925,0.47274995,57.8444,65.075,55.636246,63.005
963046,0.36584044,0.4924167,0.3310416,0.44295835,57.70336,65.12376,55.448753,62.96
963045,0.36591914,0.49441662,0.32841668,0.45166662,57.5468,65.0825,55.2725,62.8325
963044,0.38526797,0.4932917,0.34925,0.47274995,57.8444,65.075,55.636246,63.005
953993,0.40939793,0.49479166,0.3838333,0.46858326,58.525513,66.395,56.104996,64.201256
953994,0.42194375,0.501,0.3962916,0.48354158,58.39265,66.305,55.985,64.009995
961284,0.37141168,0.4935416,0.35950005,0.37154165,63.148293,67.32124,62.15,65.18
958809,0.24802251,0.37400004,0.22520827,0.28425,63.222836,69.14,61.126244,68.43875
957848,0.34665295,0.4695417,0.3230833,0.38650003,63.79569,70.16376,61.733753,68.7425
958972,0.34400502,0.47687507,0.30283335,0.44087502,63.766964,71.307495,61.688744,68.378746
970178,0.32920298,0.41079167,0.29875,0.40641665,64.5707,71.40125,62.5925,69.07625
956434,0.3838946,0.49695837,0.34037504,0.49541667,64.73053,71.67875,62.629997,69.61626
957850,0.3838946,0.49695837,0.34037504,0.49541667,64.73053,71.67875,62.629997,69.61626
956433,0.3838946,0.49695837,0.34037504,0.49541667,64.73053,71.67875,62.629997,69.61626
956430,0.28835586,0.4115834,0.24395834,0.39949992,64.9844,71.3825,63.0125,69.612495
956422,0.38527632,0.496375,0.3464584,0.48133326,64.55836,71.43875,62.461246,69.455
956418,0.37717417,0.49341667,0.3384583,0.4711666,64.95455,71.795,62.858757,69.86
957856,0.37717417,0.49341667,0.3384583,0.4711666,64.95455,71.795,62.858757,69.86
956417,0.37703964,0.4903333,0.33916664,0.469125,65.06337,71.84375,63.049995,69.70625
956419,0.37703964,0.4903333,0.33916664,0.469125,65.06337,71.84375,63.049995,69.70625
956413,0.39884377,0.49687505,0.3639166,0.48591664,64.45314,71.26625,62.45,69.049995
956415,0.39884377,0.49687505,0.3639166,0.48591664,64.45314,71.26625,62.45,69.049995
956416,0.39884377,0.49687505,0.3639166,0.48591664,64.45314,71.26625,62.45,69.049995
956414,0.3915309,0.49670827,0.35308337,0.4882917,64.33839,71.198746,62.330006,68.9375
956412,0.39209294,0.49741665,0.35362506,0.488875,64.47856,71.26625,62.434998,69.2225
956375,0.37703964,0.4903333,0.33916664,0.469125,65.06337,71.84375,63.049995,69.70625
956376,0.35070503,0.47724995,0.31495836,0.43108332,65.09447,71.915,63.094997,69.676254
956378,0.37703964,0.4903333,0.33916664,0.469125,65.91748,72.69784,63.904102,70.56035
970182,0.29398876,0.36475,0.26558337,0.36779165,66.24054,74.18,63.85625,71.768745
953972,0.28382915,0.36816666,0.2535833,0.3594167,66.32135,74.465004,63.867496,72.020004
968773,0.3164442,0.37829164,0.29358333,0.3742083,66.4946,74.49875,64.0775,72.11375
962982,0.27618667,0.36291668,0.24216671,0.36391667,65.76245,73.19375,63.484997,71.09375
953973,0.22923292,0.33304167,0.19354169,0.317,65.54855,73.325,63.158756,71.15
969805,0.27728793,0.3331667,0.26558328,0.2987916,67.07664,73.088745,65.1575,71.6525
961289,0.37358582,0.38708338,0.37283337,0.3716667,71.06945,77.72,68.61875,77.255005
970376,0.2518575,0.37262496,0.22387499,0.3075417,71.305626,73.29125,70.03249,75.00875
970381,0.24015333,0.36445835,0.21208327,0.29495832,69.7682,72.222496,68.34126,73.8425
970382,0.2716121,0.35758337,0.2533333,0.305625,70.206985,72.923744,68.82125,74.052505
970383,0.25513414,0.3882917,0.22233337,0.3232083,69.645615,72.0575,68.34126,73.31375
970384,0.27501628,0.365375,0.25525007,0.31266668,71.71291,73.73375,70.486244,75.244995
975603,0.30176374,0.39525005,0.28916672,0.31379166,72.23728,74.915,70.91375,75.8825
975611,0.23795502,0.34662497,0.21766663,0.27129164,70.300735,72.98375,68.78376,74.6075
975605,0.23795502,0.34662497,0.21766663,0.27129164,70.300735,72.98375,68.78376,74.6075
975604,0.23795502,0.34662497,0.21766663,0.27129164,70.300735,72.98375,68.78376,74.6075
975613,0.2763146,0.35358334,0.2749584,0.25520834,72.82506,75.62,71.401245,76.774994
975614,0.2763146,0.35358334,0.2749584,0.25520834,72.82506,75.62,71.401245,76.774994
975617,0.2763146,0.35358334,0.2749584,0.25520834,72.82506,75.62,71.401245,76.774994
975631,0.23966418,0.3345417,0.22116667,0.27145833,70.23388,73.22749,68.787506,74.195
975618,0.27848795,0.3734167,0.2590833,0.313375,70.138214,72.89751,68.795006,73.82375
964715,0.19009042,0.24904166,0.17600006,0.21875001,71.39109,76.66836,69.80584,75.0671
964716,0.19009042,0.24904166,0.17600006,0.21875001,70.06899,75.34625,68.48374,73.745
964706,0.20244794,0.26004165,0.19304173,0.21550001,69.88434,73.7675,68.54375,73.18625
964709,0.21237582,0.32883337,0.19199997,0.24341665,68.358986,71.4452,67.19271,71.32896
964710,0.21237582,0.32883337,0.19199997,0.24341665,70.33629,73.4225,69.16999,73.306244
964711,0.21237582,0.32883337,0.19199997,0.24341665,70.33629,73.4225,69.16999,73.306244
964712,0.21237582,0.32883337,0.19199997,0.24341665,70.33629,73.4225,69.16999,73.306244
964713,0.21237582,0.32883337,0.19199997,0.24341665,70.33629,73.4225,69.16999,73.306244
964714,0.21237582,0.32883337,0.19199997,0.24341665,70.33629,73.4225,69.16999,73.306244
965492,0.3393288,0.47775006,0.30366662,0.41545835,72.08113,74.40875,71.11251,74.62625
968466,0.37181416,0.4876666,0.337625,0.4504167,72.01408,74.6225,70.91,74.93
965491,0.3542292,0.48179165,0.31850013,0.43420827,72.105316,74.51,71.101265,74.746254
964721,0.32315123,0.436625,0.30883333,0.33441666,69.7772,74.0675,68.45,72.8975
975708,0.29146793,0.37279174,0.26320833,0.36125,71.09356,75.94626,69.54875,74.77249
964812,0.3362354,0.37366667,0.3216667,0.37370837,70.413345,74.963745,68.731255,74.66376
964808,0.26270172,0.3610417,0.24399997,0.2940417,70.576515,72.77375,69.71001,72.814995
964809,0.34064874,0.42575,0.32299998,0.37279162,70.14942,72.80376,69.08001,72.93125
968027,0.31413248,0.406625,0.282125,0.39304164,75.02911,76.46,74.20251,77.38625
968022,0.3308325,0.41300002,0.30395827,0.39558336,73.20972,74.76875,72.47001,75.22624
965408,0.2154525,0.20599999,0.21195833,0.23058337,73.106636,78.88565,71.374405,77.1194
973863,0.22880669,0.20966668,0.22633336,0.24366666,71.857925,77.716255,70.16376,75.713745
976057,0.3132379,0.31179166,0.3043333,0.34425005,72.278564,78.87501,70.34,76.72625
975715,0.23133709,0.20583332,0.231375,0.23970832,72.62386,78.878746,70.83125,76.685005
975739,0.23407878,0.23262502,0.23137493,0.24383332,72.99231,78.619995,71.17999,77.33
976230,0.23428123,0.26612502,0.22779171,0.24591665,72.603645,77.81375,70.8575,76.853745
976149,0.31802914,0.32379165,0.30924997,0.34620833,73.03486,79.86125,70.90626,78.057495
976151,0.22095208,0.22708337,0.21583337,0.23645832,72.936874,78.286255,71.13874,77.318756
976150,0.2046671,0.20883334,0.20016672,0.21870835,72.928215,78.39875,71.060005,77.509995
976157,0.30784127,0.3085,0.3051666,0.31679168,73.127945,80.17999,70.94,78.278755
976184,0.21454,0.22012497,0.21241663,0.2199583,72.91771,78.136246,71.112495,77.3675
976170,0.22095208,0.22708337,0.21583337,0.23645832,72.936874,78.286255,71.13874,77.318756
976179,0.22095208,0.22708337,0.21583337,0.23645832,72.936874,78.286255,71.13874,77.318756
976185,0.2046671,0.20883334,0.20016672,0.21870835,72.928215,78.39875,71.060005,77.509995
976191,0.22067831,0.26495835,0.21337505,0.2309583,72.93061,78.29,71.12749,77.32625
976186,0.22549291,0.25766668,0.21799994,0.24045832,73.03595,78.485,71.20999,77.48
976188,0.21654922,0.24491669,0.21400005,0.21583335,72.8372,78.15125,71.037506,77.23625
976192,0.21998584,0.23858331,0.21199994,0.24116667,73.17733,78.829994,71.348755,77.5625
975716,0.2338829,0.23941661,0.2291667,0.24820834,73.13168,78.755005,71.285,77.588745
976218,0.21998584,0.23858331,0.21199994,0.24116667,73.17733,78.829994,71.348755,77.5625
976215,0.21614124,0.21212499,0.21241663,0.23025,74.457985,80.46605,72.55354,78.9848
976219,0.2261558,0.2560833,0.216875,0.24800001,72.62851,78.387505,70.80125,76.973755
975741,0.22304,0.28362498,0.21216659,0.24012496,73.3604,78.9575,71.55125,77.697495
976222,0.2046671,0.20883334,0.20016672,0.21870835,72.928215,78.39875,71.060005,77.509995
981054,0.27999625,0.29224998,0.2796667,0.27704164,73.83384,76.42999,72.74,76.71875
981055,0.28172293,0.28716666,0.28316668,0.27495837,73.80632,76.32124,72.728745,76.6625
981056,0.3809292,0.4002917,0.37629166,0.390375,74.906006,77.997505,73.625,78.2675
966130,0.22320293,0.23541667,0.22512497,0.21254165,73.01367,76.71875,71.697495,76.291245
966126,0.32910833,0.44445834,0.31516668,0.3384584,72.70663,74.712494,71.78001,75.215
966125,0.33506706,0.43733332,0.3268334,0.3292083,72.45763,74.630005,71.51001,74.9825
981057,0.2643138,0.40287498,0.22499995,0.3529167,71.62625,70.94,71.7575,71.405
981058,0.2643138,0.40287498,0.22499995,0.3529167,71.62625,70.94,71.7575,71.405
981059,0.26027003,0.399125,0.22304171,0.34162498,71.71944,70.92125,71.88875,71.405
981060,0.3597275,0.4225,0.342,0.39958334,75.34974,77.23625,74.825,76.52
981061,0.29396957,0.38608336,0.2678334,0.352875,72.1313,74.104996,71.39,74.015
981706,0.40453708,0.49258336,0.37179172,0.48745838,71.43784,72.8,70.92125,72.755
981705,0.40453708,0.49258336,0.37179172,0.48745838,71.43784,72.8,70.92125,72.755
981707,0.40453708,0.49258336,0.37179172,0.48745838,71.43784,72.8,70.92125,72.755
981709,0.39910376,0.49437502,0.36408326,0.48741665,71.23854,72.488754,70.73375,72.552505
971615,0.28371668,0.40566668,0.257875,0.33166668,75.17037,77.13124,74.48,76.88374
975043,0.27642417,0.38766667,0.2552084,0.31208333,75.13731,76.92876,74.48,76.79375
971616,0.29334876,0.385875,0.27616665,0.32141665,76.68931,77.70125,76.1,78.372505
981062,0.27696,0.25750002,0.2852083,0.25516662,77.358986,81.97251,76.0625,80.26625
969985,0.21797125,0.21625,0.21495835,0.22887504,74.27994,78.11,72.96874,77.49875
981696,0.2124571,0.23095834,0.20524995,0.23099999,75.0134,78.4973,73.85104,77.837296
981698,0.23770125,0.22162497,0.23633336,0.24774998,75.17383,78.3146,74.077095,77.8871
981702,0.22832751,0.22425002,0.22366667,0.24566664,75.26473,78.48335,74.159615,77.98085
981703,0.22832751,0.22425002,0.22366667,0.24566664,75.15943,78.37805,74.054306,77.87555
981704,0.22192125,0.22200002,0.21675001,0.23962496,75.391815,78.86435,74.22185,78.2456
981069,0.2539588,0.2565,0.25587502,0.24654166,74.9537,77.862495,73.90999,77.5625
971612,0.2367,0.21212499,0.24708332,0.20929168,78.89037,81.256256,77.885,81.54875
971614,0.26691502,0.239125,0.27149996,0.26045832,78.255615,79.6325,77.45,80.55875
987347,0.2687933,0.36558333,0.25225,0.29325,70.33726,71.6075,69.56,72.57876
987351,0.27125296,0.37441668,0.25199997,0.30287498,69.99196,71.232506,69.2525,72.113754
987346,0.2687933,0.36558333,0.25225,0.29325,70.33726,71.6075,69.56,72.57876
985760,0.2836254,0.34604168,0.27416667,0.29525,71.34635,73.22375,70.520004,73.55376
985761,0.2962804,0.35129166,0.2891667,0.30233335,71.28403,73.24625,70.44875,73.49376
985762,0.2962804,0.35129166,0.2891667,0.30233335,71.28403,73.24625,70.44875,73.49376
987352,0.28046796,0.3757917,0.263,0.3085833,70.16615,71.315,69.4175,72.35
985763,0.41674623,0.472625,0.40300003,0.44525,73.245316,73.68125,72.635,75.1925
989268,0.2741329,0.37791672,0.25483343,0.30570832,67.22052,67.947495,66.98376,67.79
989269,0.2741329,0.37791672,0.25483343,0.30570832,67.22052,67.947495,66.98376,67.79
989270,0.2741329,0.37791672,0.25483343,0.30570832,67.22052,67.947495,66.98376,67.79
989271,0.27885544,0.38379171,0.25675002,0.31966665,67.350426,68.067505,67.12624,67.88
980786,0.2727717,0.37954167,0.24758337,0.32354167,67.50579,67.775,67.24251,68.31875
996845,0.36950874,0.416625,0.3517083,0.4148333,50.4152,54.60875,49.0775,53.60375
996846,0.45372796,0.4994167,0.43499997,0.5027084,51.44874,54.89,50.341248,54.09875
996849,0.35205877,0.41837505,0.3288333,0.40958333,49.844788,54.425,48.4475,53.10875
1004921,0.5015583,0.5108334,0.49654174,0.5156666,54.81845,59.6825,53.64875,57.2075
1004925,0.49464217,0.50958335,0.48716664,0.51529163,55.195324,60.03125,54.03875,57.54875
1004927,0.49932125,0.50925,0.4939166,0.5145417,54.957424,59.8325,53.7725,57.395
1004928,0.50338125,0.50937504,0.49916664,0.5158333,55.210964,59.896248,54.046253,57.6425
1004923,0.5110846,0.5117083,0.5121667,0.5071667,54.71465,59.359997,53.603752,56.975
1004930,0.51187044,0.50954163,0.5135417,0.5069167,54.54196,59.101246,53.46125,56.7275
1004929,0.5110846,0.5117083,0.5121667,0.5071667,54.71465,59.359997,53.603752,56.975
1004346,0.33910835,0.4220833,0.31029168,0.41024995,53.642864,58.853752,52.39625,56.18
1005229,0.34310997,0.42137504,0.3158333,0.41054162,53.389507,58.212498,52.25,55.68875
1004352,0.35842964,0.4227083,0.33645833,0.41233334,54.008114,59.165,52.782497,56.49125
1005246,0.44678295,0.5084167,0.42258334,0.50920826,53.374023,58.30625,52.276253,55.493748
1004586,0.35842964,0.4227083,0.33645833,0.41233334,54.008114,59.165,52.782497,56.49125
1005248,0.34310997,0.42137504,0.3158333,0.41054162,54.92221,59.745197,53.782703,57.22145
1004587,0.35842964,0.4227083,0.33645833,0.41233334,54.008114,59.165,52.782497,56.49125
1004588,0.34515545,0.42616674,0.3182083,0.41054165,53.68483,58.62875,52.5125,56.05625
1004595,0.35725713,0.4259583,0.33354166,0.4156666,53.2358,57.8825,52.16375,55.3625
1004603,0.34310997,0.42137504,0.3158333,0.41054162,53.389507,58.212498,52.25,55.68875
1004604,0.34310997,0.42137504,0.3158333,0.41054162,54.96901,59.791996,53.8295,57.26825
1004606,0.35255086,0.42520833,0.3270417,0.41579166,53.32884,58.09625,52.182503,55.670006
1004610,0.34322667,0.42341664,0.31495836,0.4134167,53.523464,58.489998,52.35875,55.861248
1005584,0.34310997,0.42137504,0.3158333,0.41054162,54.81691,59.639896,53.6774,57.11615
1005219,0.33632877,0.41712502,0.30737504,0.40866664,53.889534,59.165,52.68125,56.27375
1004932,0.48092625,0.509875,0.46870828,0.51316667,53.99949,58.94375,52.82375,56.3825
1004933,0.39985248,0.43537498,0.38679168,0.43279162,53.7806,58.441246,52.55,56.44625
994156,0.44062173,0.5060417,0.41654167,0.501375,51.792873,55.71125,51.05,53.033752
994157,0.43587133,0.506375,0.4101667,0.5005,52.049564,55.65125,51.37625,53.1575
994160,0.34312794,0.4315417,0.31162497,0.42166665,52.868828,57.083748,51.9275,54.69125
999544,0.50395256,0.5075,0.5033749,0.5047501,43.372963,36.68,46.655,34.35125
1002490,0.4050654,0.40879163,0.40549996,0.40233335,44.667877,53.963753,41.93,50.956253
1002498,0.40150377,0.40550005,0.4006667,0.40304172,44.595463,52.178753,42.2075,50.254997
1006624,0.39781332,0.4008334,0.3959583,0.40316674,42.709663,51.51875,40.08125,48.785
1002488,0.3996575,0.38987502,0.4065,0.3794584,44.695286,54.14,41.896248,51.14375
1002500,0.40925375,0.421375,0.40550002,0.41808334,46.051064,56.9,43.40375,51.51125
1016220,0.37932718,0.3658333,0.3873333,0.35637498,49.149353,60.739998,45.8975,56.434998
1013335,0.41461003,0.41575003,0.41066658,0.42775002,53.04474,62.9525,50.4725,58.561253
1013337,0.39193842,0.40908337,0.38541672,0.4085833,52.95785,63.061253,50.34125,58.56125
1013339,0.41728666,0.42079163,0.41558334,0.42195833,54.939392,65.521255,51.754997,62.33
1017707,0.2580692,0.36329165,0.24045837,0.28337497,58.48284,62.47625,57.0425,62.090004
1017678,0.2543433,0.38395834,0.23149993,0.28945833,58.13386,62.284996,56.708748,61.636253
1031014,0.2825942,0.3726667,0.2711666,0.29175,56.918785,61.92875,55.4375,60.327496
1014503,0.29371127,0.36975,0.28933334,0.28337497,56.635666,61.42625,55.19375,59.982502
1017717,0.28111586,0.4039584,0.26083338,0.30970833,58.47583,62.933754,56.967503,62.16125
1017718,0.27691835,0.38283336,0.26008338,0.29933333,58.856453,63.17375,57.308754,62.723747
1014504,0.31293705,0.37833336,0.3053333,0.31720832,56.43627,61.16375,55.028755,59.68625
1017721,0.27779046,0.3944167,0.263,0.289625,58.76041,63.14375,57.245003,62.495003
1017675,0.38101542,0.4979167,0.35799992,0.4209583,58.295715,63.023746,56.716244,62.135
1017712,0.25949124,0.38825,0.2385,0.28854164,58.834854,63.488747,57.278755,62.61875
1068889,0.28242627,0.21600002,0.29266664,0.26945832,60.619026,68.915,58.182503,66.207504
1028673,0.24251966,0.19058335,0.25354156,0.22204168,61.788532,70.75625,59.0,68.36
1028059,0.2658538,0.397625,0.2322916,0.337,64.30404,67.196754,63.090504,67.5005
1028030,0.2545796,0.34208333,0.23470835,0.29354173,64.832,68.09946,63.53945,68.17445
1032597,0.33953753,0.29125,0.34575006,0.33433333,69.07936,74.52875,67.27625,73.445
1039008,0.3654704,0.2915417,0.37962496,0.34158334,75.4898,83.075,73.362495,80.255005
1048041,0.30237666,0.3322917,0.30449995,0.285125,73.26009,79.759995,71.11624,78.443756
1048025,0.2120267,0.2479167,0.21216665,0.19958334,72.13359,78.170006,70.073746,77.18375
1048029,0.30237666,0.3322917,0.30449995,0.285125,73.26009,79.759995,71.11624,78.443756
1039032,0.3506479,0.30391666,0.36241665,0.325875,75.95915,83.3675,73.49375,81.942505
1043775,0.31829917,0.41566667,0.30233335,0.34058332,74.14355,78.545006,72.38376,78.71001
1039036,0.36752293,0.34754166,0.3755,0.34683335,75.68979,81.33875,73.6625,80.7575
1029508,0.25378376,0.293375,0.25616667,0.23241661,73.48134,76.84474,72.11974,77.0285
1029509,0.25378376,0.293375,0.25616667,0.23241661,73.247345,76.61075,71.88574,76.7945
1040116,0.21134914,0.25079167,0.19316672,0.26054168,72.68023,77.3069,71.2244,76.129395
1046294,0.3519963,0.43324995,0.32862502,0.4050417,75.18171,80.89625,73.55001,78.87125
1046295,0.34956536,0.4514166,0.31266674,0.442125,74.65989,79.463745,73.25,77.8925
1046296,0.34358874,0.43675002,0.31133327,0.42312494,74.553055,79.54625,73.11875,77.80626
1041990,0.2586942,0.39454165,0.22125001,0.34179163,72.971756,74.134995,72.30499,74.87
1041991,0.25886586,0.41058338,0.22050004,0.33983335,73.3094,75.18815,72.443146,75.65315
1041992,0.2648254,0.38941666,0.2322083,0.33512497,73.949265,75.115555,73.25179,75.951805
1041993,0.25596294,0.40079167,0.22162503,0.3254167,72.81038,74.0975,72.098755,74.82125
1041994,0.25734797,0.40616664,0.22816668,0.30779168,74.02896,75.794754,73.15851,76.42476
1041997,0.2648254,0.38941666,0.2322083,0.33512497,73.89077,75.05705,73.1933,75.8933
1041995,0.2648254,0.38941666,0.2322083,0.33512497,73.86736,75.033646,73.16989,75.869896
1041999,0.24868087,0.40533337,0.20824999,0.33508334,72.74082,73.89125,72.098755,74.558754
1042000,0.25734797,0.40616664,0.22816668,0.30779168,72.80045,74.56625,71.93,75.19625
1042001,0.26818672,0.41004172,0.23066668,0.34954163,72.65101,73.96625,71.92625,74.697495
1048103,0.2307558,0.36633334,0.20100003,0.28758332,72.25985,75.338745,71.36001,74.31874
1048101,0.24443917,0.3924167,0.2009167,0.34433338,72.7724,75.11375,72.07625,74.37875
1049203,0.3682488,0.50337505,0.3190417,0.49191666,72.32361,74.795,71.55501,74.135
1048131,0.25849792,0.41191673,0.21245831,0.3652083,72.82816,74.941246,72.173744,74.3675
1048109,0.28898126,0.42262498,0.24329166,0.40108335,73.14729,75.275,72.51125,74.618744
1049118,0.28181794,0.42054167,0.23191665,0.40666667,72.650635,74.51375,72.1175,73.8575
1049081,0.25849792,0.41191673,0.21245831,0.3652083,72.82816,74.941246,72.173744,74.3675
1049134,0.23700418,0.40416667,0.18675004,0.3535833,73.45614,75.61625,72.72875,75.23
1048110,0.23614626,0.40837505,0.19445835,0.3216667,73.79683,76.0025,73.10749,75.425
1049130,0.26131836,0.4180833,0.20662504,0.39658332,72.33665,74.28875,71.761246,73.658745
1049192,0.2427175,0.405375,0.19445835,0.35395837,72.57471,74.76125,71.87749,74.23625
1049145,0.23537542,0.37741664,0.20199998,0.30245832,73.35507,75.91625,72.51875,75.36875
1049184,0.22899085,0.3868333,0.1961667,0.28891665,73.04938,75.305,72.30125,74.8625
1048111,0.3402771,0.50058335,0.28604174,0.47279167,73.46206,75.93875,72.63124,75.485
1049108,0.2770675,0.41987503,0.22350001,0.413125,72.33511,74.28124,71.776245,73.6025
1049197,0.22308664,0.2967917,0.21012501,0.24295837,72.68532,77.6,71.318756,75.7325
1049202,0.23094916,0.34541667,0.19375002,0.32033333,72.544174,76.805,71.348755,75.222496
1049115,0.25002834,0.37220827,0.2053333,0.36254165,74.93649,78.75485,73.90986,77.1836
1046304,0.2566304,0.39666668,0.20862502,0.37454164,73.84081,76.44125,72.98375,75.9125
1049154,0.24488795,0.38316667,0.19520831,0.36912504,73.62747,77.29251,72.619995,75.86
1049189,0.23983707,0.34508336,0.21799995,0.279625,73.725006,77.55125,72.70625,75.942505
1049413,0.3165821,0.40433332,0.2834166,0.40104166,72.10595,74.43875,71.3825,73.80875
1049385,0.23279713,0.31058332,0.22300003,0.2404583,73.95613,75.6812,73.1912,76.00371
1049408,0.25530463,0.31633332,0.25199997,0.24629165,71.253235,73.50875,70.33999,73.6325
1049400,0.24126667,0.32779166,0.22399999,0.27162495,72.375496,74.1575,71.57751,74.5175
1039741,0.35033002,0.45250002,0.32800004,0.39283335,71.195076,70.51625,71.041245,71.94875
1039743,0.37937084,0.47645834,0.3476667,0.4557083,70.98001,70.463745,70.87999,71.494995
1041047,0.28836045,0.39666665,0.24870835,0.3882084,71.85417,71.75,71.70875,72.3875
1041046,0.28794006,0.39349997,0.25262505,0.3738334,71.493576,71.54375,71.31875,72.07625
1041041,0.24553291,0.33816662,0.22599997,0.28162494,73.33074,73.8875,72.942505,74.47625
1041043,0.24553291,0.33816662,0.22599997,0.28162494,73.33074,73.8875,72.942505,74.47625
1041042,0.24381335,0.34233332,0.21600004,0.30633336,74.32236,75.0815,73.9265,75.4265
1041044,0.24553291,0.33816662,0.22599997,0.28162494,73.33074,73.8875,72.942505,74.47625
1041045,0.24381335,0.34233332,0.21600004,0.30633336,74.12345,74.8826,73.72759,75.2276
1041048,0.3237617,0.39291668,0.29925,0.38475,71.08231,71.277504,70.87624,71.723755
1041049,0.23829709,0.31883335,0.22499995,0.2570417,73.933365,74.62356,73.49105,75.2198
1040712,0.23474376,0.3475,0.2097917,0.28270838,72.372986,74.20325,72.00575,73.022
1040718,0.25508544,0.38904166,0.20895834,0.36858335,71.5766,73.625,71.19125,72.215004
1040733,0.23880835,0.35558334,0.20316668,0.32208332,71.419365,73.572495,71.00749,72.113754
1040708,0.23880835,0.35558334,0.20316668,0.32208332,72.636154,74.78931,72.2243,73.33054
1040734,0.29181883,0.399125,0.25245836,0.39099994,71.89066,74.431244,71.42,72.6575
1040736,0.2893454,0.39779165,0.25099996,0.38466668,73.27002,75.71195,72.816956,74.00945
1040740,0.33477378,0.415,0.3028333,0.4175417,71.12652,73.369995,70.685005,71.8925
1049299,0.27004504,0.39450002,0.243375,0.31999993,77.24229,77.78375,76.895004,78.2525
1049301,0.3746384,0.48245832,0.34787503,0.4304583,75.37926,76.91375,74.84374,76.70374
1053145,0.25459877,0.40625,0.20825003,0.36295828,73.324936,75.15125,72.63874,75.06875
1053149,0.2509754,0.38766667,0.21199994,0.33904162,74.99807,77.117455,74.27121,76.78371
1053147,0.25240794,0.36029172,0.22033334,0.32641667,72.68345,74.97124,71.96001,74.401245
1053150,0.24973504,0.38900003,0.21429169,0.32483336,74.56265,76.46435,73.85811,76.344345
1053148,0.25240794,0.36029172,0.22033334,0.32641667,72.68345,74.97124,71.96001,74.401245
1053143,0.35793588,0.46383336,0.3232916,0.44141677,72.64487,75.35375,71.77626,74.72
1053144,0.26578584,0.3918333,0.22554171,0.36174998,73.33213,75.545,72.63124,74.997505
1053146,0.27365997,0.38575006,0.24329168,0.34041664,73.1233,75.49625,72.33499,75.035
1046446,0.36630628,0.46737507,0.33799994,0.4296666,73.65444,76.65874,72.69501,75.942505
1046445,0.28254628,0.403875,0.2455833,0.3688334,73.39078,75.43625,72.83375,74.61875
1046447,0.25958422,0.3874167,0.2243333,0.3378334,73.546776,75.65749,72.96875,74.825
1046452,0.23760207,0.3992084,0.19141664,0.34208336,74.01515,75.48125,73.23499,76.20125
1046055,0.25723544,0.3767917,0.22983335,0.31133336,73.260506,75.47,72.41001,75.439995
1046054,0.36613333,0.45408332,0.34000003,0.4264166,73.09655,75.8375,72.087494,75.6425
1046059,0.35661256,0.43775,0.33558333,0.40166667,73.0967,75.908745,72.06874,75.68375
1046061,0.3534346,0.4524583,0.32499993,0.4179167,72.95855,75.77376,71.96001,75.44375
1046063,0.35881498,0.42200002,0.33749998,0.41083333,73.33903,76.15625,72.31999,75.89375
1046471,0.2543908,0.33758333,0.23299997,0.30000004,73.455246,76.11125,72.42126,76.115
1046056,0.2827104,0.3484167,0.26079172,0.33595833,73.6019,75.87125,72.75874,75.736244
1046473,0.2884096,0.35808334,0.26954168,0.32987502,73.45494,76.14875,72.4325,76.06249
1046058,0.36613333,0.45408332,0.34000003,0.4264166,73.09655,75.8375,72.087494,75.6425
1046453,0.25558165,0.3170417,0.23829162,0.29437503,73.93614,76.197495,73.05124,76.216255
1046066,0.22118793,0.30904165,0.20458333,0.24883331,73.477776,75.32751,72.58999,75.905
1046067,0.22118793,0.30904165,0.20458333,0.24883331,73.477776,75.32751,72.58999,75.905
1046069,0.35881498,0.42200002,0.33749998,0.41083333,73.33903,76.15625,72.31999,75.89375
1046068,0.2140838,0.30499998,0.19733334,0.24120833,72.79261,74.90749,71.86624,75.26375
1053227,0.212035,0.20362502,0.21579169,0.20195834,71.6645,74.01305,71.14054,72.678055
1053224,0.20324047,0.18854167,0.20845836,0.19025,71.19001,73.66625,70.64376,72.2375
1053183,0.20324047,0.18854167,0.20845836,0.19025,71.19001,73.66625,70.64376,72.2375
1049729,0.37649748,0.40437496,0.36470827,0.40762505,76.60257,80.53625,75.29375,79.778755
1051575,0.23361667,0.22954166,0.23,0.24737495,73.02534,78.16625,71.50625,76.52
1051579,0.2415329,0.24279167,0.24329168,0.23508334,72.77483,78.17,71.18749,76.41875
1051720,0.25011998,0.263125,0.25483337,0.229625,76.35782,77.73875,75.82625,77.72
1058146,0.35773838,0.40308335,0.349,0.3725834,76.24108,77.72,75.67249,77.697495
1051686,0.2465313,0.29899994,0.23099996,0.2822917,71.913956,72.935,71.495,73.009995
1051687,0.2465313,0.29899994,0.23099996,0.2822917,71.913956,72.935,71.495,73.009995
1058147,0.24146335,0.3003333,0.22800003,0.268,71.971886,72.96876,71.54376,73.1075
1051721,0.26981583,0.27920833,0.270125,0.26562497,75.88521,77.26625,75.44,76.95125
1058148,0.22671169,0.28391665,0.20704164,0.27508333,72.520775,74.521255,71.85874,74.12375
1058149,0.22671169,0.28391665,0.20704164,0.27508333,72.520775,74.521255,71.85874,74.12375
1058152,0.2663059,0.38933334,0.23287497,0.3399167,72.85161,73.15624,72.728745,73.17125
1058153,0.2663059,0.38933334,0.23287497,0.3399167,72.85161,73.15624,72.728745,73.17125
1058154,0.35764834,0.4680834,0.32175002,0.44391665,73.3147,74.240005,73.05874,73.88375
1071167,0.46441916,0.5047916,0.44704172,0.5105417,47.922688,58.0775,45.1625,54.00125
1071168,0.46425375,0.50775,0.44650003,0.510625,47.40759,57.8225,44.58125,53.62625
1071169,0.46441916,0.5047916,0.44704172,0.5105417,47.922688,58.0775,45.1625,54.00125
1071170,0.46425375,0.50775,0.44650003,0.510625,47.40759,57.8225,44.58125,53.62625
1070805,0.3710796,0.4230833,0.35179162,0.41987494,49.745186,59.607502,46.90625,56.191246
1070812,0.47676584,0.50908333,0.46325004,0.51233333,48.219654,57.387505,45.665,53.9225
1070818,0.43993583,0.50358325,0.41695842,0.49750003,49.173763,59.19875,46.37,55.445004
1071178,0.4590788,0.506125,0.43945837,0.51066667,48.17131,58.47125,45.335,54.462498
1071179,0.46998802,0.5014167,0.45466664,0.5120416,48.02986,58.4,45.1925,54.30125
1070820,0.40594295,0.42829168,0.39629176,0.43158332,49.139374,58.583748,46.4225,55.30625
1071171,0.3299558,0.42645836,0.29804167,0.4072083,47.979088,57.98,45.2,54.17375
1071173,0.33632,0.42775,0.30766666,0.40408334,47.64729,57.66125,44.911247,53.69
1071175,0.42955586,0.5078333,0.39933333,0.50708336,47.419514,57.507504,44.705,53.363754
1071174,0.4532217,0.5097917,0.4308333,0.51112497,47.6504,57.89375,44.896248,53.67875
1071184,0.4514542,0.5095417,0.42820835,0.51179165,47.454872,57.668747,44.7275,53.401253
1071182,0.45544955,0.5058333,0.43445835,0.510625,47.028687,57.6425,44.168747,53.29625
1071176,0.3376967,0.42716667,0.30679166,0.41383335,47.291412,57.747498,44.36375,53.843746
1071264,0.45760083,0.50445837,0.4380416,0.5090416,49.07712,58.793747,46.32875,55.261246
1071266,0.46496794,0.5056666,0.44954172,0.50429165,48.528202,58.6775,45.68375,54.8975
1071267,0.449025,0.506375,0.42574993,0.5097083,47.597603,57.811253,44.881252,53.50625
1071269,0.37461504,0.43050003,0.35341668,0.42866668,47.109463,57.63125,44.19125,53.6075
1071309,0.3746196,0.43058333,0.35408333,0.426375,47.570038,57.575005,44.855,53.54375
1071274,0.37580332,0.4300833,0.35566667,0.42674997,48.008,57.395,45.425,53.735
1071271,0.3746196,0.43058333,0.35408333,0.426375,47.570038,57.575005,44.855,53.54375
1071270,0.35247084,0.42858335,0.32508335,0.421,47.678,57.762497,44.91125,53.802498
1071289,0.35982373,0.42949998,0.33412495,0.42470834,47.960674,57.398746,45.368748,53.70125
1071290,0.35982373,0.42949998,0.33412495,0.42470834,47.960674,57.398746,45.368748,53.70125
1071302,0.34007502,0.42549995,0.31079164,0.41199997,46.820374,56.836254,44.161247,52.598747
1071303,0.30798247,0.42575002,0.27241668,0.39066663,46.109077,56.7275,43.22,52.475
1071305,0.33054504,0.41687503,0.30445835,0.3912084,46.784374,56.97125,44.067497,52.70375
1071307,0.36757246,0.43124998,0.3437083,0.42816663,46.447735,57.33875,43.497498,52.9325
1063421,0.3393338,0.42850003,0.308875,0.4140416,46.683464,56.67875,44.0225,52.475
1063965,0.3204021,0.42383334,0.2862917,0.40287504,45.763702,56.55875,42.8825,52.04375
1063423,0.32619125,0.42812505,0.29225004,0.40858328,46.08601,56.783752,43.208748,52.385002
1063966,0.31239337,0.42395833,0.27537498,0.402125,46.827877,56.86625,44.1425,52.68875
1071308,0.36918083,0.43033335,0.34624997,0.42741668,47.447525,57.40625,44.75375,53.363747
1063967,0.3204021,0.42383334,0.2862917,0.40287504,45.763702,56.55875,42.8825,52.04375
1064550,0.3204021,0.42383334,0.2862917,0.40287504,45.763702,56.55875,42.8825,52.04375
1063970,0.31239337,0.42395833,0.27537498,0.402125,46.827877,56.86625,44.1425,52.68875
1063969,0.3151046,0.42695832,0.27662504,0.40974998,46.964714,56.7125,44.35625,52.658745
1063427,0.33845127,0.42524993,0.3090833,0.41020834,45.725113,56.480003,42.85625,51.97625
1063434,0.33511043,0.42729166,0.3033333,0.41333333,46.90659,56.84,44.25875,52.673748
1078729,0.40949,0.41837502,0.40637496,0.4172083,48.93144,57.89375,46.27625,55.0475
1075680,0.39865795,0.4160417,0.39283338,0.41283333,49.05845,57.229996,46.6025,54.755
1082501,0.48967543,0.4970417,0.48674998,0.49725008,47.795223,56.46875,45.33875,53.32625
1082502,0.49275792,0.4991667,0.48950005,0.50179166,48.040028,56.7275,45.55625,53.66
1082504,0.3914754,0.41404167,0.38691667,0.3995833,47.870865,56.281254,45.353752,53.6975
1075681,0.50547254,0.501375,0.50762504,0.4994583,48.0485,56.888744,45.533752,53.72375
1075682,0.49906382,0.50125,0.49737498,0.50412506,48.010475,56.63,45.49625,53.7575
1082505,0.3923012,0.410375,0.38824996,0.40016672,47.9786,56.423748,45.451252,53.82875
1082513,0.45431915,0.49579164,0.44195834,0.48287502,48.864388,57.10625,46.625,53.795002
1075684,0.4832383,0.49695835,0.47945842,0.49162498,49.68965,59.217503,47.0825,55.4525
1082515,0.3923012,0.410375,0.38824996,0.40016672,47.9786,56.423748,45.451252,53.82875
1082516,0.3923012,0.410375,0.38824996,0.40016672,47.9786,56.423748,45.451252,53.82875
1082517,0.3914754,0.41404167,0.38691667,0.3995833,47.870865,56.281254,45.353752,53.6975
1082518,0.49414253,0.49787498,0.49091664,0.50395834,49.070755,57.8975,46.64,54.4625
1082519,0.381565,0.41762498,0.36987498,0.40962505,48.46179,57.245,45.920002,54.248753
1083323,0.37831914,0.40429172,0.37325,0.3870417,48.294685,55.8125,46.07,53.416252
1082940,0.4248633,0.4269584,0.42429173,0.42612493,52.812016,53.933754,52.276253,54.275
1082949,0.3787283,0.42120838,0.36483333,0.41220835,51.068752,51.24875,50.727497,52.17875
1082941,0.4125892,0.42916667,0.40616664,0.42908335,52.956764,52.70375,52.714996,53.87
1082942,0.41700587,0.42308334,0.41554168,0.42,55.09205,57.4325,54.125,57.627495
1082944,0.41178584,0.42808333,0.405375,0.4283333,52.083687,52.190002,51.769997,53.12375
1082934,0.409385,0.42462495,0.40345833,0.424625,53.31826,55.013752,52.624996,55.129997
1082945,0.41342342,0.42670837,0.40791664,0.42787504,53.43909,55.598747,52.57625,55.6775
1082947,0.49607173,0.5049166,0.49141672,0.50908333,52.345623,54.01625,51.62375,54.263752
1085394,0.38959256,0.419,0.37925005,0.41524997,51.370323,50.82875,51.158745,52.276253
1082943,0.40885457,0.42558336,0.40158328,0.42820832,52.594627,54.00875,52.024998,54.07625
1085393,0.4127734,0.42445835,0.40808335,0.42495832,52.729103,53.9,52.18625,54.199997
1084604,0.40657794,0.4179167,0.4029584,0.41520834,50.480976,60.69125,47.405,57.62375
1085398,0.40212044,0.41554168,0.39679167,0.41591668,50.346912,60.031254,47.434998,57.1025
1084605,0.4021146,0.41695833,0.39591667,0.41841662,50.557102,60.687496,47.48375,57.7175
1084606,0.41164708,0.42158338,0.40791667,0.42112502,50.156864,58.981255,47.408752,56.637497
1093986,0.359315,0.46025002,0.33799994,0.39875004,57.827263,65.465004,55.5275,63.166252
1093987,0.2832821,0.3669583,0.2686667,0.3055,57.71975,65.24375,55.441254,63.02375
1102490,0.25929752,0.21262498,0.27300003,0.22787507,68.696976,72.63875,67.2275,72.42125
1119261,0.24690334,0.34870836,0.22554165,0.2862083,68.21972,71.15,66.89749,71.77625
1115236,0.37092796,0.4079167,0.35208333,0.42320836,68.84757,75.931244,67.01375,72.77375
1119188,0.28204837,0.29283336,0.2768333,0.2963333,69.414276,74.36,67.94375,72.807495
1102484,0.27679998,0.30175003,0.26700005,0.30208337,71.190575,75.80376,69.74,74.62625
1119190,0.3221734,0.34245834,0.3260001,0.30229172,73.112045,79.6025,71.01125,78.15126
1124113,0.32703254,0.36324993,0.31258324,0.36449996,70.192444,74.16875,68.802505,73.6325
1128824,0.24813251,0.351375,0.22633336,0.28845835,72.982956,75.042496,72.17,75.08375
1128825,0.24813251,0.351375,0.22633336,0.28845835,72.982956,75.042496,72.17,75.08375
1128827,0.23141831,0.32195833,0.20233329,0.30095828,71.041214,73.07375,70.16001,73.385
1128831,0.25944963,0.36808336,0.23116662,0.32020834,71.97485,73.9625,71.1275,74.2175
1116248,0.26192796,0.35991666,0.24745835,0.278875,70.280525,72.3575,69.439995,72.46999
1116250,0.2731975,0.36074996,0.26216665,0.28183335,70.19476,72.21875,69.4175,72.185
1102154,0.30262586,0.39020833,0.27904168,0.35429165,74.10512,76.62501,73.28375,76.08125
1102165,0.30611166,0.38916662,0.28095832,0.36466667,73.881615,76.51625,73.02875,75.927505
1102183,0.28445,0.36700007,0.25837496,0.34633335,75.23086,78.275,74.314995,77.356255
1102181,0.29983667,0.38116667,0.27754164,0.34916663,74.50615,77.15,73.673744,76.478745
1102170,0.31218585,0.3938333,0.28483334,0.37875,76.111404,78.2075,75.41,77.81749
1102172,0.29529753,0.391125,0.27108333,0.346375,74.11891,76.542496,73.29125,76.14875
1102178,0.2911196,0.39495835,0.2656249,0.34391665,76.00986,77.77251,75.34624,77.697495
1102185,0.28254336,0.35245836,0.2770833,0.2779583,74.30034,76.69625,73.385,76.64
1108789,0.28203005,0.29725,0.27212498,0.31091666,74.22095,77.75749,73.31376,76.152504
1108793,0.35077962,0.3715833,0.33837494,0.38637495,72.89139,76.71875,71.869995,75.1175
1117240,0.2576584,0.31508332,0.24587499,0.2789167,73.931305,80.585,71.90375,78.665
1128926,0.24940462,0.29620835,0.23145832,0.29533336,72.56596,80.16499,70.3775,77.53624
1128927,0.2617859,0.3290833,0.23962499,0.31533337,72.36812,79.62875,70.25,77.21
1128929,0.22858208,0.25945833,0.21525,0.26400003,72.729645,80.603745,70.46375,77.87375
1128930,0.25058168,0.2742917,0.24000001,0.2789583,74.76748,80.4575,72.762505,79.744995
1128931,0.22746877,0.25675002,0.2173333,0.2524583,74.666336,80.435,72.60125,79.82376
1128932,0.25058168,0.2742917,0.24000001,0.2789583,74.76748,80.4575,72.762505,79.744995
1121608,0.33150253,0.40587506,0.3103333,0.37929168,78.12013,79.63999,77.723755,78.97249
1122681,0.33804795,0.40791667,0.31720826,0.38620842,78.169365,80.33375,77.41625,80.03001
1122686,0.34233415,0.40904173,0.3242916,0.38195834,77.98175,80.2925,77.183754,79.9475
1128432,0.34147254,0.40987507,0.31504172,0.40929165,77.52298,79.55,76.82,79.2575
1122731,0.35161507,0.38325003,0.33916667,0.38375005,75.31187,78.2075,74.374985,77.558754
1122732,0.32157502,0.35837498,0.30570826,0.36370838,75.07306,78.357506,74.09,77.348755
1126961,0.28206417,0.24929166,0.28608334,0.27920836,79.13832,84.27125,77.36749,83.49876
1126965,0.42279747,0.493875,0.40354168,0.465125,75.780945,75.68375,75.08376,78.20375
1126968,0.41733038,0.4917917,0.39895836,0.4555,75.65498,75.451256,75.02,77.9
1126970,0.41811666,0.49441668,0.39670837,0.4660834,75.78711,75.8825,75.10251,78.10249
1133994,0.38613293,0.35179165,0.38754165,0.39275002,74.39656,79.085,73.051254,77.44625
1139018,0.2399471,0.26445833,0.23283331,0.25616664,71.6537,71.47505,71.561295,72.03006
1139020,0.23804545,0.28879166,0.22758333,0.257,71.927444,71.126,72.05975,71.741
1139022,0.2399471,0.26445833,0.23283331,0.25616664,71.6654,71.48675,71.57299,72.04175
1133996,0.38929918,0.43016663,0.39199987,0.3664167,70.18689,69.755005,69.96876,71.07875
1137218,0.39311877,0.45250002,0.39616677,0.36287498,69.666466,68.84375,69.619995,70.1
1156474,0.44825792,0.4801667,0.43945828,0.4677917,46.840702,54.031254,44.3375,53.026253
1156475,0.4522675,0.47324994,0.44758335,0.4613333,47.245102,54.62375,44.73875,53.37875
1165562,0.38762918,0.38466665,0.39425,0.36591664,51.690727,61.775,48.69875,58.5875
1176922,0.3719221,0.34233332,0.37583336,0.36837497,54.96305,65.35625,52.19,61.00625
1189061,0.35265422,0.39579168,0.34124997,0.37737504,61.40934,67.0925,59.43875,66.27125
1176904,0.4092784,0.4414583,0.41387498,0.3827916,60.5567,65.765,58.82,64.775
1176905,0.41439494,0.44437504,0.417125,0.3950417,60.771202,65.93,59.01875,65.060005
1176906,0.3942825,0.42987502,0.40199998,0.35595843,60.774387,66.125,59.007496,65.04875
1176907,0.39049506,0.41824996,0.40104166,0.34508333,60.916924,66.27125,59.112503,65.31874
1176908,0.28026712,0.33308336,0.28387496,0.25029168,61.13015,65.85875,59.48375,65.19875
1184016,0.42276832,0.49170828,0.39975002,0.47870836,63.74206,69.515,61.913757,68.08624
1183969,0.34018958,0.39245832,0.32454163,0.3764167,65.3741,71.7875,63.43999,69.8675
1184049,0.3919479,0.4677917,0.38633338,0.38591662,64.20463,69.995,62.34875,68.6375
1183973,0.2921808,0.32733333,0.2882084,0.29408342,64.161354,71.135,62.022495,69.17
1184087,0.41679874,0.46850002,0.40650007,0.43487498,63.863674,69.79625,61.99625,68.28875
1188682,0.43881497,0.497875,0.41837505,0.48920837,63.870018,69.755005,62.01125,68.28125
1188683,0.45563456,0.49895838,0.4396249,0.49608338,63.851,69.822495,61.9925,68.2325
1188684,0.44913217,0.48933336,0.43154168,0.4960417,63.746635,69.24125,62.22125,67.145
1188685,0.477893,0.48991668,0.47045827,0.49937502,63.54909,68.94875,62.030003,66.9575
1188687,0.44092336,0.48908338,0.42024994,0.49574998,63.405575,68.72749,61.85,66.965
1188688,0.46919176,0.49066663,0.45845833,0.49883333,63.416412,68.73125,61.880005,66.91249
1188689,0.47277415,0.49304163,0.46287492,0.49995837,65.05566,70.26125,63.608753,68.28125
1182122,0.3394471,0.38020834,0.3329167,0.34825003,63.339386,65.91125,62.5175,65.3
1188730,0.40686998,0.43112493,0.40224996,0.41462502,64.53935,70.96625,62.442497,69.58625
1181224,0.40483674,0.42041668,0.3974166,0.42508337,64.27659,71.003746,62.1275,69.4025
1184229,0.3503513,0.380625,0.34758338,0.34975,67.90917,71.933754,66.50375,71.386246
1184095,0.32191792,0.3484167,0.3192084,0.32237503,68.102905,72.44,66.5825,71.869995
1181255,0.43053922,0.46654168,0.41875002,0.45895836,63.36721,69.245,61.7825,66.84125
1186151,0.35166338,0.39720833,0.3345833,0.39504167,67.41271,71.53999,65.975,70.96625
1186158,0.34679294,0.3932917,0.330375,0.38758335,67.03906,71.33375,65.56251,70.67
1188049,0.40733004,0.479875,0.3820834,0.46970835,66.267426,70.985,64.74126,69.9275
1188056,0.39507627,0.45712495,0.38000008,0.42608333,66.1952,70.94,64.6475,69.92
1188099,0.31790337,0.38608336,0.2977083,0.3644167,68.073616,71.16499,66.916245,71.01125
1188073,0.32219967,0.37970832,0.30675003,0.35600004,68.0615,71.3825,66.901245,70.9325
1188060,0.3384404,0.4089167,0.31204167,0.40545833,68.11989,72.40624,66.68375,71.615
1188101,0.32712877,0.36350003,0.3207501,0.336875,67.43266,71.13874,66.185,70.475
1193664,0.34125665,0.40991667,0.32379165,0.37825,66.92383,69.17,66.16626,68.7725
1191082,0.44435504,0.44037497,0.443375,0.4490417,65.8373,71.555,64.36624,68.975006
1191083,0.3412883,0.35320833,0.33995828,0.341875,64.87351,70.036255,63.335,68.4275
1191086,0.30200794,0.31179163,0.30225003,0.29791662,66.75942,71.95625,65.1125,70.67375
1181815,0.2577096,0.24745834,0.26258337,0.2444167,72.05173,80.659996,69.82625,76.8125
1206804,0.25196126,0.18849999,0.27062497,0.20912504,74.7749,82.2125,72.8975,78.7325
1203284,0.2682167,0.2189167,0.28495833,0.22725,77.44802,83.056244,75.63124,81.8075
1203281,0.28659585,0.25958338,0.29508334,0.26650003,75.351654,80.307495,73.700005,79.3625
1203286,0.2948875,0.32825,0.29724997,0.2756667,76.82934,78.5975,75.935,79.306244
1203283,0.31595337,0.3419583,0.31804165,0.30012503,76.84715,78.814995,75.92,79.369995
1203282,0.36146125,0.42850003,0.35649994,0.35612497,77.19181,79.26126,76.103745,80.232506
1203285,0.380435,0.42587498,0.374625,0.38520834,75.01524,77.884995,73.71876,78.50375
1203243,0.29356375,0.26525006,0.29945824,0.28279167,74.07545,76.505,73.44125,75.439995
1206852,0.4206238,0.39112505,0.42829165,0.40416658,72.78467,75.305,72.072495,74.386246
1206853,0.40905082,0.42795837,0.41125014,0.39520833,72.66962,74.746254,71.9375,74.4875
1206855,0.37812915,0.3414167,0.39029166,0.3486667,72.827034,75.965,71.933754,74.84375
1206923,0.41115668,0.4882916,0.40220833,0.41612497,72.90317,75.8375,71.96001,75.15875
1204720,0.32971287,0.38454166,0.3090833,0.38216662,71.75705,74.7122,70.98844,73.407196
1204729,0.32971287,0.38454166,0.3090833,0.38216662,72.34205,75.2972,71.573456,73.9922
1204734,0.34009627,0.39399996,0.3195834,0.39245832,71.730835,74.884544,70.90579,73.5083
1206943,0.42486832,0.4823333,0.4035416,0.47883332,72.49569,76.6925,71.4575,74.65625
1206946,0.44370294,0.48441663,0.42754176,0.4855416,72.47367,76.651245,71.44624,74.603745
1206947,0.43066752,0.48399997,0.41233337,0.47574997,72.53409,76.628746,71.513756,74.667496
1211191,0.33562753,0.41137505,0.31183335,0.39195833,72.62642,75.2228,71.6528,75.09905
1211193,0.38777545,0.41279173,0.3728334,0.43066666,72.753426,77.1875,71.39,75.95
1211192,0.38777545,0.41279173,0.3728334,0.43066666,72.753426,77.1875,71.39,75.95
1200418,0.25957456,0.19833331,0.27066663,0.24195836,72.05753,79.137505,70.15625,76.216255
1200419,0.2546683,0.20595837,0.26233336,0.24462499,72.12114,78.905,70.291245,76.13375
1200420,0.25957456,0.19833331,0.27066663,0.24195836,72.05753,79.137505,70.15625,76.216255
1218307,0.38022292,0.3277917,0.4003333,0.32875,70.053986,73.93625,68.96749,72.48499
1217187,0.3077638,0.43300006,0.26045835,0.42820835,69.45863,68.255005,69.886246,68.393745
1217186,0.3897504,0.5107917,0.3482083,0.49183336,69.91741,68.378746,70.4075,68.75
1217190,0.28265834,0.43058336,0.22974998,0.41475007,69.396576,67.98875,69.8675,68.25125
1229909,0.37582633,0.39250004,0.37241665,0.38195834,40.781975,44.07125,39.96875,42.47375
1229921,0.38842583,0.4098334,0.38595828,0.38975,41.193497,44.161247,40.463753,42.70625
1229929,0.36660957,0.39370835,0.35929158,0.38266668,41.164738,44.041252,40.43,42.725
1229931,0.38889873,0.38649997,0.39283323,0.37620834,40.626614,42.800003,40.03625,41.92625
1229930,0.37787834,0.39333335,0.37483332,0.38316667,40.714287,44.17625,39.87875,42.425003
1235029,0.50961006,0.50350004,0.51266676,0.5011667,43.965015,41.6825,45.728752,38.67875
1236385,0.5054563,0.50437504,0.5052083,0.5066667,44.3021,44.206253,45.638752,39.75125
1236251,0.41929504,0.42850003,0.4156666,0.4286667,41.329926,35.315,43.715,35.1575
1236546,0.41929504,0.42850003,0.4156666,0.4286667,41.329926,35.315,43.715,35.1575
1236232,0.42566004,0.427375,0.42562497,0.42520842,42.38698,39.26375,44.225,37.12625
1236559,0.40898207,0.42733335,0.40241668,0.42537507,41.393677,34.3775,43.9625,34.925
1237989,0.5096054,0.50166667,0.5114165,0.5060417,45.13884,46.025,45.9875,41.93375
1238011,0.50854,0.496375,0.51254165,0.49887505,45.443676,45.762497,46.25375,42.56
1236137,0.38551,0.421,0.372875,0.41699997,42.8975,38.85875,44.9975,37.04375
1236386,0.50984496,0.501625,0.51333326,0.500625,43.07195,38.495,45.24125,37.16
1237990,0.5087804,0.50029165,0.51070833,0.505,44.510826,44.9075,45.75875,40.1
1237992,0.5085338,0.49975,0.51120836,0.5022916,45.646927,46.23125,46.4675,42.63875
1236235,0.50976956,0.5055832,0.51116663,0.506375,43.527916,37.28,46.1075,36.76625
1235578,0.5036566,0.50479156,0.5034583,0.5039583,42.5423,38.0,44.719997,36.59
1236548,0.42671576,0.42833337,0.4265,0.42691672,41.320778,34.65875,43.80875,35.01125
1236650,0.42506957,0.4277084,0.4239583,0.428,40.93419,34.89125,43.31375,34.79
1237991,0.50919384,0.50137496,0.5118333,0.50275,44.66416,44.62625,45.51125,41.7725
1236387,0.5090233,0.50083333,0.513375,0.49683332,43.116837,41.00375,44.82125,37.9775
1236388,0.50900966,0.50308335,0.5116666,0.501875,43.798027,42.095,45.425003,38.7875
1238024,0.5101879,0.5032916,0.51225007,0.5054167,43.32035,43.27625,44.22125,40.24625
1235577,0.50984,0.5045,0.5122083,0.5035,42.880173,37.7,45.181248,36.7175
1236139,0.4108567,0.42329168,0.40675005,0.42079163,42.750572,38.67875,44.84375,36.93125
1237372,0.4160696,0.4242083,0.41291657,0.42416668,39.759876,36.11375,41.5475,34.84625
1236566,0.42486584,0.42933336,0.42324993,0.42891666,41.5058,34.48625,44.056248,35.10125
1236598,0.41178918,0.4257917,0.40641668,0.42554167,40.82454,35.5475,43.055,34.93625
1236867,0.4217963,0.42450002,0.42041662,0.42562506,40.79015,34.35875,43.2125,34.62875
1237869,0.41083542,0.42141664,0.40641665,0.4224583,39.71285,36.69875,41.29625,35.28875
1236389,0.5092459,0.5027084,0.51283336,0.4991249,40.741478,33.665,43.1675,34.7825
1236390,0.5090475,0.50200003,0.5107916,0.50541663,40.68785,33.08375,43.2425,34.46375
1236135,0.50935346,0.50395834,0.5135417,0.49679163,42.7244,37.13,45.13625,36.32
1236658,0.42496917,0.4280416,0.42374995,0.428125,40.723812,34.12625,43.16375,34.5575
1237358,0.4274013,0.42362496,0.42941678,0.42174995,40.74245,36.99125,42.53375,35.85125
1238006,0.5054563,0.50437504,0.5052083,0.5066667,44.3021,44.206253,45.638752,39.75125
1236252,0.42230377,0.42687508,0.42041668,0.42725,40.947464,35.85875,43.1375,35.135
1236612,0.34001336,0.42745838,0.30770832,0.421625,41.146286,34.72625,43.62875,34.775
1237337,0.5099705,0.5025418,0.51187503,0.50591666,41.683586,34.34375,44.348747,34.9925
1236584,0.4113725,0.42812505,0.40483335,0.42820838,41.053703,33.71375,43.65875,34.56875
1236541,0.41929504,0.42850003,0.4156666,0.4286667,41.329926,35.315,43.715,35.1575
1237355,0.3817521,0.4218333,0.36712503,0.41854167,40.10086,36.06875,41.99375,34.955
1237377,0.4160696,0.4242083,0.41291657,0.42416668,39.759876,36.11375,41.5475,34.84625
1237374,0.39838246,0.419125,0.3905834,0.4182084,39.767864,35.64125,41.645,34.7075
1237388,0.5046975,0.504625,0.5035834,0.5085417,39.928963,33.52625,42.245003,34.1225
1230212,0.42307207,0.42645836,0.42179164,0.4263334,41.369003,37.23125,43.35875,35.92625
1236868,0.5083651,0.50574994,0.5105,0.50191665,41.368813,33.3425,44.12375,34.59875
1236693,0.5083651,0.50574994,0.5105,0.50191665,41.368813,33.3425,44.12375,34.59875
1236694,0.50744414,0.50179166,0.5079167,0.50770825,41.03814,33.2825,43.7075,34.47125
1230214,0.4143792,0.42466667,0.41108337,0.42224994,41.58365,35.555,44.01125,35.27
1237360,0.39924172,0.42354167,0.390375,0.42154166,39.75189,36.04625,41.528748,34.895
1237356,0.5082688,0.50149995,0.51049995,0.5028751,41.327488,34.4975,43.86875,34.89125
1287244,0.50931007,0.500625,0.51254165,0.50112504,40.410988,36.34625,42.170002,35.735
1236544,0.4030329,0.4286667,0.39370832,0.42645836,41.203285,35.79125,43.48625,35.18
1238004,0.5092837,0.501875,0.51195836,0.50258327,40.858776,34.02125,43.2575,34.91375
1236440,0.506,0.50074995,0.5089167,0.49774995,41.366074,38.55875,43.02875,36.60125
1236537,0.4108567,0.42329168,0.40675005,0.42079163,42.750572,38.67875,44.84375,36.93125
1287236,0.4182283,0.42020833,0.41745833,0.42020833,37.374275,33.275,38.791252,33.8825
1238003,0.5035971,0.50208336,0.5035417,0.5042916,43.887764,42.89,45.357502,39.18125
1236398,0.5094226,0.501375,0.51262504,0.501125,43.917763,43.662502,45.098747,39.95375
1236394,0.40834212,0.4177083,0.40483335,0.41724995,37.808826,33.26,39.41375,33.8225
1236136,0.50931543,0.5027916,0.5135417,0.49700007,42.02784,34.09625,44.7875,35.21
1238002,0.39226088,0.41995835,0.38141668,0.42020833,37.769936,32.9825,39.425,33.69125
1238001,0.41590956,0.4200833,0.41425002,0.4202083,37.516926,33.46625,38.9675,33.89375
1238000,0.43280292,0.4239166,0.4340833,0.431375,41.316914,40.46,41.213745,41.956253
1229943,0.43144664,0.42466667,0.43204167,0.4316667,38.79061,38.603752,38.93,38.375
1231561,0.43111077,0.4259583,0.43129167,0.43220833,39.028362,39.0125,39.241253,38.30375
1229942,0.43111077,0.4259583,0.43129167,0.43220833,39.028362,39.0125,39.241253,38.30375
1229941,0.4230959,0.4239583,0.42050004,0.43170834,38.082764,37.56875,38.449997,36.995
1238021,0.43271455,0.42383334,0.43375,0.432125,39.493176,38.603752,39.920002,38.32625
1236451,0.43266043,0.42179167,0.43425003,0.43083334,39.02405,37.02875,39.826252,36.93875
1238014,0.43273878,0.42212498,0.4349583,0.42866662,39.499928,38.2775,40.021248,38.12
1237995,0.5102763,0.502625,0.51404166,0.49991658,40.9955,39.32375,41.510002,39.78875
1229940,0.39900377,0.409,0.3940833,0.41254172,35.907574,34.89125,36.725,33.44375
1229939,0.43290332,0.42245832,0.4342917,0.431625,38.149063,36.965,38.69375,36.67625
1245600,0.19026583,0.39308333,0.15050003,0.25900003,51.935825,57.316246,49.77125,57.56375
1245601,0.19026583,0.39308333,0.15050003,0.25900003,51.935825,57.316246,49.77125,57.56375
1258926,0.4943867,0.47654167,0.4964167,0.49337497,55.484715,64.29875,53.06,60.859993
1258927,0.5055172,0.4919584,0.50999993,0.4946667,55.32365,63.7625,52.97375,60.5675
1259147,0.4981554,0.5060417,0.49541664,0.50491667,55.889267,62.903748,53.7575,60.860004
1258928,0.44127834,0.4893333,0.424,0.48450005,55.491386,63.21125,53.23625,60.65
1258929,0.4127175,0.40112498,0.41549996,0.4070417,54.282314,63.05,51.74,60.07625
1258931,0.49963918,0.4851668,0.50383335,0.49008334,55.67626,63.45125,53.45,60.717506
1258932,0.42495215,0.4678333,0.40816665,0.4682083,55.697674,63.972496,53.3525,60.979992
1258930,0.18862753,0.36987498,0.14879167,0.2647917,53.207375,62.667503,50.4275,59.585
1274739,0.33584586,0.45033336,0.28833333,0.46058333,54.758076,64.636246,52.07375,60.668755
1258933,0.350135,0.50825,0.29200003,0.4967499,54.92559,62.22875,52.666252,60.237495
1258934,0.38137248,0.48124996,0.362,0.4145,53.266552,62.262497,50.735,58.947502
1258935,0.47191045,0.47104165,0.4848751,0.42775,54.531574,63.125008,52.14125,59.862503
1258936,0.48534453,0.5049584,0.4819583,0.49041662,54.174576,61.94,51.905,59.3675
1258941,0.5127149,0.50475,0.5174167,0.49925005,55.467163,61.17125,54.019997,58.5275
1258942,0.4060488,0.50525004,0.36716667,0.5062917,54.769512,60.109997,53.315002,57.97625
1258943,0.3815396,0.5058333,0.33345833,0.50495833,54.39181,59.420002,52.988747,57.52625
1258937,0.4331446,0.42695832,0.43395838,0.43241668,53.997612,58.879997,52.624996,57.076252
1258939,0.47372293,0.46866667,0.48391667,0.44045827,53.836216,57.41,52.639996,56.74625
1258940,0.40066418,0.4235417,0.39237502,0.42145836,52.485462,58.44875,50.75375,56.435
1258944,0.2864296,0.42858335,0.23237497,0.42437506,53.265053,58.68125,51.657497,56.971252
1258945,0.2656325,0.429625,0.20358332,0.4237084,53.45761,59.11625,51.79625,57.267498
1258946,0.43513414,0.42679167,0.43762505,0.42937496,53.33225,57.796253,52.024998,56.326252
1258947,0.43466,0.42775008,0.43637505,0.4310833,54.123688,59.28125,52.68125,57.35
1258948,0.43141663,0.4230417,0.4334583,0.42720833,52.3556,55.6325,51.25625,55.032497
1258949,0.42996204,0.42408332,0.43174997,0.4257917,52.17774,55.565,51.012505,55.043747
1258950,0.4477217,0.49754167,0.43174994,0.485875,55.268524,63.683754,52.9475,60.421253
1258952,0.50903624,0.50837505,0.5100834,0.50566655,54.4415,59.66375,53.045,57.488747
1258951,0.42580628,0.42587504,0.424625,0.42983332,54.830673,62.93,52.606255,59.7575
1274745,0.42698792,0.42829168,0.42537498,0.43208337,53.691536,59.423748,52.021248,57.5075
1258953,0.5013209,0.5053333,0.49749994,0.51308334,54.586704,59.986248,53.138752,57.751247
1274875,0.2638554,0.36754167,0.25399998,0.2630833,55.01724,63.87875,52.20875,61.692497
1274773,0.18994959,0.35633335,0.14270832,0.29645833,55.59459,64.59875,52.67375,62.6075
1274750,0.29297253,0.36325,0.27850005,0.3191667,54.869003,63.28625,52.23875,61.081245
1258954,0.3815396,0.5058333,0.33345833,0.50495833,54.39181,59.420002,52.988747,57.52625
1259199,0.36713293,0.42991665,0.342,0.43237495,52.6775,56.03,51.496254,55.61
1274748,0.27683416,0.35891667,0.26520833,0.28933334,55.421486,63.84875,52.76,61.7375
1274877,0.39337042,0.41691664,0.38425004,0.41679168,55.017994,62.64875,52.82375,59.997498
1258955,0.41775462,0.42970833,0.41199997,0.43349996,54.788486,62.165,52.79375,59.16875
1242852,0.26934543,0.4284166,0.20883334,0.42379162,53.369225,56.768745,51.905003,57.25625
1242853,0.26934543,0.4284166,0.20883334,0.42379162,53.369225,56.768745,51.905003,57.25625
1242854,0.4337412,0.42875004,0.434625,0.43237504,53.252563,56.149998,51.991245,56.611248
1245435,0.43473545,0.42904165,0.4367917,0.4295833,52.49447,55.4,51.25625,55.77125
1274881,0.3638663,0.39812496,0.35016668,0.39941671,55.210102,63.308754,52.70375,61.103752
1242878,0.3361838,0.38037494,0.34825003,0.2800833,55.045063,63.049995,52.52375,61.02125
1242881,0.33662626,0.40900004,0.3132083,0.39279163,54.39755,60.62375,52.343754,59.363747
1242880,0.24640709,0.36495838,0.24200003,0.22200002,54.023415,61.088753,51.6575,59.78
1258958,0.42966416,0.42654166,0.42954168,0.43112504,53.936714,60.181248,52.1525,57.972496
1258959,0.4218775,0.42925,0.41733328,0.43499997,52.36539,57.162502,50.86625,55.90625
1258960,0.514443,0.5082917,0.515875,0.5115833,53.553165,57.646248,52.347504,56.322502
1258961,0.4331446,0.42695832,0.43395838,0.43241668,53.997612,58.879997,52.624996,57.076252
1277540,0.42979673,0.4256667,0.42975,0.4313334,55.384773,62.64125,53.299995,60.113747
1258969,0.44701663,0.5056666,0.42333338,0.5086667,56.43654,64.30625,54.18875,61.520008
1258962,0.4975188,0.50325006,0.49245837,0.51295835,57.152187,64.985,54.848747,62.43875
1258966,0.4618167,0.5011667,0.44408333,0.50949997,54.4673,61.52375,52.523746,58.77875
1258963,0.515162,0.5097082,0.51712495,0.51025,55.871452,63.079998,53.851246,60.394997
1258964,0.5116729,0.50504166,0.5124166,0.51133335,57.183277,65.03375,54.920002,62.326252
1277349,0.42229414,0.42591667,0.4200833,0.42866668,55.121414,62.269997,53.08625,59.716248
1258967,0.43184876,0.42537498,0.43391666,0.42691663,55.050915,62.07125,53.02625,59.6525
1258968,0.5074205,0.50604177,0.50716674,0.50875014,54.92964,61.925,52.947495,59.39375
1258973,0.432027,0.42420828,0.43379176,0.42858326,54.41435,61.13375,52.58,58.46375
1258975,0.41081038,0.42566666,0.40429172,0.42820832,55.31619,63.3875,53.0075,60.54125
1258976,0.4272354,0.4276667,0.4255,0.4330417,54.050526,62.1575,51.76625,59.18
1258974,0.5116729,0.50504166,0.5124166,0.51133335,57.183277,65.03375,54.920002,62.326252
1258970,0.50684667,0.50016665,0.506625,0.5098333,56.26171,64.0925,54.083755,61.11875
1258971,0.42930332,0.5052083,0.39866665,0.5090418,56.869213,64.78999,54.58625,62.05625
1258972,0.48136258,0.5051251,0.4705417,0.5105417,55.950726,63.79625,53.7725,60.803753
1246691,0.19250043,0.27704164,0.15824996,0.28175,55.710274,62.07125,53.851246,59.963753
1246709,0.22838001,0.330875,0.20762499,0.26537505,57.807167,65.40125,55.520004,63.1175
1251092,0.2649592,0.32804167,0.23758335,0.33779168,56.93859,60.68,55.771248,59.693752
1292952,0.24385042,0.28479168,0.23199992,0.27083334,59.16215,65.36,57.342506,63.334995
1292951,0.24385042,0.28479168,0.23199992,0.27083334,59.16215,65.36,57.342506,63.334995
1292873,0.16517042,0.2829166,0.15499999,0.16079165,61.138138,69.39125,58.452496,67.595
1291959,0.1433525,0.15799999,0.14020835,0.14925002,61.175823,70.505,58.145,68.457504
1292711,0.17455252,0.28437498,0.168375,0.15912499,62.78893,70.76225,60.281,68.72975
1272575,0.38688293,0.42441666,0.3774999,0.40654168,63.845337,70.0325,61.95875,68.25125
1267538,0.42528212,0.42033336,0.4404166,0.37504163,64.35864,70.22,62.45,68.948746
1252143,0.20864874,0.3615,0.16795832,0.2972083,59.764477,60.409996,59.03,62.0675
1252146,0.35361084,0.47870836,0.30420837,0.48129168,60.014565,60.938747,59.183754,62.555
1262678,0.25855875,0.33987498,0.23212494,0.3220833,64.8041,70.8575,62.738754,69.8675
1262681,0.31586543,0.33391666,0.31408343,0.31595832,65.99979,73.38125,63.78875,71.119995
1271649,0.22472207,0.30195835,0.21066667,0.24716662,67.100006,73.895004,65.23625,71.225
1271652,0.22472207,0.30195835,0.21066667,0.24716662,67.100006,73.895004,65.23625,71.225
1271654,0.27412376,0.334625,0.27129164,0.26366663,66.602264,73.02501,64.8275,70.54625
1271656,0.2506375,0.33712503,0.22937505,0.29470834,66.46978,72.65751,64.7525,70.295
1292625,0.16190581,0.20670831,0.15583332,0.16779168,69.1055,76.1714,67.0664,73.741394
1271660,0.28326747,0.378875,0.2779999,0.26945832,69.15625,76.6475,66.89375,74.41625
1271662,0.28326747,0.378875,0.2779999,0.26945832,69.15625,76.6475,66.89375,74.41625
1271665,0.28326747,0.378875,0.2779999,0.26945832,69.15625,76.6475,66.89375,74.41625
1271669,0.28326747,0.378875,0.2779999,0.26945832,69.15625,76.6475,66.89375,74.41625
1271670,0.26403877,0.38312504,0.23924999,0.30933335,68.27079,73.512505,66.4325,72.82625
1266994,0.15459462,0.12745832,0.15499999,0.16225,72.60924,84.77376,68.81375,81.567505
1270911,0.15711999,0.149125,0.15512498,0.16662501,73.493484,85.76375,69.81875,82.0025
1270959,0.30538788,0.30604166,0.30587494,0.30349997,74.441086,80.735,71.956245,80.8625
1270962,0.31813422,0.33566666,0.31770828,0.31375006,73.79716,79.816246,71.43125,79.9025
1270965,0.3539017,0.41229174,0.3499583,0.34795836,73.555214,79.40375,71.3825,79.055
1270967,0.31813422,0.33566666,0.31770828,0.31375006,73.79716,79.816246,71.43125,79.9025
1270968,0.31813422,0.33566666,0.31770828,0.31375006,73.79716,79.816246,71.43125,79.9025
1266031,0.23325665,0.23829168,0.22833335,0.24845828,73.11144,76.595,71.61125,77.09375
1266037,0.23325665,0.23829168,0.22833335,0.24845828,73.11144,76.595,71.61125,77.09375
1266050,0.17918378,0.20175003,0.16675003,0.21429169,72.59724,76.55375,70.9175,77.0375
1266052,0.17031795,0.19591665,0.15775,0.20487504,72.969086,76.7825,71.26625,77.536255
1266053,0.17031795,0.19591665,0.15775,0.20487504,72.969086,76.7825,71.26625,77.536255
1266054,0.23325665,0.23829168,0.22833335,0.24845828,73.11144,76.595,71.61125,77.09375
1290068,0.3085742,0.3746667,0.30404165,0.30208334,74.860176,78.39875,73.801254,77.31125
1294806,0.30927128,0.343125,0.30375,0.31691664,75.78519,80.573746,74.284996,79.3325
1268507,0.19835372,0.30825,0.18170832,0.21879168,73.51141,78.3425,71.975006,77.16875
1275331,0.20890252,0.29000002,0.18837498,0.25224996,76.843216,80.39,75.683754,79.63625
1275292,0.20256917,0.25329167,0.20391667,0.18104164,74.2787,79.1225,72.71001,78.0425
1275293,0.18253876,0.23887499,0.18749999,0.14675002,74.237305,79.02125,72.60874,78.22625
1304116,0.23697668,0.30929163,0.21775,0.2787917,76.75287,81.784996,75.27499,80.1425
1275294,0.21373291,0.34966668,0.19000004,0.24979168,73.81163,77.45,72.60124,76.74875
1275295,0.30859664,0.37066665,0.30050007,0.3156667,75.48122,78.8075,74.38999,78.11375
1273610,0.17634128,0.26549998,0.16987501,0.16879165,73.75415,76.6625,72.575,76.8275
1273616,0.17634128,0.26549998,0.16987501,0.16879165,73.75415,76.6625,72.575,76.8275
1268508,0.17940623,0.276875,0.17350005,0.16716665,73.091675,76.4075,71.817505,76.355
1289969,0.18649584,0.14920832,0.19124998,0.18262498,77.20445,78.21875,77.06376,77.348755
1293706,0.19507916,0.36954165,0.18145834,0.183625,74.52871,73.3775,74.802505,73.97375
1287795,0.22057624,0.40824997,0.16583334,0.34570828,70.21122,70.7375,70.06999,70.520004
1287796,0.32630292,0.48991668,0.2879167,0.40337503,70.29988,70.81625,70.09249,70.838745
1295856,0.30913332,0.41020834,0.29029164,0.34004164,71.77659,69.6275,72.27875,70.77125
1295857,0.30913332,0.41020834,0.29029164,0.34004164,71.77659,69.6275,72.27875,70.77125
1297630,0.30913332,0.41020834,0.29029164,0.34004164,71.77659,69.6275,72.27875,70.77125
1297631,0.25750586,0.4254584,0.20616664,0.37754175,69.42549,68.6075,69.619995,69.03124
1297632,0.27710629,0.42562497,0.23929168,0.35725,69.58044,68.18375,69.886246,68.9975
1297629,0.32580084,0.50183326,0.27404168,0.4445833,71.445724,69.43625,71.84,70.76375
1295858,0.24764208,0.31333333,0.22412498,0.306375,70.34116,67.55376,70.700005,70.04
1295859,0.20605208,0.36870834,0.16762501,0.28358334,69.74364,67.69625,69.96125,69.68
1295860,0.22497167,0.35316667,0.1894583,0.30400002,70.14084,67.591255,70.475,69.84499
