event_id,maxtemp_f,mintemp_f,avgtemp_f,maxwind_mph,totalprecip_in,avgvis_miles,avghumidity,uv,daily_will_it_rain,daily_chance_of_rain,condition_text
564702,66.6,45.3,58.9,13.9,2.19,4.0,95,2.7,1,100,Moderate or heavy rain shower
564703,66.6,45.3,58.9,13.9,2.19,4.0,95,2.7,1,100,Moderate or heavy rain shower
564704,66.2,45.4,59.1,17.7,2.67,4.0,96,1.3,1,100,Moderate or heavy rain shower
564706,65.5,45.0,58.7,15.4,2.65,3.0,95,1.9,1,100,Moderate or heavy rain shower
564705,66.9,44.8,58.2,13.0,2.03,4.0,95,2.7,1,100,Moderate or heavy rain shower
564707,66.6,45.3,58.9,13.9,2.19,4.0,95,2.7,1,100,Moderate or heavy rain shower
566660,66.0,46.0,59.7,12.3,1.33,3.0,96,1.0,1,100,Moderate or heavy rain shower
564708,66.4,45.0,58.8,14.1,1.97,5.0,95,2.4,1,100,Moderate or heavy rain shower
566661,68.0,46.7,60.3,15.0,0.88,3.0,95,1.0,1,100,Moderate or heavy rain shower
566663,64.8,44.1,59.1,13.2,1.22,3.0,95,1.1,1,100,Moderate or heavy rain shower
566666,64.8,44.1,59.1,13.2,1.22,3.0,95,1.1,1,100,Moderate or heavy rain shower
566669,66.0,46.0,59.7,12.3,1.33,3.0,96,1.1,1,100,Moderate or heavy rain shower
566664,64.8,44.1,59.1,13.2,1.22,3.0,95,1.1,1,100,Moderate or heavy rain shower
566673,67.3,45.9,60.2,13.2,1.0,3.0,95,1.2,1,100,Moderate or heavy rain shower
566675,66.6,45.0,60.0,15.0,1.18,3.0,95,1.1,1,100,Moderate or heavy rain shower
566683,68.0,46.7,60.3,15.0,0.88,3.0,95,1.0,1,100,Moderate or heavy rain shower
566685,68.0,46.7,60.3,15.0,0.88,3.0,95,1.0,1,100,Moderate or heavy rain shower
566698,68.3,48.3,61.2,15.2,1.31,3.0,95,1.3,1,100,Moderate or heavy rain shower
566699,68.3,48.3,61.2,15.2,1.31,3.0,95,1.3,1,100,Moderate or heavy rain shower
566700,68.0,46.7,60.3,15.0,0.88,3.0,95,1.0,1,100,Moderate or heavy rain shower
566701,64.8,44.1,59.1,13.2,1.22,3.0,95,1.1,1,100,Moderate or heavy rain shower
566703,68.0,46.3,60.0,13.2,1.06,3.0,95,1.2,1,100,Moderate or heavy rain shower
566704,68.0,46.3,60.0,13.2,1.06,3.0,95,1.2,1,100,Moderate or heavy rain shower
566747,64.8,44.1,59.1,13.2,1.22,3.0,95,1.1,1,100,Moderate or heavy rain shower
566706,68.3,48.3,61.2,15.2,1.31,3.0,95,1.3,1,100,Moderate or heavy rain shower
566707,67.3,45.9,60.2,13.2,1.0,3.0,95,1.2,1,100,Moderate or heavy rain shower
564709,66.1,44.0,58.7,13.4,2.55,4.0,96,3.2,1,100,Moderate or heavy rain shower
564714,67.8,45.6,59.7,16.6,2.56,3.0,93,2.7,1,100,Moderate or heavy rain shower
566717,70.0,50.9,61.7,13.4,0.93,3.0,94,1.4,1,100,Moderate or heavy rain shower
569334,68.3,48.3,61.2,15.2,1.31,3.0,95,1.3,1,100,Moderate or heavy rain shower
566716,70.0,50.9,61.7,13.4,0.93,3.0,94,1.4,1,100,Moderate or heavy rain shower
564712,66.6,45.3,58.9,13.9,2.19,4.0,95,2.7,1,100,Moderate or heavy rain shower
564711,66.4,45.0,58.8,14.4,2.66,3.0,96,1.2,1,100,Moderate or heavy rain shower
564710,67.5,45.6,59.7,15.0,2.67,4.0,95,1.9,1,100,Moderate or heavy rain shower
564716,65.5,45.0,58.7,15.4,2.65,3.0,95,1.9,1,100,Moderate or heavy rain shower
564715,65.7,45.4,59.2,16.1,2.62,4.0,95,1.7,1,100,Moderate or heavy rain shower
564713,65.8,45.9,59.7,12.5,1.37,4.0,96,1.1,1,100,Moderate or heavy rain shower
569325,68.3,48.3,61.2,15.2,1.31,3.0,95,1.3,1,100,Moderate or heavy rain shower
569329,70.0,50.9,61.7,13.4,0.93,3.0,94,1.4,1,100,Moderate or heavy rain shower
564720,66.4,45.3,57.9,13.9,1.71,3.0,94,1.8,1,100,Moderate or heavy rain shower
564718,66.1,44.0,58.7,13.4,2.55,4.0,96,3.0,1,100,Moderate or heavy rain shower
564717,71.4,47.8,61.3,13.4,0.73,3.0,95,1.0,1,100,Moderate or heavy rain shower
564719,65.7,44.3,58.0,14.1,1.87,4.0,95,2.0,1,100,Moderate or heavy rain shower
564721,66.4,45.4,59.0,17.0,2.62,4.0,95,1.4,1,100,Moderate or heavy rain shower
566719,64.3,45.6,58.8,12.9,2.69,3.0,95,1.2,1,100,Moderate or heavy rain shower
566720,64.3,45.6,58.8,12.9,2.69,3.0,95,1.2,1,100,Moderate or heavy rain shower
566721,66.4,43.8,59.1,12.2,2.45,3.0,96,1.1,1,100,Moderate or heavy rain shower
566725,66.5,46.0,58.4,13.0,2.46,4.0,95,1.2,1,100,Moderate or heavy rain shower
566727,66.4,43.8,59.1,12.2,2.45,3.0,96,1.1,1,100,Moderate or heavy rain shower
566726,66.3,46.7,59.0,12.5,2.09,4.0,96,1.3,1,100,Moderate or heavy rain shower
558324,66.3,46.7,59.0,12.5,2.09,4.0,96,1.3,1,100,Moderate or heavy rain shower
569343,67.7,55.2,61.3,9.2,0.58,3.0,96,2.5,1,100,Moderate or heavy rain shower
569346,66.9,54.3,60.6,7.8,0.72,2.0,97,1.6,1,100,Moderate or heavy rain shower
569347,66.9,54.3,60.6,7.8,0.72,2.0,97,1.6,1,100,Moderate or heavy rain shower
564734,71.4,57.4,63.1,8.9,0.69,2.0,96,1.3,1,100,Moderate or heavy rain shower
569335,71.1,56.5,61.8,9.7,0.55,2.0,96,1.6,1,100,Moderate or heavy rain shower
569336,71.1,56.5,61.8,9.7,0.55,2.0,96,1.6,1,100,Moderate or heavy rain shower
569337,71.1,56.5,61.8,9.7,0.55,2.0,96,1.6,1,100,Moderate or heavy rain shower
569338,71.1,56.5,61.8,9.7,0.55,2.0,96,1.6,1,100,Moderate or heavy rain shower
565631,77.0,59.5,65.4,10.4,0.47,4.0,94,2.0,1,100,Moderate or heavy rain shower
570937,82.4,67.1,73.6,11.0,0.3,5.0,83,9.6,1,100,Moderate or heavy rain shower
570936,82.6,67.8,73.5,13.6,0.32,5.0,82,9.4,1,100,Moderate or heavy rain shower
582701,77.8,54.7,66.0,5.1,0.01,4.0,81,10.4,1,100,Patchy rain possible
575804,88.0,69.3,77.4,6.7,0.25,4.0,85,11.1,1,100,Moderate or heavy rain shower
575808,88.7,68.9,76.9,7.8,0.44,5.0,81,10.5,1,100,Moderate or heavy rain shower
579525,89.8,72.1,79.8,9.8,0.03,5.0,80,12.4,1,100,Moderate rain at times
576534,84.3,69.5,74.9,6.5,1.19,4.0,90,7.2,1,100,Patchy rain possible
576536,83.8,70.0,74.8,5.4,0.36,5.0,86,8.2,1,100,Moderate or heavy rain shower
576537,83.8,70.0,74.8,5.4,0.36,5.0,86,8.2,1,100,Moderate or heavy rain shower
576538,83.7,70.9,74.8,5.7,0.28,5.0,87,7.7,1,100,Moderate or heavy rain shower
579552,87.8,70.3,77.9,8.7,1.06,5.0,85,10.9,1,100,Moderate or heavy rain shower
579557,89.1,71.1,79.0,7.6,0.68,5.0,84,11.2,1,100,Moderate or heavy rain shower
579554,88.5,71.1,79.2,8.5,0.74,5.0,83,10.6,1,100,Heavy rain at times
574805,78.3,59.1,67.3,10.5,0.34,5.0,81,8.3,1,100,Moderate or heavy rain shower
583509,81.9,64.8,70.5,9.2,0.3,5.0,91,6.7,1,100,Moderate or heavy rain shower
583510,81.9,64.8,70.5,9.2,0.3,5.0,91,6.8,1,100,Moderate or heavy rain shower
583512,82.4,63.5,70.3,9.6,0.4,5.0,89,6.4,1,100,Moderate or heavy rain shower
583635,79.3,67.6,72.2,6.7,1.03,5.0,93,5.4,1,100,Moderate or heavy rain shower
583637,78.4,67.1,71.1,6.9,0.67,5.0,96,5.3,1,100,Moderate or heavy rain shower
583638,78.4,67.1,71.1,6.9,0.67,5.0,96,5.3,1,100,Moderate or heavy rain shower
583639,78.4,67.1,71.1,6.9,0.67,5.0,96,5.3,1,100,Moderate or heavy rain shower
583526,75.2,64.9,69.5,5.1,0.7,5.0,95,4.6,1,100,Moderate or heavy rain shower
583569,74.2,63.1,68.6,6.9,0.51,4.0,94,6.3,1,100,Moderate or heavy rain shower
583547,77.1,63.7,69.4,5.4,0.64,4.0,97,3.5,1,100,Moderate or heavy rain shower
583553,75.6,66.6,69.7,7.6,0.96,4.0,97,2.8,1,100,Moderate or heavy rain shower
583640,76.9,66.2,71.3,8.7,0.75,4.0,96,3.5,1,100,Moderate or heavy rain shower
583556,75.6,66.6,69.7,7.6,0.96,4.0,97,2.8,1,100,Moderate or heavy rain shower
583559,77.1,63.7,69.4,5.4,0.64,4.0,97,3.5,1,100,Moderate or heavy rain shower
583560,76.1,64.3,69.0,4.7,0.65,4.0,96,3.7,1,100,Moderate or heavy rain shower
583641,78.8,66.8,72.4,9.2,0.69,3.0,93,5.8,1,100,Moderate or heavy rain shower
583642,79.3,67.5,72.6,9.2,0.84,3.0,93,5.0,1,100,Moderate or heavy rain shower
583643,76.1,65.4,69.3,5.1,0.63,3.0,97,3.5,1,100,Moderate or heavy rain shower
588933,79.7,66.9,72.8,9.4,0.69,5.0,89,6.8,1,100,Moderate or heavy rain shower
583644,76.4,64.4,69.6,4.7,0.63,3.0,97,3.7,1,100,Moderate or heavy rain shower
583645,77.0,66.3,70.4,5.6,0.45,4.0,96,3.5,1,100,Moderate or heavy rain shower
583646,77.7,65.7,71.4,8.5,0.42,3.0,95,4.4,1,100,Moderate or heavy rain shower
583647,77.7,65.7,71.4,8.5,0.42,3.0,95,4.4,1,100,Moderate or heavy rain shower
575665,75.7,63.7,68.6,4.7,0.98,4.0,96,2.8,1,100,Moderate or heavy rain shower
588935,78.6,66.4,72.6,7.4,0.56,4.0,89,9.5,1,100,Moderate or heavy rain shower
585376,75.7,64.8,71.1,6.7,0.52,2.0,94,5.9,1,100,Moderate or heavy rain shower
585379,78.6,65.7,72.3,8.9,0.55,3.0,92,8.8,1,100,Moderate or heavy rain shower
583564,75.6,66.6,69.7,7.6,0.96,4.0,97,2.9,1,100,Moderate or heavy rain shower
583834,79.0,66.7,71.5,6.5,0.16,5.0,91,5.6,1,100,Moderate rain at times
583839,74.3,63.6,67.4,4.0,0.91,4.0,96,3.1,1,100,Moderate or heavy rain shower
581228,81.3,67.1,73.1,3.8,0.34,4.0,88,10.7,1,100,Patchy rain possible
581230,81.3,67.1,73.1,3.8,0.34,4.0,88,10.7,1,100,Patchy rain possible
581231,81.3,67.1,73.1,3.8,0.34,4.0,88,10.7,1,100,Patchy rain possible
581232,81.3,67.1,73.1,3.8,0.34,4.0,88,10.7,1,100,Patchy rain possible
581233,79.3,66.4,71.7,3.8,0.34,4.0,91,7.2,1,100,Moderate rain at times
581235,79.3,66.4,71.7,3.8,0.34,4.0,91,7.2,1,100,Moderate rain at times
581236,79.3,66.4,71.7,3.8,0.34,4.0,91,7.2,1,100,Moderate rain at times
581238,79.3,66.4,71.7,3.8,0.34,4.0,91,7.2,1,100,Moderate rain at times
581239,79.3,66.4,71.7,3.8,0.34,4.0,91,7.2,1,100,Moderate rain at times
583840,78.6,65.4,69.9,4.4,0.5,3.0,95,5.0,1,100,Moderate or heavy rain shower
583841,74.8,62.4,67.1,3.7,0.91,4.0,97,3.1,1,100,Moderate or heavy rain shower
583842,75.3,65.1,69.2,4.3,0.43,5.0,94,7.4,1,100,Moderate or heavy rain shower
583849,76.3,65.1,69.4,3.8,0.43,5.0,95,7.4,1,100,Moderate or heavy rain shower
588613,80.1,72.6,76.3,10.7,0.7,5.0,89,5.9,1,100,Moderate or heavy rain shower
597503,84.9,68.2,76.0,8.9,0.4,5.0,85,10.9,1,100,Moderate rain at times
583853,84.9,68.2,76.0,8.9,0.4,5.0,85,10.9,1,100,Moderate rain at times
597505,85.1,68.4,75.9,9.4,0.36,4.0,86,10.7,1,100,Patchy rain possible
587368,85.6,71.8,77.4,10.1,0.42,4.0,86,8.3,1,100,Moderate or heavy rain shower
577453,81.7,68.2,73.7,7.6,0.74,5.0,90,3.6,1,100,Moderate or heavy rain shower
581785,84.3,67.1,75.9,7.2,0.66,5.0,88,10.3,1,100,Moderate or heavy rain shower
581787,87.7,68.7,77.3,7.2,0.07,3.0,85,10.0,1,100,Patchy rain possible
581788,86.6,70.2,77.3,7.2,0.08,4.0,85,11.4,1,100,Patchy rain possible
581789,86.1,70.9,77.9,7.2,0.12,4.0,86,11.7,1,100,Moderate rain at times
581791,87.4,69.8,77.7,7.4,0.07,4.0,85,10.7,1,100,Patchy rain possible
581793,86.6,70.2,77.3,7.2,0.08,4.0,85,11.4,1,100,Patchy rain possible
581797,87.4,69.8,77.7,7.4,0.07,4.0,85,10.7,1,100,Patchy rain possible
581799,86.6,70.2,77.3,7.2,0.08,4.0,85,11.4,1,100,Patchy rain possible
581801,86.6,70.2,77.3,7.2,0.08,4.0,85,11.4,1,100,Patchy rain possible
581802,87.4,69.8,77.7,7.4,0.07,4.0,85,10.7,1,100,Patchy rain possible
581805,87.4,69.8,77.7,7.4,0.07,4.0,85,10.7,1,100,Patchy rain possible
581809,84.6,68.9,76.4,7.2,0.24,5.0,87,11.1,1,100,Heavy rain at times
581811,86.1,70.9,77.9,7.2,0.12,4.0,86,11.7,1,100,Moderate rain at times
581812,87.9,70.2,78.0,7.4,0.07,4.0,85,11.0,1,100,Patchy rain possible
581815,87.4,69.8,77.7,7.4,0.07,4.0,85,10.7,1,100,Patchy rain possible
581828,84.6,67.1,75.5,8.5,0.45,4.0,88,12.1,1,100,Moderate or heavy rain shower
581848,84.9,66.6,75.5,8.9,0.4,4.0,85,11.7,1,100,Moderate or heavy rain shower
584088,86.7,68.2,76.3,7.0,0.0,3.0,89,6.6,1,100,Patchy rain possible
584252,87.9,70.2,79.3,9.0,0.0,4.0,85,11.7,0,0,Partly cloudy
584256,86.4,69.8,77.5,8.2,0.02,3.0,88,9.2,1,100,Patchy rain possible
584089,85.6,68.0,75.9,6.9,0.01,4.0,87,9.8,1,100,Patchy rain possible
584092,87.1,67.6,76.7,8.1,0.03,5.0,87,9.5,1,100,Patchy rain possible
584095,86.2,69.3,76.6,7.4,0.03,4.0,87,8.4,1,100,Patchy rain possible
584091,87.1,67.6,76.7,8.1,0.03,5.0,87,9.5,1,100,Patchy rain possible
597534,87.1,67.6,76.7,8.1,0.03,5.0,87,9.5,1,100,Patchy rain possible
584300,88.4,69.7,77.5,9.8,1.68,5.0,82,10.0,1,100,Moderate or heavy rain shower
584304,88.9,71.2,78.4,13.4,1.33,4.0,81,10.1,1,100,Moderate or heavy rain shower
584310,88.9,69.1,78.1,11.9,1.77,5.0,81,10.6,1,100,Moderate or heavy rain shower
584312,88.9,69.1,78.1,11.9,1.77,5.0,81,10.6,1,100,Moderate or heavy rain shower
590159,88.9,69.1,78.1,11.9,1.77,5.0,81,10.6,1,100,Moderate or heavy rain shower
584319,89.1,70.4,78.3,10.1,0.87,5.0,82,10.0,1,100,Moderate or heavy rain shower
584322,88.9,69.1,78.1,11.9,1.77,5.0,81,10.6,1,100,Moderate or heavy rain shower
590165,88.9,69.1,78.1,11.9,1.77,5.0,81,10.6,1,100,Moderate or heavy rain shower
584998,90.5,70.7,79.3,11.9,0.26,5.0,81,10.0,1,100,Heavy rain at times
584999,89.0,70.6,78.7,9.6,0.91,5.0,82,10.6,1,100,Moderate or heavy rain shower
585000,91.9,71.0,79.8,12.1,0.09,5.0,80,10.4,1,100,Moderate rain at times
585004,90.3,70.6,79.1,11.0,0.26,5.0,81,11.1,1,100,Heavy rain at times
585007,90.7,71.4,79.2,9.6,0.09,5.0,81,11.7,1,100,Moderate rain at times
585011,90.0,71.7,79.5,9.4,0.05,5.0,84,11.9,1,100,Patchy rain possible
585012,85.5,70.6,77.2,11.0,0.98,5.0,87,10.0,1,100,Moderate or heavy rain shower
586021,84.3,69.3,75.9,14.1,0.43,5.0,87,8.0,1,100,Moderate or heavy rain shower
585013,86.5,70.7,77.6,10.1,0.73,5.0,87,10.9,1,100,Moderate or heavy rain shower
585015,87.1,70.5,77.7,10.7,0.84,5.0,85,11.3,1,100,Moderate or heavy rain shower
586023,82.9,69.8,76.0,10.1,0.09,4.0,91,10.3,1,100,Moderate rain at times
586024,83.8,69.7,75.5,11.0,0.3,4.0,90,12.7,1,100,Moderate or heavy rain shower
597536,83.8,69.7,75.5,11.0,0.3,4.0,90,12.7,1,100,Moderate or heavy rain shower
586025,85.8,69.2,76.6,11.6,0.51,5.0,91,10.0,1,100,Moderate or heavy rain shower
586031,85.1,73.1,77.9,11.0,0.15,5.0,86,11.0,1,100,Heavy rain at times
586026,85.5,69.4,76.2,11.6,0.09,4.0,89,11.8,1,100,Moderate rain at times
586027,85.5,69.4,76.2,11.6,0.09,4.0,89,11.9,1,100,Moderate rain at times
579090,85.1,69.1,75.8,13.2,0.72,5.0,88,8.4,1,100,Moderate rain at times
579074,84.9,69.2,75.8,13.2,0.42,5.0,87,9.2,1,100,Patchy rain possible
586106,85.5,68.4,75.9,13.0,0.78,4.0,89,8.8,1,100,Moderate or heavy rain shower
586028,85.0,67.8,75.2,14.3,0.77,5.0,87,7.5,1,100,Moderate or heavy rain shower
586029,85.0,67.8,75.2,14.3,0.77,5.0,87,7.5,1,100,Moderate or heavy rain shower
586032,84.3,69.3,75.9,14.1,0.43,5.0,87,8.0,1,100,Moderate or heavy rain shower
586033,85.5,68.4,75.9,13.0,0.78,4.0,89,8.8,1,100,Moderate or heavy rain shower
586034,85.0,67.8,75.2,14.3,0.77,5.0,87,7.5,1,100,Moderate or heavy rain shower
586035,85.1,68.8,75.5,15.2,0.53,5.0,86,7.1,1,100,Moderate or heavy rain shower
586036,85.0,67.8,75.2,14.3,0.77,5.0,87,7.5,1,100,Moderate or heavy rain shower
586038,84.3,69.3,75.9,14.1,0.43,5.0,87,8.0,1,100,Moderate or heavy rain shower
586039,85.1,68.8,75.5,15.2,0.53,5.0,86,7.1,1,100,Moderate or heavy rain shower
586144,86.2,72.7,78.0,11.6,0.02,5.0,86,11.9,1,100,Patchy rain possible
586040,85.5,68.3,75.4,13.9,0.67,4.0,88,7.9,1,100,Moderate or heavy rain shower
586041,85.4,68.8,75.8,12.3,0.72,5.0,91,8.6,1,100,Moderate or heavy rain shower
586115,85.5,68.3,75.4,13.9,0.67,4.0,88,7.9,1,100,Moderate or heavy rain shower
586131,85.4,68.8,75.8,12.3,0.72,5.0,91,8.6,1,100,Moderate or heavy rain shower
586110,85.1,70.2,76.4,10.8,0.27,5.0,89,9.9,1,100,Moderate or heavy rain shower
586116,84.1,67.8,74.3,13.6,0.68,5.0,89,7.7,1,100,Moderate or heavy rain shower
586111,85.0,67.8,75.2,14.3,0.77,5.0,87,7.5,1,100,Moderate or heavy rain shower
586113,85.5,68.3,75.4,13.9,0.67,4.0,88,7.9,1,100,Moderate or heavy rain shower
586139,85.5,69.4,76.2,11.6,0.09,4.0,89,11.8,1,100,Moderate rain at times
586130,85.9,68.4,75.6,14.5,0.46,5.0,86,6.8,1,100,Moderate rain at times
586129,85.9,68.4,75.6,14.5,0.46,5.0,86,6.8,1,100,Moderate rain at times
586138,85.5,69.4,76.2,11.6,0.09,4.0,89,11.8,1,100,Moderate rain at times
586133,85.5,68.3,75.4,13.9,0.67,4.0,88,7.9,1,100,Moderate or heavy rain shower
586136,85.5,68.3,75.4,13.9,0.67,4.0,88,7.9,1,100,Moderate or heavy rain shower
586141,85.0,71.4,76.8,11.2,0.15,5.0,86,12.1,1,100,Heavy rain at times
586135,85.8,69.2,76.6,11.6,0.51,5.0,91,10.0,1,100,Moderate or heavy rain shower
586346,90.3,68.9,79.0,7.8,0.23,5.0,77,11.2,1,100,Patchy rain possible
586347,90.3,69.8,79.5,7.4,0.17,5.0,78,11.3,1,100,Moderate rain at times
586349,90.3,68.9,79.0,7.8,0.23,5.0,77,11.2,1,100,Patchy rain possible
594151,90.9,68.5,79.3,7.4,0.1,5.0,78,11.4,1,100,Moderate rain at times
586352,90.3,68.9,79.0,7.8,0.23,5.0,77,11.2,1,100,Patchy rain possible
586353,90.3,68.9,79.0,7.8,0.23,5.0,77,11.1,1,100,Patchy rain possible
579915,90.8,69.9,79.4,7.2,0.62,5.0,77,10.6,1,100,Patchy rain possible
597537,91.8,71.3,80.0,6.5,0.14,5.0,80,12.1,1,100,Moderate or heavy rain shower
589644,91.9,72.6,80.6,6.9,0.35,4.0,80,10.8,1,100,Moderate or heavy rain shower
586365,87.3,71.1,77.3,7.4,0.5,5.0,83,10.6,1,100,Moderate or heavy rain shower
587358,94.3,75.0,84.2,5.6,0.01,5.0,76,11.9,1,100,Patchy rain possible
587357,94.3,75.0,84.2,5.6,0.01,5.0,76,11.9,1,100,Patchy rain possible
585312,92.7,70.1,80.6,5.1,0.43,5.0,75,11.2,1,100,Moderate or heavy rain shower
585307,92.7,70.1,80.6,5.1,0.43,5.0,75,11.2,1,100,Moderate or heavy rain shower
586776,92.7,64.2,76.8,11.6,0.02,6.0,58,11.2,1,100,Moderate rain at times
586777,91.9,63.3,76.8,11.2,0.03,6.0,57,11.3,1,100,Moderate rain at times
586778,92.1,63.4,76.8,11.4,0.03,6.0,57,11.3,1,100,Moderate rain at times
586779,91.9,63.3,76.8,11.2,0.03,6.0,57,11.3,1,100,Moderate rain at times
586780,91.9,63.3,76.8,11.2,0.03,6.0,57,11.3,1,100,Moderate rain at times
587078,92.1,63.7,76.7,11.2,0.05,6.0,57,11.3,1,100,Heavy rain at times
586806,87.8,67.5,76.1,4.3,0.35,6.0,79,11.6,1,100,Moderate or heavy rain shower
593426,84.7,65.2,75.4,11.9,0.87,5.0,80,7.4,1,100,Moderate or heavy rain shower
609266,64.9,58.0,63.6,14.7,0.71,4.0,94,0.2,1,100,Moderate or heavy rain shower
609268,65.7,58.8,63.8,14.8,0.69,3.0,94,0.2,1,100,Moderate or heavy rain shower
609270,64.6,55.5,63.1,17.2,0.81,4.0,94,0.1,1,100,Moderate or heavy rain shower
609271,66.0,60.1,64.3,17.8,0.73,5.0,90,0.1,1,100,Moderate or heavy rain shower
606262,65.3,62.3,63.8,15.0,0.49,4.0,94,0.1,1,100,Moderate or heavy rain shower
607256,60.6,52.9,56.2,5.1,0.86,2.0,98,0.1,1,100,Moderate or heavy rain shower
607257,60.6,52.9,56.2,5.1,0.86,2.0,98,0.1,1,100,Moderate or heavy rain shower
607258,60.6,52.9,56.2,5.1,0.86,2.0,98,0.1,1,100,Moderate or heavy rain shower
612489,62.8,54.7,58.6,6.5,1.44,2.0,98,0.1,1,100,Moderate or heavy rain shower
612490,63.5,57.0,60.4,7.4,1.51,2.0,99,0.1,1,100,Moderate or heavy rain shower
609541,59.2,45.9,51.3,15.5,1.44,5.0,81,0.3,1,100,Moderate or heavy rain shower
609543,59.2,45.9,51.3,15.5,1.44,5.0,81,0.2,1,100,Moderate or heavy rain shower
609539,60.7,46.8,54.1,15.4,1.14,5.0,80,0.3,1,100,Moderate or heavy rain shower
610037,62.8,36.6,49.9,15.5,0.49,5.0,86,1.0,1,100,Heavy rain at times
614625,60.8,41.8,55.6,17.2,1.26,5.0,91,0.5,1,100,Moderate or heavy rain shower
610050,61.6,41.0,55.5,15.7,1.08,5.0,90,0.5,1,100,Moderate or heavy rain shower
610051,63.1,44.7,55.5,16.1,1.13,5.0,91,0.5,1,100,Moderate or heavy rain shower
620472,64.4,59.2,61.8,15.7,1.44,4.0,94,0.6,1,100,Moderate or heavy rain shower
620474,63.1,60.1,61.7,15.1,1.99,3.0,94,0.6,1,100,Moderate or heavy rain shower
620964,61.7,59.4,60.3,12.8,1.4,3.0,96,0.7,1,100,Moderate or heavy rain shower
625665,77.4,64.2,69.1,12.2,1.18,4.0,85,4.0,1,100,Moderate or heavy rain shower
625670,77.3,63.5,68.7,13.9,1.24,5.0,85,4.0,1,100,Moderate or heavy rain shower
625677,76.9,62.8,68.8,11.4,1.24,4.0,86,4.8,1,100,Moderate or heavy rain shower
629182,74.7,59.1,65.8,8.1,0.65,4.0,91,6.6,1,100,Moderate or heavy rain shower
623516,74.7,59.1,65.8,8.1,0.65,4.0,91,6.6,1,100,Moderate or heavy rain shower
622483,75.2,58.3,65.4,6.7,0.26,5.0,87,8.2,1,100,Moderate rain at times
622238,77.2,60.3,66.3,7.2,0.64,5.0,88,7.0,1,100,Moderate or heavy rain shower
623717,74.5,56.1,64.1,8.1,0.83,3.0,92,2.5,1,100,Moderate or heavy rain shower
623718,73.8,54.7,63.6,8.3,0.94,2.0,90,3.2,1,100,Moderate or heavy rain shower
623719,74.0,56.2,64.4,7.4,0.96,3.0,91,5.1,1,100,Moderate or heavy rain shower
630331,74.1,61.9,67.3,15.7,0.87,4.0,91,3.7,1,100,Moderate or heavy rain shower
626571,74.1,61.3,66.2,12.8,0.94,5.0,87,5.1,1,100,Moderate or heavy rain shower
627331,76.8,60.0,67.8,12.7,0.06,6.0,77,8.7,1,100,Heavy rain at times
626615,83.7,63.9,72.0,8.1,0.77,5.0,87,5.4,1,100,Moderate or heavy rain shower
632950,83.7,63.9,72.0,8.1,0.77,5.0,87,5.4,1,100,Moderate or heavy rain shower
626616,83.7,63.9,72.0,8.1,0.77,5.0,87,5.4,1,100,Moderate or heavy rain shower
626617,83.7,63.9,72.0,8.1,0.77,5.0,87,5.4,1,100,Moderate or heavy rain shower
626618,83.5,63.5,71.6,7.2,2.0,4.0,88,6.5,1,100,Moderate or heavy rain shower
626619,84.2,63.3,71.6,7.6,1.17,5.0,88,5.7,1,100,Moderate or heavy rain shower
626620,83.5,63.5,71.6,7.2,2.0,4.0,88,6.5,1,100,Moderate or heavy rain shower
624496,77.7,61.0,67.2,7.5,0.67,3.0,88,5.4,1,100,Moderate or heavy rain shower
626622,79.1,63.2,70.4,7.2,0.13,5.0,94,10.6,1,100,Heavy rain at times
626623,78.5,63.5,70.5,7.9,0.15,2.0,94,10.3,1,100,Heavy rain at times
630213,80.4,66.9,72.3,9.8,0.08,5.0,92,4.1,1,100,Heavy rain at times
630215,80.0,65.1,73.0,8.7,0.04,5.0,93,4.7,1,100,Moderate rain at times
626624,78.2,63.6,70.1,6.3,0.17,2.0,95,9.3,1,100,Moderate or heavy rain shower
626625,77.6,64.0,70.1,6.9,0.14,5.0,94,10.8,1,100,Patchy rain possible
626626,77.6,64.0,70.1,6.9,0.14,5.0,94,10.8,1,100,Patchy rain possible
630217,79.0,66.3,72.5,9.4,0.08,6.0,92,6.2,1,100,Heavy rain at times
626627,77.9,63.7,70.1,6.3,0.2,2.0,94,10.0,1,100,Moderate or heavy rain shower
626628,79.1,63.2,70.4,7.2,0.13,5.0,94,10.6,1,100,Heavy rain at times
627128,79.1,62.4,70.1,4.5,0.14,6.0,87,11.3,1,100,Moderate rain at times
626629,77.9,63.7,70.1,6.3,0.2,2.0,94,10.0,1,100,Moderate or heavy rain shower
627685,86.5,68.4,75.7,6.3,0.19,5.0,78,11.4,1,100,Moderate or heavy rain shower
627686,86.0,67.1,75.0,6.2,0.05,5.0,74,11.1,1,100,Moderate rain at times
627687,86.9,67.0,75.0,6.7,0.02,5.0,70,10.6,1,100,Patchy rain possible
627690,84.2,64.6,74.0,3.6,0.01,4.0,82,10.0,1,100,Patchy rain possible
627689,84.2,64.6,74.0,3.6,0.01,4.0,82,10.0,1,100,Patchy rain possible
627688,84.2,64.6,74.0,3.6,0.01,4.0,82,10.0,1,100,Patchy rain possible
632683,91.3,66.6,78.6,5.5,0.06,5.0,74,11.5,1,100,Heavy rain at times
632140,86.5,72.1,79.1,9.8,0.09,5.0,84,12.2,1,100,Heavy rain at times
632110,83.8,67.5,74.0,9.2,0.37,4.0,86,8.3,1,100,Moderate or heavy rain shower
632112,83.1,64.8,73.1,10.5,0.19,5.0,83,12.1,1,100,Moderate or heavy rain shower
632105,83.1,64.8,73.1,10.5,0.19,5.0,83,12.1,1,100,Moderate or heavy rain shower
632116,82.9,67.6,75.6,7.6,0.04,5.0,84,9.5,1,100,Patchy rain possible
633825,85.4,67.8,78.4,13.2,0.75,4.0,89,5.4,1,100,Moderate or heavy rain shower
638248,88.2,70.4,75.6,11.9,1.83,3.0,91,6.9,1,100,Moderate or heavy rain shower
633826,85.4,67.8,78.4,13.2,0.75,4.0,89,5.4,1,100,Moderate or heavy rain shower
633828,85.4,67.8,78.4,13.2,0.75,4.0,89,5.4,1,100,Moderate or heavy rain shower
633827,85.4,67.8,78.4,13.2,0.75,4.0,89,5.4,1,100,Moderate or heavy rain shower
638279,88.2,70.4,75.6,11.9,1.83,3.0,91,6.9,1,100,Moderate or heavy rain shower
634135,84.6,67.5,74.2,5.4,0.25,5.0,89,11.9,1,100,Moderate or heavy rain shower
642486,89.1,66.4,78.2,11.9,0.09,5.0,78,13.2,1,100,Heavy rain at times
642488,89.1,67.9,77.8,8.7,0.07,5.0,79,13.0,1,100,Moderate rain at times
642490,88.3,66.0,77.7,9.6,0.09,6.0,77,13.2,1,100,Moderate or heavy rain shower
642493,88.7,66.6,77.2,8.9,0.04,5.0,78,13.1,1,100,Patchy rain possible
642495,81.4,71.1,75.7,10.5,0.52,5.0,91,8.5,1,100,Moderate or heavy rain shower
642180,84.9,71.1,76.8,6.5,0.22,5.0,89,7.9,1,100,Moderate or heavy rain shower
645195,86.4,73.6,78.2,12.5,0.45,3.0,91,4.4,1,100,Moderate or heavy rain shower
645330,87.6,73.6,78.1,11.0,0.83,3.0,90,5.5,1,100,Moderate or heavy rain shower
642181,85.3,72.9,78.0,9.8,0.2,3.0,89,4.7,1,100,Moderate rain at times
645432,85.6,73.4,78.0,10.5,0.29,3.0,91,5.0,1,100,Moderate or heavy rain shower
645435,87.3,73.4,78.3,12.5,0.54,5.0,90,7.0,1,100,Moderate or heavy rain shower
642182,85.3,72.9,78.0,9.8,0.2,3.0,89,4.6,1,100,Moderate rain at times
642183,85.3,72.9,78.0,9.8,0.2,3.0,89,4.6,1,100,Moderate rain at times
642184,85.4,72.5,77.6,9.4,0.19,3.0,89,4.6,1,100,Moderate rain at times
642185,85.8,72.3,77.4,8.7,0.38,3.0,90,5.2,1,100,Moderate or heavy rain shower
646563,86.7,73.6,78.2,10.3,0.74,3.0,91,4.9,1,100,Moderate or heavy rain shower
646564,85.8,73.2,78.2,9.6,0.66,2.0,91,3.5,1,100,Moderate or heavy rain shower
645394,87.4,74.5,78.4,10.1,0.55,3.0,91,6.5,1,100,Moderate or heavy rain shower
646565,90.3,72.1,79.3,9.6,1.37,4.0,85,10.2,1,100,Moderate rain at times
646566,91.3,73.0,80.5,11.9,1.63,5.0,83,10.4,1,100,Moderate rain at times
646568,90.3,73.0,80.6,12.3,1.18,5.0,83,10.1,1,100,Patchy rain possible
642186,89.2,71.6,78.9,8.1,0.91,3.0,86,9.2,1,100,Patchy rain possible
647420,89.6,71.6,79.7,12.5,0.4,5.0,85,10.7,1,100,Cloudy
642187,88.2,72.0,78.5,8.4,0.77,4.0,88,10.2,1,100,Patchy rain possible
646583,90.4,73.8,81.0,11.9,0.78,5.0,82,11.5,1,100,Patchy rain possible
642188,88.2,72.0,78.5,8.4,0.77,4.0,88,10.2,1,100,Patchy rain possible
642189,87.6,70.5,78.0,8.7,0.7,3.0,88,7.5,1,100,Patchy rain possible
646591,91.3,72.1,80.0,11.4,1.52,5.0,83,9.7,1,100,Heavy rain at times
642190,88.2,72.0,78.5,8.4,0.77,4.0,88,10.2,1,100,Patchy rain possible
642191,88.2,72.0,78.5,8.4,0.77,4.0,88,10.2,1,100,Patchy rain possible
637123,81.1,72.0,75.3,11.6,0.69,5.0,93,5.7,1,100,Moderate or heavy rain shower
637124,83.7,71.6,76.0,11.4,0.63,5.0,91,6.9,1,100,Moderate or heavy rain shower
637125,81.4,72.3,75.8,13.2,0.54,4.0,90,4.6,1,100,Moderate or heavy rain shower
634805,81.8,71.1,74.9,11.4,0.29,4.0,95,5.3,1,100,Moderate or heavy rain shower
634806,84.0,71.1,77.0,11.9,0.41,5.0,91,6.8,1,100,Moderate or heavy rain shower
634811,83.1,66.4,73.9,10.3,0.57,4.0,93,5.7,1,100,Moderate or heavy rain shower
634810,84.5,69.4,75.3,9.4,0.49,5.0,95,6.7,1,100,Moderate or heavy rain shower
646745,90.9,75.4,81.0,11.2,0.06,5.0,85,11.9,1,100,Moderate rain at times
646749,90.3,75.6,81.1,10.1,0.16,5.0,86,9.6,1,100,Heavy rain at times
634809,84.5,69.4,75.3,9.4,0.49,5.0,95,6.7,1,100,Moderate or heavy rain shower
646761,88.0,70.3,78.4,13.6,0.11,4.0,85,11.7,1,100,Heavy rain at times
646758,86.8,70.5,78.4,12.3,0.02,4.0,84,12.3,1,100,Patchy rain possible
646763,86.8,70.5,78.4,12.3,0.02,4.0,84,12.3,1,100,Patchy rain possible
642090,90.1,72.1,81.1,6.5,0.02,5.0,80,7.6,1,100,Patchy rain possible
642092,90.1,72.1,81.1,6.5,0.02,5.0,80,7.6,1,100,Patchy rain possible
646788,87.2,73.3,80.4,6.9,0.15,5.0,77,6.0,1,100,Moderate or heavy rain shower
642097,87.5,73.4,80.6,6.7,0.08,5.0,77,6.4,1,100,Heavy rain at times
642095,87.1,71.8,78.8,6.3,0.02,5.0,78,6.5,1,100,Patchy rain possible
642098,87.5,73.4,80.6,6.7,0.08,5.0,77,6.4,1,100,Heavy rain at times
642450,88.2,70.9,79.2,6.2,0.43,5.0,76,8.9,1,100,Moderate or heavy rain shower
642451,90.8,71.2,79.4,6.0,0.46,5.0,78,7.6,1,100,Moderate or heavy rain shower
642453,90.8,71.2,79.4,6.0,0.46,5.0,78,7.5,1,100,Moderate or heavy rain shower
642105,78.3,71.3,74.0,4.1,2.22,4.0,95,4.4,1,100,Moderate or heavy rain shower
642210,78.3,71.3,74.0,4.1,2.22,4.0,95,4.4,1,100,Moderate or heavy rain shower
642106,76.6,70.5,73.3,4.3,2.82,4.0,96,4.8,1,100,Moderate or heavy rain shower
642661,81.5,70.8,75.2,4.7,0.82,4.0,89,6.2,1,100,Moderate or heavy rain shower
642107,75.0,70.0,72.6,4.9,2.66,4.0,97,4.4,1,100,Moderate or heavy rain shower
642458,75.7,69.5,72.5,5.1,2.28,5.0,97,4.6,1,100,Moderate or heavy rain shower
642454,76.4,67.9,72.1,5.4,2.23,4.0,97,5.4,1,100,Moderate or heavy rain shower
646931,85.3,71.6,77.2,7.6,0.11,4.0,88,11.0,1,100,Heavy rain at times
642464,83.3,68.0,73.8,6.3,0.3,5.0,90,7.4,1,100,Moderate or heavy rain shower
642109,83.3,68.4,73.9,6.5,0.47,3.0,91,5.6,1,100,Moderate or heavy rain shower
641513,83.0,69.1,75.6,3.6,0.28,4.0,89,9.8,1,100,Moderate or heavy rain shower
641514,83.0,69.1,75.6,3.6,0.28,4.0,89,9.8,1,100,Moderate or heavy rain shower
650390,90.3,72.2,79.6,7.6,0.45,4.0,82,12.3,1,100,Moderate or heavy rain shower
654133,91.4,73.0,79.8,8.1,0.56,4.0,80,10.7,1,100,Moderate or heavy rain shower
650392,90.7,72.9,80.0,7.6,0.61,5.0,81,10.3,1,100,Moderate or heavy rain shower
642192,85.6,66.9,75.5,4.9,0.24,5.0,86,11.5,1,100,Moderate or heavy rain shower
640987,84.7,69.7,76.6,5.1,0.31,5.0,79,10.7,1,100,Moderate or heavy rain shower
641166,84.7,69.7,76.6,5.1,0.31,5.0,79,10.7,1,100,Moderate or heavy rain shower
642194,85.6,66.9,75.5,4.9,0.24,5.0,86,11.5,1,100,Moderate or heavy rain shower
642195,85.6,66.9,75.5,4.9,0.24,5.0,86,11.5,1,100,Moderate or heavy rain shower
642478,86.7,70.0,76.8,7.6,0.22,4.0,79,9.5,1,100,Patchy rain possible
642482,86.4,68.4,77.0,4.5,0.08,4.0,84,11.8,1,100,Heavy rain at times
642483,87.1,67.6,76.1,4.7,0.17,4.0,84,11.7,1,100,Moderate or heavy rain shower
652342,90.1,69.2,79.2,6.3,0.58,4.0,82,12.1,1,100,Moderate or heavy rain shower
652348,92.1,72.7,81.7,5.4,0.14,4.0,83,11.7,1,100,Moderate or heavy rain shower
652346,92.8,74.3,82.3,5.8,0.19,5.0,81,12.0,1,100,Moderate or heavy rain shower
654136,86.9,74.3,79.4,5.0,0.14,4.0,81,12.0,1,100,Moderate or heavy rain shower
642489,84.9,68.3,75.9,4.7,0.09,5.0,84,11.0,1,100,Moderate rain at times
642487,86.0,67.2,75.7,4.9,0.07,5.0,82,10.9,1,100,Moderate rain at times
654082,76.3,68.9,72.5,5.4,0.06,3.0,96,2.4,1,100,Patchy rain possible
654084,77.5,68.0,72.6,5.8,0.02,3.0,94,3.5,1,100,Overcast
654089,79.2,71.0,73.7,6.7,0.26,4.0,93,4.2,1,100,Heavy rain at times
645405,79.9,69.3,74.1,5.1,0.48,3.0,94,4.0,1,100,Moderate or heavy rain shower
643572,82.9,70.0,75.2,5.1,0.63,4.0,92,3.8,1,100,Moderate or heavy rain shower
647034,89.5,69.4,77.8,4.8,0.18,4.0,77,9.6,1,100,Moderate or heavy rain shower
649187,88.4,72.0,79.5,5.1,0.19,5.0,83,9.0,1,100,Moderate or heavy rain shower
649188,88.4,72.0,79.5,5.1,0.19,5.0,83,9.0,1,100,Moderate or heavy rain shower
649190,90.5,71.6,79.3,4.9,0.15,5.0,83,8.7,1,100,Moderate or heavy rain shower
649191,88.4,72.0,79.5,5.1,0.19,5.0,83,9.0,1,100,Moderate or heavy rain shower
649193,90.5,71.6,79.3,4.9,0.15,5.0,83,8.7,1,100,Moderate or heavy rain shower
649196,90.5,71.6,79.3,4.9,0.15,5.0,83,8.7,1,100,Moderate or heavy rain shower
650357,77.9,66.3,70.2,5.1,0.93,4.0,92,1.9,1,100,Moderate or heavy rain shower
650359,77.9,66.3,70.2,5.1,0.93,4.0,92,1.9,1,100,Moderate or heavy rain shower
658206,77.7,67.1,70.4,5.6,0.15,4.0,91,1.5,1,100,Moderate rain at times
658207,77.0,66.9,70.4,4.9,0.15,4.0,91,1.5,1,100,Heavy rain at times
676345,65.1,41.7,57.3,16.8,0.8,4.0,87,0.7,1,100,Moderate or heavy rain shower
676346,65.1,41.7,57.3,16.8,0.8,4.0,87,0.7,1,100,Moderate or heavy rain shower
676349,64.8,41.5,56.8,18.3,0.73,4.0,87,0.8,1,100,Moderate or heavy rain shower
676367,61.7,39.7,53.7,19.0,1.34,3.0,86,0.8,1,100,Moderate or heavy rain shower
675717,65.3,41.1,56.1,20.8,1.02,5.0,84,2.3,1,100,Moderate or heavy rain shower
673714,65.1,41.7,57.3,16.8,0.8,4.0,87,0.7,1,100,Moderate or heavy rain shower
680040,74.1,54.5,63.3,8.7,0.24,5.0,78,7.2,1,100,Heavy rain at times
681837,74.8,60.9,66.6,16.4,0.76,5.0,84,4.2,1,100,Moderate or heavy rain shower
681840,74.8,60.9,66.6,16.4,0.76,5.0,84,4.2,1,100,Moderate or heavy rain shower
681252,70.4,58.8,64.8,7.6,0.81,5.0,95,2.6,1,100,Moderate or heavy rain shower
681544,60.9,47.2,56.1,6.4,1.4,4.0,95,2.3,1,100,Moderate or heavy rain shower
684594,80.8,64.5,72.2,10.5,1.85,3.0,87,6.8,1,100,Moderate or heavy rain shower
687747,82.4,66.0,73.5,12.8,0.61,4.0,87,7.3,1,100,Moderate or heavy rain shower
684595,80.8,64.5,72.2,10.5,1.85,3.0,87,6.8,1,100,Moderate or heavy rain shower
688084,78.5,64.2,70.4,9.0,1.13,4.0,90,6.6,1,100,Moderate or heavy rain shower
688085,76.9,63.3,68.8,8.6,2.28,3.0,92,6.2,1,100,Moderate or heavy rain shower
689605,74.1,59.5,69.2,19.5,1.42,3.0,92,2.8,1,100,Moderate or heavy rain shower
689606,72.4,59.2,68.0,17.0,1.59,4.0,94,2.2,1,100,Moderate or heavy rain shower
687766,82.0,66.4,73.2,8.5,0.52,4.0,85,8.7,1,100,Moderate or heavy rain shower
687768,82.0,66.4,73.2,8.5,0.52,4.0,85,8.7,1,100,Moderate or heavy rain shower
687770,82.0,66.4,73.2,8.5,0.52,4.0,85,8.7,1,100,Moderate or heavy rain shower
687772,82.0,66.4,73.2,8.5,0.52,4.0,85,8.7,1,100,Moderate or heavy rain shower
688102,84.6,63.6,71.6,9.1,0.47,4.0,81,6.9,1,100,Heavy rain at times
688103,84.6,63.1,72.9,10.4,0.49,4.0,76,7.6,1,100,Moderate or heavy rain shower
688104,84.6,63.1,72.9,10.4,0.49,4.0,76,7.6,1,100,Moderate or heavy rain shower
688107,84.6,63.1,72.9,10.4,0.49,4.0,76,7.6,1,100,Moderate or heavy rain shower
688945,83.7,64.0,72.7,5.4,0.26,3.0,84,10.2,1,100,Moderate or heavy rain shower
688949,83.7,64.0,72.7,5.4,0.26,3.0,84,10.2,1,100,Moderate or heavy rain shower
691229,83.8,63.3,72.3,5.6,0.36,5.0,84,10.3,1,100,Moderate or heavy rain shower
691230,80.1,62.6,71.2,8.5,0.29,4.0,85,6.3,1,100,Moderate or heavy rain shower
688286,83.8,64.8,73.1,6.3,0.43,5.0,85,9.9,1,100,Moderate or heavy rain shower
687774,75.4,63.6,69.6,7.2,0.79,4.0,92,4.9,1,100,Moderate or heavy rain shower
688609,69.8,53.5,61.9,11.6,0.39,2.0,91,3.0,1,100,Moderate or heavy rain shower
688608,71.8,53.8,62.2,10.3,0.95,3.0,91,3.2,1,100,Moderate or heavy rain shower
691253,65.5,56.2,61.1,8.3,0.5,4.0,94,4.1,1,100,Moderate or heavy rain shower
691257,65.5,56.2,61.1,8.3,0.5,4.0,94,4.1,1,100,Moderate or heavy rain shower
689886,76.9,63.4,70.2,8.5,0.13,5.0,88,5.9,1,100,Heavy rain at times
692708,77.4,64.3,69.8,7.2,0.2,5.0,91,4.4,1,100,Moderate or heavy rain shower
691150,78.7,66.0,70.7,9.0,0.64,4.0,87,3.7,1,100,Moderate or heavy rain shower
689887,76.3,62.5,68.7,9.2,0.25,4.0,88,4.6,1,100,Heavy rain at times
691147,78.9,66.2,70.7,9.8,0.57,5.0,87,4.1,1,100,Heavy rain at times
691148,78.9,66.2,70.7,9.8,0.57,5.0,87,4.1,1,100,Heavy rain at times
689888,77.4,64.6,70.1,9.6,0.55,4.0,86,4.0,1,100,Moderate or heavy rain shower
691149,78.9,66.2,70.7,9.8,0.57,5.0,87,4.2,1,100,Heavy rain at times
691151,78.9,66.2,70.7,9.8,0.57,5.0,87,4.1,1,100,Heavy rain at times
691152,78.3,64.2,70.3,8.5,1.14,5.0,87,2.7,1,100,Heavy rain at times
691155,77.2,65.5,69.7,8.3,0.61,5.0,86,5.3,1,100,Moderate or heavy rain shower
691156,77.3,64.9,70.0,8.2,0.81,5.0,88,4.1,1,100,Moderate or heavy rain shower
689894,76.6,63.1,68.4,8.3,0.58,5.0,89,4.5,1,100,Moderate or heavy rain shower
689901,76.6,61.7,67.9,8.7,0.7,4.0,88,3.1,1,100,Moderate or heavy rain shower
689907,77.4,64.6,70.1,9.6,0.55,4.0,86,4.0,1,100,Moderate or heavy rain shower
689910,77.4,64.6,70.1,9.6,0.55,4.0,86,4.0,1,100,Moderate or heavy rain shower
693427,85.0,65.6,74.9,5.1,0.37,5.0,81,12.2,1,100,Moderate or heavy rain shower
693428,83.7,64.5,73.5,4.0,0.18,4.0,86,10.8,1,100,Moderate or heavy rain shower
703397,89.2,68.7,78.6,8.9,0.05,4.0,76,12.6,1,100,Heavy rain at times
703398,88.8,67.8,77.9,8.5,0.15,4.0,76,12.1,1,100,Moderate or heavy rain shower
694330,86.1,69.3,75.8,11.0,0.47,5.0,87,9.6,1,100,Moderate or heavy rain shower
703402,81.9,69.1,75.8,10.4,0.92,4.0,91,10.2,1,100,Moderate or heavy rain shower
694553,88.0,68.4,77.3,12.3,0.3,5.0,80,12.1,1,100,Moderate or heavy rain shower
697593,79.0,68.7,73.8,12.3,1.74,4.0,94,3.9,1,100,Moderate or heavy rain shower
702394,79.0,68.7,73.8,12.3,1.74,4.0,94,3.9,1,100,Moderate or heavy rain shower
697594,79.0,68.7,73.8,12.3,1.74,4.0,94,3.9,1,100,Moderate or heavy rain shower
702395,81.1,68.2,74.2,13.8,2.29,5.0,93,4.0,1,100,Moderate or heavy rain shower
702396,81.5,67.5,73.2,11.2,1.7,4.0,94,1.9,1,100,Moderate or heavy rain shower
702400,80.7,68.1,74.0,13.8,2.74,4.0,93,3.3,1,100,Moderate or heavy rain shower
702399,81.5,66.9,73.3,10.7,1.61,5.0,93,2.6,1,100,Moderate or heavy rain shower
702398,81.5,66.9,73.3,10.7,1.61,5.0,93,2.6,1,100,Moderate or heavy rain shower
702397,81.5,66.9,73.3,10.7,1.61,5.0,93,2.6,1,100,Moderate or heavy rain shower
702401,81.5,67.5,73.2,11.2,1.7,4.0,94,1.9,1,100,Moderate or heavy rain shower
702403,81.5,67.5,73.2,11.2,1.7,4.0,94,1.9,1,100,Moderate or heavy rain shower
702402,81.5,67.5,73.2,11.2,1.7,4.0,94,1.9,1,100,Moderate or heavy rain shower
702404,79.0,68.7,73.8,12.3,1.74,4.0,94,3.9,1,100,Moderate or heavy rain shower
702407,81.3,67.1,72.9,10.9,2.06,3.0,94,2.3,1,100,Moderate or heavy rain shower
702405,80.7,68.1,74.0,13.8,2.74,4.0,93,3.3,1,100,Moderate or heavy rain shower
702406,81.1,66.6,73.1,13.0,2.5,4.0,92,2.8,1,100,Moderate or heavy rain shower
695269,82.1,68.5,73.4,14.1,2.42,4.0,91,3.1,1,100,Moderate or heavy rain shower
702408,80.9,69.7,73.8,12.8,1.47,5.0,91,2.2,1,100,Moderate or heavy rain shower
702409,80.8,67.2,72.6,11.5,2.76,4.0,95,2.4,1,100,Moderate or heavy rain shower
696740,83.4,68.3,73.7,13.5,2.89,5.0,89,3.9,1,100,Moderate or heavy rain shower
697063,83.7,68.5,73.8,13.2,2.58,5.0,88,3.2,1,100,Moderate or heavy rain shower
695276,81.3,68.8,73.3,12.5,3.07,5.0,92,2.9,1,100,Moderate or heavy rain shower
695283,82.0,68.4,73.6,12.0,1.61,5.0,91,2.8,1,100,Moderate or heavy rain shower
702410,81.7,68.4,73.0,11.6,2.3,4.0,94,2.4,1,100,Moderate or heavy rain shower
702411,81.7,68.4,73.0,11.6,2.3,4.0,94,2.4,1,100,Moderate or heavy rain shower
697043,83.0,69.0,74.1,13.4,3.22,4.0,89,3.0,1,100,Moderate or heavy rain shower
696734,83.5,68.7,74.4,14.1,2.15,5.0,88,3.1,1,100,Moderate or heavy rain shower
695298,80.1,67.9,73.3,13.2,2.82,5.0,90,3.0,1,100,Moderate or heavy rain shower
695290,82.4,67.3,73.2,11.2,2.44,5.0,93,2.7,1,100,Moderate or heavy rain shower
695308,83.7,68.5,73.8,13.2,2.58,5.0,88,3.2,1,100,Moderate or heavy rain shower
697047,83.0,69.0,74.1,13.4,3.22,4.0,89,3.0,1,100,Moderate or heavy rain shower
697738,83.3,64.8,73.7,2.7,0.19,5.0,85,10.2,1,100,Moderate or heavy rain shower
697874,83.0,65.0,74.0,2.9,0.13,5.0,83,8.6,1,100,Heavy rain at times
698530,79.9,68.8,74.2,5.4,2.28,4.0,94,5.7,1,100,Moderate or heavy rain shower
706970,88.7,74.3,80.0,11.9,0.27,5.0,85,8.9,1,100,Moderate or heavy rain shower
706951,88.7,74.3,80.0,11.9,0.27,5.0,85,8.9,1,100,Moderate or heavy rain shower
706950,92.3,73.2,80.2,11.9,0.45,5.0,86,9.8,1,100,Heavy rain at times
702373,84.4,72.1,77.2,9.6,0.73,5.0,88,8.0,1,100,Moderate or heavy rain shower
711116,85.6,72.6,77.6,8.6,0.81,4.0,88,8.5,1,100,Moderate or heavy rain shower
705010,79.6,70.7,75.1,7.4,0.67,5.0,89,5.5,1,100,Moderate or heavy rain shower
704911,78.4,66.0,72.0,6.3,2.46,4.0,95,6.3,1,100,Moderate or heavy rain shower
704913,79.2,66.4,72.4,6.2,1.75,3.0,95,6.0,1,100,Moderate or heavy rain shower
704914,79.2,66.4,72.4,6.2,1.75,3.0,95,6.0,1,100,Moderate or heavy rain shower
704917,79.2,66.4,72.4,6.2,1.75,3.0,95,6.0,1,100,Moderate or heavy rain shower
704919,79.2,66.4,72.4,6.2,1.75,3.0,95,6.0,1,100,Moderate or heavy rain shower
704918,79.6,67.1,73.2,5.6,1.89,3.0,95,5.3,1,100,Moderate or heavy rain shower
705999,84.8,66.9,74.3,7.4,0.22,4.0,85,11.5,1,100,Moderate or heavy rain shower
706000,84.8,66.9,74.3,7.4,0.22,4.0,85,11.5,1,100,Moderate or heavy rain shower
711484,68.5,55.4,62.8,17.2,4.37,3.0,96,1.4,1,100,Moderate or heavy rain shower
711486,68.4,55.2,62.0,19.5,4.45,5.0,96,1.4,1,100,Moderate or heavy rain shower
711487,68.5,55.4,62.8,17.2,4.37,3.0,96,1.4,1,100,Moderate or heavy rain shower
718430,68.5,55.8,62.4,19.0,4.46,5.0,96,1.4,1,100,Moderate or heavy rain shower
711488,68.5,55.4,62.8,17.2,4.37,3.0,96,1.4,1,100,Moderate or heavy rain shower
711489,67.8,54.4,62.7,18.0,5.77,3.0,96,1.4,1,100,Moderate or heavy rain shower
711490,68.0,53.9,63.2,18.7,4.73,4.0,97,1.4,1,100,Moderate or heavy rain shower
711491,68.0,53.9,63.2,18.7,4.73,4.0,97,1.4,1,100,Moderate or heavy rain shower
711492,68.4,55.2,62.0,19.5,4.45,5.0,96,1.4,1,100,Moderate or heavy rain shower
711493,67.8,55.9,64.3,16.3,4.15,3.0,97,1.4,1,100,Moderate or heavy rain shower
711494,68.4,55.2,62.0,19.5,4.45,5.0,96,1.4,1,100,Moderate or heavy rain shower
711495,67.8,55.9,64.3,16.3,4.15,3.0,97,1.4,1,100,Moderate or heavy rain shower
723533,77.9,67.5,72.3,7.4,1.53,3.0,91,2.4,1,100,Moderate or heavy rain shower
732317,49.1,43.4,46.3,10.7,1.14,3.0,93,0.4,1,100,Moderate or heavy rain shower
736600,63.9,49.1,54.2,14.2,1.06,5.0,94,0.4,1,100,Moderate or heavy rain shower
736601,63.8,48.9,53.6,16.9,1.22,4.0,94,0.4,1,100,Moderate or heavy rain shower
736602,63.9,49.1,54.2,14.2,1.06,5.0,94,0.4,1,100,Moderate or heavy rain shower
736603,64.0,49.3,54.5,16.8,0.99,4.0,94,0.4,1,100,Moderate or heavy rain shower
736604,63.6,48.9,54.3,16.9,1.02,4.0,94,0.4,1,100,Moderate or heavy rain shower
736605,63.9,49.1,54.2,14.2,1.06,5.0,94,0.4,1,100,Moderate or heavy rain shower
736606,63.9,49.1,54.2,14.2,1.06,5.0,94,0.4,1,100,Moderate or heavy rain shower
736607,63.9,49.1,54.2,14.2,1.06,5.0,94,0.4,1,100,Moderate or heavy rain shower
733160,61.7,46.8,51.9,14.5,1.52,4.0,94,0.4,1,100,Heavy rain at times
733165,62.0,48.2,52.5,13.6,1.17,5.0,94,0.4,1,100,Heavy rain at times
737276,66.9,51.3,57.0,24.5,2.07,2.0,92,0.4,1,100,Moderate or heavy rain shower
736608,63.6,48.6,53.2,15.3,1.22,4.0,94,0.4,1,100,Moderate or heavy rain shower
733168,60.7,48.0,51.9,15.4,1.37,4.0,93,0.4,1,100,Moderate or heavy rain shower
736609,65.3,50.2,55.6,17.1,0.94,3.0,94,0.4,1,100,Moderate or heavy rain shower
733169,59.4,48.2,51.7,15.1,0.98,5.0,93,0.4,1,100,Moderate or heavy rain shower
737279,66.0,50.0,56.0,20.1,1.43,4.0,93,0.4,1,100,Moderate or heavy rain shower
733172,61.0,46.8,51.0,15.1,1.65,4.0,93,0.4,1,100,Moderate or heavy rain shower
736610,63.6,48.6,53.2,15.3,1.22,4.0,94,0.4,1,100,Moderate or heavy rain shower
736611,64.7,50.7,56.1,17.4,0.97,4.0,94,0.5,1,100,Moderate or heavy rain shower
736612,64.2,49.8,55.1,17.1,1.01,5.0,94,0.4,1,100,Moderate or heavy rain shower
736616,65.1,50.4,55.4,20.7,2.58,3.0,93,0.4,1,100,Moderate or heavy rain shower
736613,64.0,49.3,54.5,16.8,0.99,4.0,94,0.4,1,100,Moderate or heavy rain shower
737281,66.7,52.2,58.0,22.9,1.49,3.0,93,0.4,1,100,Moderate or heavy rain shower
736614,63.9,49.1,54.2,14.2,1.06,5.0,94,0.4,1,100,Moderate or heavy rain shower
736615,63.6,48.9,54.3,16.9,1.02,4.0,94,0.4,1,100,Moderate or heavy rain shower
742612,63.6,48.6,53.2,16.1,0.91,5.0,95,0.4,1,100,Heavy rain at times
736617,63.9,49.1,54.2,14.2,1.06,5.0,94,0.4,1,100,Moderate or heavy rain shower
736618,65.7,52.9,57.7,18.7,1.1,3.0,93,0.5,1,100,Moderate or heavy rain shower
736619,63.6,48.9,54.3,16.9,1.02,4.0,94,0.4,1,100,Moderate or heavy rain shower
736620,63.9,49.1,54.2,14.2,1.06,5.0,94,0.4,1,100,Moderate or heavy rain shower
736621,63.9,43.6,50.1,19.6,0.39,6.0,73,1.8,1,100,Overcast
736622,63.9,43.6,50.1,19.6,0.39,6.0,73,1.8,1,100,Overcast
736639,63.9,42.6,49.6,22.2,0.25,5.0,74,1.1,1,100,Overcast
742198,69.8,47.3,59.3,17.5,1.57,4.0,91,1.9,1,100,Moderate or heavy rain shower
746859,65.5,57.1,61.9,4.5,0.61,4.0,95,1.7,1,100,Moderate or heavy rain shower
746862,65.5,56.3,61.5,4.9,0.51,4.0,94,1.8,1,100,Moderate or heavy rain shower
745106,79.5,63.6,70.0,6.9,0.42,5.0,88,8.4,1,100,Moderate or heavy rain shower
745280,76.3,63.8,69.8,3.7,0.06,4.0,92,6.3,1,100,Moderate rain at times
746867,79.3,64.5,69.7,5.4,0.75,4.0,90,6.7,1,100,Moderate or heavy rain shower
746868,79.3,64.5,69.7,5.4,0.75,4.0,90,6.7,1,100,Moderate or heavy rain shower
745282,76.1,65.1,69.8,5.4,0.21,4.0,89,7.9,1,100,Moderate or heavy rain shower
745283,76.1,65.1,69.8,5.4,0.21,4.0,89,7.9,1,100,Moderate or heavy rain shower
745284,76.1,63.5,69.7,3.9,0.15,4.0,90,8.6,1,100,Moderate or heavy rain shower
746869,79.6,64.2,70.4,6.5,0.44,4.0,88,8.5,1,100,Moderate or heavy rain shower
745281,76.6,64.0,69.3,4.9,0.29,3.0,92,3.4,1,100,Moderate or heavy rain shower
745285,75.9,64.9,70.4,4.0,0.14,3.0,90,9.6,1,100,Moderate or heavy rain shower
746870,75.0,63.9,69.1,9.6,0.75,5.0,93,4.1,1,100,Moderate or heavy rain shower
745485,75.7,63.9,69.0,7.4,0.64,3.0,94,2.3,1,100,Moderate or heavy rain shower
746871,76.3,64.2,69.0,9.8,0.67,5.0,92,4.0,1,100,Moderate or heavy rain shower
746872,76.3,64.2,69.0,9.8,0.67,5.0,92,4.0,1,100,Moderate or heavy rain shower
746873,76.3,64.2,69.0,9.8,0.67,5.0,92,4.0,1,100,Moderate or heavy rain shower
746875,76.6,63.9,69.8,6.0,1.0,3.0,90,3.8,1,100,Moderate or heavy rain shower
745486,75.4,62.4,68.1,5.6,0.77,3.0,96,3.1,1,100,Moderate or heavy rain shower
745508,73.6,64.6,68.5,8.9,0.57,5.0,93,2.7,1,100,Moderate or heavy rain shower
746874,76.3,64.2,69.0,9.8,0.67,5.0,92,4.0,1,100,Moderate or heavy rain shower
745503,73.6,64.6,68.5,8.9,0.57,5.0,93,2.7,1,100,Moderate or heavy rain shower
745505,73.6,64.6,68.5,8.9,0.57,5.0,93,2.7,1,100,Moderate or heavy rain shower
745512,73.6,64.6,68.5,8.9,0.57,5.0,93,2.7,1,100,Moderate or heavy rain shower
745487,79.5,62.5,69.2,4.8,0.66,2.0,91,2.9,1,100,Moderate or heavy rain shower
746878,81.0,64.0,71.9,5.8,0.1,4.0,85,10.1,1,100,Moderate or heavy rain shower
754719,85.8,67.1,75.5,8.6,0.02,5.0,81,11.4,1,100,Patchy rain possible
754718,85.6,70.5,77.0,13.0,0.55,5.0,84,9.5,1,100,Moderate or heavy rain shower
757535,82.3,67.3,73.7,11.0,0.21,5.0,88,8.4,1,100,Moderate or heavy rain shower
757536,81.9,67.6,73.7,11.1,0.49,5.0,88,7.3,1,100,Moderate or heavy rain shower
757537,82.3,67.3,73.7,11.0,0.21,5.0,88,8.5,1,100,Moderate or heavy rain shower
748121,82.3,67.3,73.7,11.0,0.21,5.0,88,8.5,1,100,Moderate or heavy rain shower
757539,84.0,67.6,73.9,10.5,0.27,5.0,86,7.1,1,100,Moderate or heavy rain shower
757540,84.0,67.6,73.9,10.5,0.27,5.0,86,7.1,1,100,Moderate or heavy rain shower
757541,83.9,67.5,74.3,11.0,0.27,5.0,86,7.1,1,100,Moderate or heavy rain shower
754715,85.5,71.6,78.5,12.1,0.56,5.0,84,7.7,1,100,Moderate or heavy rain shower
757547,82.9,65.7,73.1,9.6,0.3,5.0,89,6.8,1,100,Heavy rain at times
754716,85.4,69.6,76.5,12.1,0.35,5.0,85,9.9,1,100,Moderate or heavy rain shower
757542,84.0,67.6,73.9,10.5,0.27,5.0,86,7.1,1,100,Moderate or heavy rain shower
757543,82.6,66.9,73.5,11.0,0.12,5.0,86,6.7,1,100,Moderate rain at times
757544,82.4,67.1,73.4,11.2,0.27,5.0,86,6.1,1,100,Moderate or heavy rain shower
757545,80.9,67.5,73.5,11.7,0.31,5.0,86,5.9,1,100,Moderate or heavy rain shower
757546,83.9,67.5,74.3,11.0,0.27,5.0,86,7.1,1,100,Moderate or heavy rain shower
757548,82.4,67.1,73.4,11.2,0.27,5.0,86,6.1,1,100,Moderate or heavy rain shower
748122,82.5,66.0,73.6,8.9,0.4,4.0,89,6.7,1,100,Moderate or heavy rain shower
755248,79.7,66.6,71.6,4.3,0.51,3.0,92,4.4,1,100,Moderate or heavy rain shower
755274,82.0,66.9,73.6,9.6,0.38,4.0,88,5.4,1,100,Heavy rain at times
757427,82.9,68.2,73.8,8.3,0.27,3.0,88,5.4,1,100,Moderate or heavy rain shower
757428,82.9,68.2,73.8,8.3,0.27,3.0,88,5.4,1,100,Moderate or heavy rain shower
757429,81.9,68.8,74.0,8.9,0.19,4.0,88,6.7,1,100,Heavy rain at times
757430,81.9,70.6,74.7,9.8,0.83,4.0,91,8.1,1,100,Moderate or heavy rain shower
752882,81.0,65.5,71.4,7.6,0.32,1.0,94,3.4,1,100,Moderate or heavy rain shower
752889,82.7,67.1,73.9,7.8,0.27,3.0,87,8.5,1,100,Moderate or heavy rain shower
757431,82.9,68.2,73.8,8.3,0.27,3.0,88,5.4,1,100,Moderate or heavy rain shower
757434,81.5,64.6,72.6,8.4,0.61,3.0,89,6.3,1,100,Moderate or heavy rain shower
752893,81.5,67.5,72.4,9.3,0.39,4.0,93,6.5,1,100,Moderate or heavy rain shower
763845,87.6,71.1,78.3,6.0,0.09,5.0,84,12.8,1,100,Heavy rain at times
763847,86.4,72.5,78.9,6.0,0.28,5.0,83,12.7,1,100,Moderate or heavy rain shower
763879,88.2,71.2,79.1,6.0,0.18,4.0,83,12.5,1,100,Heavy rain at times
763882,90.0,71.4,79.7,5.8,0.04,5.0,83,12.2,1,100,Patchy rain possible
763883,90.1,73.4,81.0,5.4,0.07,3.0,81,12.3,1,100,Moderate or heavy rain shower
763884,90.5,72.5,80.7,5.4,0.11,3.0,81,12.3,1,100,Moderate or heavy rain shower
763886,86.4,70.7,79.1,5.6,0.42,4.0,83,10.8,1,100,Moderate or heavy rain shower
764249,83.1,69.6,74.3,11.6,1.4,4.0,86,6.0,1,100,Moderate or heavy rain shower
764270,82.3,68.5,73.6,11.6,1.34,4.0,88,6.4,1,100,Moderate or heavy rain shower
762096,72.9,66.5,69.6,6.3,0.65,5.0,94,4.8,1,100,Moderate or heavy rain shower
762095,73.4,65.3,69.3,5.8,1.0,5.0,95,5.4,1,100,Moderate or heavy rain shower
763960,82.0,67.5,74.0,8.1,0.38,4.0,92,9.1,1,100,Moderate or heavy rain shower
767280,85.1,66.4,73.9,4.5,0.35,4.0,81,8.2,1,100,Moderate or heavy rain shower
764530,80.9,66.2,72.7,5.3,0.54,4.0,85,7.3,1,100,Moderate or heavy rain shower
764531,81.3,65.6,72.5,5.8,0.87,4.0,86,8.0,1,100,Moderate or heavy rain shower
764532,80.9,66.2,72.7,5.3,0.54,4.0,85,7.3,1,100,Moderate or heavy rain shower
764533,83.8,67.4,74.5,6.5,0.1,5.0,83,8.1,1,100,Moderate rain at times
782830,83.6,68.5,74.8,8.5,0.11,5.0,86,10.7,1,100,Moderate or heavy rain shower
782825,83.6,68.5,74.8,8.5,0.11,5.0,86,10.7,1,100,Moderate or heavy rain shower
771264,82.5,70.3,75.6,11.3,0.77,4.0,89,4.3,1,100,Moderate or heavy rain shower
782852,82.7,71.2,75.7,8.7,0.61,4.0,91,5.4,1,100,Moderate or heavy rain shower
782853,82.7,71.2,75.7,8.7,0.61,4.0,91,5.4,1,100,Moderate or heavy rain shower
782843,81.3,69.1,74.1,5.4,0.37,4.0,88,8.2,1,100,Moderate or heavy rain shower
767024,79.2,67.1,71.9,6.5,0.77,4.0,94,4.4,1,100,Moderate or heavy rain shower
767026,79.2,67.1,71.9,6.5,0.77,4.0,94,4.4,1,100,Moderate or heavy rain shower
767025,78.1,66.9,71.2,6.0,1.06,5.0,94,4.3,1,100,Moderate or heavy rain shower
782845,85.8,67.5,76.2,5.0,0.03,4.0,82,10.1,1,100,Patchy rain possible
773261,84.9,71.2,77.3,5.8,0.29,5.0,84,6.5,1,100,Moderate or heavy rain shower
772816,82.9,70.2,74.9,8.1,0.2,4.0,86,4.7,1,100,Moderate or heavy rain shower
783637,73.6,66.9,69.5,12.9,2.14,4.0,96,1.2,1,100,Moderate or heavy rain shower
783635,73.6,66.9,69.5,12.9,2.14,4.0,96,1.2,1,100,Moderate or heavy rain shower
783638,73.6,66.9,69.5,12.9,2.14,4.0,96,1.2,1,100,Moderate or heavy rain shower
783651,75.2,67.6,70.5,12.8,1.73,5.0,95,1.4,1,100,Moderate or heavy rain shower
783639,76.3,68.9,71.3,12.1,1.08,4.0,95,1.5,1,100,Moderate or heavy rain shower
783656,73.6,66.9,69.5,12.9,2.14,4.0,96,1.2,1,100,Moderate or heavy rain shower
783652,73.6,66.9,69.5,12.9,2.14,4.0,96,1.2,1,100,Moderate or heavy rain shower
783657,73.6,66.9,69.5,12.9,2.14,4.0,96,1.2,1,100,Moderate or heavy rain shower
784424,73.6,66.9,69.5,12.9,2.14,4.0,96,1.2,1,100,Moderate or heavy rain shower
783658,74.3,60.0,68.2,8.1,1.34,4.0,96,1.4,1,100,Moderate or heavy rain shower
774126,74.3,61.6,68.6,7.4,1.34,3.0,97,1.3,1,100,Moderate or heavy rain shower
773423,73.8,61.5,67.8,7.4,1.32,4.0,97,1.5,1,100,Moderate or heavy rain shower
780981,78.0,63.5,71.0,7.8,1.7,4.0,97,1.7,1,100,Moderate or heavy rain shower
780986,78.0,63.5,71.0,7.8,1.7,4.0,97,1.7,1,100,Moderate or heavy rain shower
773418,79.1,66.4,71.4,7.4,1.27,3.0,97,1.6,1,100,Moderate or heavy rain shower
783659,73.0,59.5,68.0,8.1,1.01,3.0,97,1.2,1,100,Moderate or heavy rain shower
783660,73.0,59.5,68.0,8.1,1.01,3.0,97,1.2,1,100,Moderate or heavy rain shower
773421,78.3,65.2,70.8,6.9,1.39,4.0,97,1.8,1,100,Moderate or heavy rain shower
773419,78.3,65.2,70.8,6.9,1.39,4.0,97,1.8,1,100,Moderate or heavy rain shower
773420,77.8,64.8,70.6,7.6,1.24,4.0,97,1.4,1,100,Moderate or heavy rain shower
773422,78.3,65.2,70.8,6.9,1.39,4.0,97,1.8,1,100,Moderate or heavy rain shower
775945,75.7,65.0,69.9,6.3,0.78,4.0,94,2.8,1,100,Moderate or heavy rain shower
783677,63.3,56.8,59.8,8.7,1.99,4.0,97,0.9,1,100,Moderate or heavy rain shower
783683,64.2,57.2,60.4,10.1,1.38,4.0,97,0.9,1,100,Moderate or heavy rain shower
783682,64.2,57.2,60.4,10.1,1.38,4.0,97,0.9,1,100,Moderate or heavy rain shower
783681,64.2,57.2,60.4,10.1,1.38,4.0,97,0.9,1,100,Moderate or heavy rain shower
783679,63.3,56.8,59.8,8.7,1.99,4.0,97,0.9,1,100,Moderate or heavy rain shower
783684,64.2,57.2,60.4,10.1,1.38,4.0,97,0.9,1,100,Moderate or heavy rain shower
783685,63.1,56.8,59.8,8.3,2.67,4.0,97,0.9,1,100,Moderate or heavy rain shower
783686,64.2,57.2,60.4,10.1,1.38,4.0,97,0.9,1,100,Moderate or heavy rain shower
783687,64.2,57.2,60.4,10.1,1.38,4.0,97,0.9,1,100,Moderate or heavy rain shower
783688,64.2,57.2,60.4,10.1,1.38,4.0,97,0.9,1,100,Moderate or heavy rain shower
783689,64.2,57.2,60.4,10.1,1.38,4.0,97,0.9,1,100,Moderate or heavy rain shower
783690,64.2,57.2,60.4,10.1,1.38,4.0,97,0.9,1,100,Moderate or heavy rain shower
783691,63.1,56.8,59.8,8.3,2.67,4.0,97,0.9,1,100,Moderate or heavy rain shower
783693,64.2,57.2,60.4,10.1,1.38,4.0,97,0.9,1,100,Moderate or heavy rain shower
783694,64.2,57.2,60.4,10.1,1.38,4.0,97,0.9,1,100,Moderate or heavy rain shower
775956,63.9,56.5,60.1,7.8,2.61,4.0,98,0.9,1,100,Moderate or heavy rain shower
783696,64.2,57.2,60.4,10.1,1.38,4.0,97,0.9,1,100,Moderate or heavy rain shower
775951,63.9,56.5,60.1,7.8,2.61,4.0,98,0.9,1,100,Moderate or heavy rain shower
783698,79.3,67.5,71.9,11.9,0.75,4.0,90,2.8,1,100,Moderate or heavy rain shower
777537,67.6,60.3,63.9,9.3,1.02,4.0,98,0.9,1,100,Moderate or heavy rain shower
777538,67.6,60.3,63.9,9.3,1.02,4.0,98,0.9,1,100,Moderate or heavy rain shower
777540,69.1,60.3,64.6,9.1,1.4,3.0,98,0.9,1,100,Moderate or heavy rain shower
784989,81.0,68.1,73.0,12.1,0.18,4.0,90,3.6,1,100,Heavy rain at times
778480,83.8,66.4,73.8,4.7,0.02,4.0,86,4.4,1,100,Patchy rain possible
778481,84.7,66.2,73.8,4.9,0.01,4.0,86,4.4,1,100,Patchy rain possible
786073,63.6,51.1,57.7,13.3,2.17,4.0,88,0.4,1,100,Moderate or heavy rain shower
793876,64.3,49.9,58.1,15.4,1.54,5.0,76,1.3,1,100,Moderate or heavy rain shower
798071,65.1,37.8,55.0,16.3,1.08,2.0,91,0.2,1,100,Moderate or heavy rain shower
798075,64.2,36.1,54.5,16.2,1.02,3.0,91,0.2,1,100,Moderate or heavy rain shower
802943,64.8,46.4,57.4,16.7,1.87,4.0,92,0.7,1,100,Moderate or heavy rain shower
802945,66.1,46.9,57.9,18.0,1.91,4.0,92,0.6,1,100,Moderate or heavy rain shower
802946,63.5,46.6,56.6,16.7,1.8,4.0,93,0.5,1,100,Moderate or heavy rain shower
800058,63.0,44.8,54.6,14.1,1.49,3.0,93,0.4,1,100,Moderate or heavy rain shower
800059,60.9,44.1,53.5,14.2,1.59,4.0,93,0.4,1,100,Moderate or heavy rain shower
800060,63.7,46.6,55.9,14.4,1.94,4.0,93,0.4,1,100,Moderate or heavy rain shower
800061,61.3,47.1,55.1,14.1,1.99,3.0,93,0.4,1,100,Moderate or heavy rain shower
800062,60.9,44.1,53.5,14.2,1.59,4.0,93,0.4,1,100,Moderate or heavy rain shower
800063,60.6,44.4,53.6,13.3,1.64,5.0,93,0.4,1,100,Moderate or heavy rain shower
802948,64.5,47.5,56.8,15.1,1.99,4.0,93,0.4,1,100,Moderate or heavy rain shower
800068,60.4,47.1,54.5,13.1,2.03,4.0,93,0.4,1,100,Moderate or heavy rain shower
800065,62.8,45.7,55.3,14.5,1.76,4.0,92,0.4,1,100,Moderate or heavy rain shower
800064,62.7,45.1,55.1,15.7,1.65,4.0,92,0.4,1,100,Moderate or heavy rain shower
800070,62.8,45.7,55.3,14.5,1.76,4.0,92,0.4,1,100,Moderate or heavy rain shower
800069,62.8,47.1,55.9,14.4,2.08,3.0,93,0.4,1,100,Moderate or heavy rain shower
800071,60.3,44.2,53.3,15.2,1.52,3.0,93,0.4,1,100,Moderate or heavy rain shower
800075,60.6,46.9,54.1,15.6,1.96,4.0,93,0.4,1,100,Moderate or heavy rain shower
800078,63.7,46.6,55.9,14.4,1.94,4.0,93,0.4,1,100,Moderate or heavy rain shower
800080,59.5,44.8,52.4,14.1,1.69,3.0,93,0.4,1,100,Moderate or heavy rain shower
800081,60.4,47.3,53.8,13.9,1.9,4.0,93,0.4,1,100,Moderate or heavy rain shower
800073,60.1,43.9,52.8,12.2,1.56,4.0,93,0.4,1,100,Moderate or heavy rain shower
800083,62.8,47.1,55.9,14.4,2.08,3.0,93,0.4,1,100,Moderate or heavy rain shower
800085,60.3,44.8,53.3,13.6,1.5,4.0,93,0.4,1,100,Moderate or heavy rain shower
800087,60.6,45.1,53.7,14.2,1.67,4.0,93,0.4,1,100,Moderate or heavy rain shower
800082,58.4,42.3,50.4,14.5,1.62,3.0,93,0.4,1,100,Moderate or heavy rain shower
800084,56.4,40.5,49.5,13.9,1.52,4.0,94,0.4,1,100,Moderate or heavy rain shower
800228,56.2,42.8,49.5,10.6,1.8,3.0,94,0.5,1,100,Moderate or heavy rain shower
800086,59.5,44.8,52.4,14.1,1.69,3.0,93,0.4,1,100,Moderate or heavy rain shower
800230,54.5,41.9,48.2,8.1,1.31,2.0,94,0.5,1,100,Moderate or heavy rain shower
800209,54.5,41.9,48.2,8.1,1.31,2.0,94,0.5,1,100,Moderate or heavy rain shower
800231,54.5,41.9,48.2,8.1,1.31,2.0,94,0.5,1,100,Moderate or heavy rain shower
800223,56.2,42.8,49.5,10.6,1.8,3.0,94,0.5,1,100,Moderate or heavy rain shower
800229,55.2,42.8,49.0,9.5,1.26,4.0,93,0.6,1,100,Moderate or heavy rain shower
800227,55.4,41.7,48.9,9.3,1.4,3.0,93,0.5,1,100,Moderate or heavy rain shower
800225,55.2,42.8,49.0,9.5,1.26,4.0,93,0.5,1,100,Moderate or heavy rain shower
800088,59.2,42.4,51.3,14.5,1.52,3.0,93,0.4,1,100,Moderate or heavy rain shower
800089,59.7,43.5,52.2,16.8,1.45,4.0,94,0.4,1,100,Moderate or heavy rain shower
800221,55.6,42.4,48.9,9.7,1.62,3.0,94,0.6,1,100,Moderate or heavy rain shower
800220,55.6,42.4,48.9,9.7,1.62,3.0,94,0.6,1,100,Moderate or heavy rain shower
800222,55.6,42.4,48.9,9.7,1.62,3.0,94,0.6,1,100,Moderate or heavy rain shower
800226,56.8,41.5,48.9,8.9,1.32,4.0,93,0.4,1,100,Moderate or heavy rain shower
800090,61.7,35.3,46.0,18.3,0.07,6.0,68,2.8,1,100,Overcast
800224,60.4,35.8,48.1,19.3,0.29,5.0,72,2.4,1,100,Overcast
807424,70.9,48.3,63.3,21.7,2.68,4.0,72,4.2,1,100,Moderate or heavy rain shower
807432,69.6,49.8,63.2,23.0,2.24,5.0,72,3.6,1,100,Moderate or heavy rain shower
816147,73.0,62.1,66.9,7.6,0.43,2.0,88,6.3,1,100,Moderate or heavy rain shower
817484,80.0,66.0,71.4,6.9,0.41,3.0,94,4.6,1,100,Moderate or heavy rain shower
817486,81.3,65.2,72.5,6.5,0.48,4.0,91,4.6,1,100,Moderate or heavy rain shower
817487,79.3,64.4,71.9,7.8,0.37,4.0,89,5.5,1,100,Heavy rain at times
818106,78.4,64.8,71.9,8.3,0.24,4.0,89,7.3,1,100,Moderate or heavy rain shower
818108,78.4,64.8,71.9,8.3,0.24,4.0,89,7.3,1,100,Moderate or heavy rain shower
818107,78.4,64.8,71.9,8.3,0.24,4.0,89,7.3,1,100,Moderate or heavy rain shower
841434,73.8,65.2,69.0,8.9,2.64,4.0,96,3.8,1,100,Moderate or heavy rain shower
818658,79.7,65.7,71.7,6.7,0.37,4.0,93,5.6,1,100,Moderate or heavy rain shower
830794,81.5,67.8,73.4,12.3,1.12,5.0,88,5.8,1,100,Moderate or heavy rain shower
830818,81.5,67.8,73.4,12.3,1.12,5.0,88,5.8,1,100,Moderate or heavy rain shower
830812,81.5,67.8,73.4,12.3,1.12,5.0,88,5.8,1,100,Moderate or heavy rain shower
820090,83.0,67.4,73.7,5.6,0.27,4.0,92,10.0,1,100,Moderate or heavy rain shower
825734,81.5,66.0,72.1,6.7,1.26,4.0,90,4.2,1,100,Moderate or heavy rain shower
825735,80.5,65.4,72.2,7.6,0.59,3.0,91,4.7,1,100,Heavy rain at times
841810,79.2,67.5,72.2,8.3,0.41,4.0,92,5.5,1,100,Moderate or heavy rain shower
841811,79.6,67.6,72.5,8.3,0.6,4.0,92,6.0,1,100,Moderate or heavy rain shower
833069,83.9,64.6,73.2,5.6,0.42,5.0,88,6.3,1,100,Heavy rain at times
820120,77.7,62.4,69.4,6.9,0.75,4.0,89,6.9,1,100,Moderate or heavy rain shower
820151,74.4,64.8,69.1,13.2,0.65,4.0,93,4.8,1,100,Moderate or heavy rain shower
829439,86.5,63.7,73.7,10.2,0.44,5.0,86,12.4,1,100,Moderate or heavy rain shower
829280,83.7,67.5,74.9,9.2,0.95,5.0,90,9.7,1,100,Moderate or heavy rain shower
829273,84.4,67.3,76.1,12.5,0.27,5.0,89,9.5,1,100,Moderate or heavy rain shower
829262,87.1,66.6,76.8,7.3,0.49,4.0,84,11.9,1,100,Overcast
841624,86.0,66.4,75.9,7.4,0.11,4.0,83,12.5,1,100,Partly cloudy
841625,87.1,66.6,76.8,7.3,0.49,4.0,84,11.9,1,100,Overcast
841628,87.1,66.6,76.8,7.3,0.49,4.0,84,11.9,1,100,Overcast
841629,87.2,67.3,76.7,6.7,0.53,5.0,82,12.5,1,100,Cloudy
841631,88.0,67.0,76.7,7.2,0.36,4.0,83,12.5,1,100,Cloudy
826058,86.9,67.6,77.0,6.0,0.17,4.0,87,11.0,1,100,Patchy rain possible
826065,88.5,70.5,78.8,6.0,0.09,4.0,84,12.8,1,100,Moderate or heavy rain shower
843677,84.0,68.8,76.0,6.9,0.19,5.0,88,10.2,1,100,Moderate or heavy rain shower
843679,84.4,68.9,76.0,7.8,0.13,4.0,87,10.3,1,100,Heavy rain at times
833022,88.9,70.0,79.6,6.0,0.02,5.0,83,12.8,1,100,Patchy rain possible
833025,88.5,70.5,79.3,6.9,0.02,4.0,85,13.2,1,100,Patchy rain possible
826086,87.2,69.1,78.0,4.7,0.29,4.0,83,12.8,1,100,Moderate or heavy rain shower
826087,88.7,70.3,77.4,4.0,0.22,5.0,82,13.0,1,100,Moderate or heavy rain shower
833222,91.0,73.5,82.5,3.4,0.02,5.0,80,13.0,1,100,Patchy rain possible
833223,90.3,74.9,82.4,5.1,0.19,5.0,81,12.3,1,100,Moderate or heavy rain shower
826439,87.8,71.4,77.4,8.5,0.13,4.0,91,8.8,1,100,Moderate or heavy rain shower
826443,87.6,70.4,76.8,6.3,0.3,4.0,93,8.1,1,100,Moderate or heavy rain shower
826459,87.8,71.4,77.4,8.5,0.13,4.0,91,8.8,1,100,Moderate or heavy rain shower
826497,89.5,73.1,78.6,5.6,0.45,4.0,92,7.9,1,100,Moderate or heavy rain shower
826915,88.2,70.2,78.0,5.6,0.07,5.0,86,11.2,1,100,Moderate or heavy rain shower
828120,86.6,72.7,78.9,5.4,0.09,5.0,80,11.4,1,100,Heavy rain at times
828121,86.6,72.7,78.9,5.4,0.09,5.0,80,11.4,1,100,Heavy rain at times
843707,82.8,71.0,76.0,10.7,0.49,5.0,92,5.4,1,100,Moderate or heavy rain shower
843708,83.4,70.2,75.9,11.6,0.59,5.0,93,3.8,1,100,Moderate or heavy rain shower
827487,83.1,69.7,75.9,6.3,0.41,3.0,91,6.8,1,100,Moderate or heavy rain shower
827486,81.6,68.7,74.8,6.5,0.24,3.0,91,5.7,1,100,Moderate or heavy rain shower
828280,93.7,71.1,81.3,4.4,0.0,6.0,73,12.5,0,0,Overcast
843735,85.5,73.2,78.8,7.8,0.23,3.0,88,7.7,1,100,Moderate or heavy rain shower
843736,79.4,64.5,73.2,9.9,2.26,4.0,92,4.8,1,100,Moderate or heavy rain shower
843737,79.4,64.5,73.2,9.9,2.26,4.0,92,4.8,1,100,Moderate or heavy rain shower
843741,79.4,64.5,73.2,9.9,2.26,4.0,92,4.8,1,100,Moderate or heavy rain shower
833233,78.3,66.1,72.8,11.0,0.83,4.0,92,8.2,1,100,Moderate or heavy rain shower
833243,78.4,65.4,72.5,10.3,1.13,4.0,92,6.7,1,100,Moderate or heavy rain shower
829577,75.9,63.9,70.7,7.6,1.2,2.0,95,4.2,1,100,Moderate or heavy rain shower
839685,75.7,67.7,72.3,7.4,1.45,4.0,95,4.2,1,100,Moderate or heavy rain shower
832652,85.8,67.9,74.7,8.3,0.22,5.0,79,10.4,1,100,Moderate or heavy rain shower
834424,82.1,66.9,73.6,8.9,0.19,5.0,87,8.9,1,100,Patchy rain possible
834418,82.1,66.9,73.6,8.9,0.19,5.0,87,8.9,1,100,Patchy rain possible
847128,82.1,66.0,73.3,8.6,0.19,5.0,84,10.5,1,100,Patchy rain possible
847123,82.1,66.0,73.3,8.6,0.19,5.0,84,10.5,1,100,Patchy rain possible
841255,81.6,67.3,72.7,11.0,0.32,5.0,89,3.2,1,100,Moderate or heavy rain shower
847202,82.6,67.1,72.8,8.9,0.17,4.0,89,6.0,1,100,Moderate or heavy rain shower
856247,77.9,57.7,68.6,10.5,1.57,5.0,88,1.4,1,100,Moderate or heavy rain shower
863305,58.8,41.7,50.5,16.2,1.67,3.0,96,0.1,1,100,Moderate or heavy rain shower
863307,60.1,41.5,51.0,15.2,1.41,4.0,96,0.1,1,100,Moderate or heavy rain shower
866696,59.3,39.9,47.9,13.9,2.06,3.0,97,0.1,1,100,Moderate or heavy rain shower
858559,55.6,39.6,47.2,15.9,1.8,3.0,97,0.1,1,100,Moderate or heavy rain shower
866704,59.7,40.5,48.9,14.7,1.88,4.0,97,0.1,1,100,Moderate or heavy rain shower
866713,60.5,41.2,50.0,15.2,2.11,4.0,97,0.1,1,100,Moderate or heavy rain shower
866697,56.5,39.2,46.9,15.7,2.02,3.0,97,0.1,1,100,Moderate or heavy rain shower
866700,56.2,39.2,47.5,15.6,2.26,3.0,97,0.1,1,100,Moderate or heavy rain shower
866702,55.8,39.2,47.1,15.5,2.22,3.0,97,0.1,1,100,Moderate or heavy rain shower
866703,59.5,40.1,48.4,14.7,1.85,3.0,97,0.1,1,100,Moderate or heavy rain shower
866705,59.0,40.1,48.6,15.5,2.21,3.0,97,0.1,1,100,Moderate or heavy rain shower
866706,58.8,39.9,48.0,15.8,2.24,3.0,97,0.1,1,100,Moderate or heavy rain shower
866709,59.5,40.1,48.4,14.7,1.85,3.0,97,0.1,1,100,Moderate or heavy rain shower
866711,57.3,38.5,46.6,15.9,1.96,3.0,97,0.1,1,100,Moderate or heavy rain shower
866712,56.2,39.2,47.5,15.6,2.26,3.0,97,0.1,1,100,Moderate or heavy rain shower
865943,45.1,36.6,39.7,12.5,1.66,4.0,95,0.1,1,100,Moderate or heavy rain shower
869324,46.0,41.1,43.3,10.5,2.19,3.0,98,0.1,1,100,Moderate or heavy rain shower
865945,45.5,37.9,41.0,12.1,1.52,3.0,97,0.1,1,100,Moderate or heavy rain shower
865946,44.6,37.0,39.9,13.1,1.22,4.0,96,0.1,1,100,Moderate or heavy rain shower
868893,64.2,42.6,55.7,20.6,2.06,5.0,85,0.1,1,100,Moderate or heavy rain shower
868897,63.1,41.5,55.0,21.0,2.52,5.0,84,0.1,1,100,Moderate or heavy rain shower
868895,64.2,41.8,55.5,18.4,2.64,4.0,84,0.1,1,100,Moderate or heavy rain shower
868896,64.2,40.4,52.4,20.8,2.58,5.0,86,0.1,1,100,Moderate or heavy rain shower
867883,61.0,47.7,54.4,9.4,2.39,3.0,95,0.3,1,100,Moderate or heavy rain shower
872338,43.5,36.6,39.5,8.7,1.33,4.0,92,0.3,1,100,Moderate or heavy rain shower
872339,43.1,37.0,39.5,12.0,1.27,4.0,92,0.3,1,100,Moderate or heavy rain shower
883049,58.6,48.7,52.8,16.3,0.76,5.0,91,0.5,1,100,Moderate or heavy rain shower
876304,63.3,50.9,55.9,13.9,1.02,4.0,89,0.5,1,100,Moderate or heavy rain shower
876308,61.5,50.4,55.1,14.8,0.81,4.0,89,0.6,1,100,Moderate or heavy rain shower
883151,66.3,48.9,58.1,14.9,0.35,4.0,89,0.8,1,100,Moderate rain at times
883152,65.7,48.2,57.1,12.4,1.13,5.0,88,0.9,1,100,Moderate or heavy rain shower
883255,66.4,49.0,58.7,12.2,0.42,3.0,92,1.0,1,100,Moderate or heavy rain shower
883254,65.7,48.2,57.1,12.4,1.13,5.0,88,0.9,1,100,Moderate or heavy rain shower
883259,68.4,50.7,59.7,14.0,0.48,4.0,87,1.0,1,100,Moderate rain at times
883260,65.9,48.9,58.5,12.6,0.38,3.0,91,0.9,1,100,Patchy rain possible
883256,65.8,48.0,57.5,14.6,0.56,5.0,86,0.9,1,100,Moderate or heavy rain shower
883257,65.8,48.0,57.5,14.6,0.56,5.0,86,0.9,1,100,Moderate or heavy rain shower
883258,65.8,48.0,57.5,14.6,0.56,5.0,86,0.9,1,100,Moderate or heavy rain shower
883284,77.3,65.1,70.2,15.9,0.24,6.0,87,3.6,1,100,Overcast
880246,70.1,52.0,59.5,11.8,1.02,4.0,91,2.1,1,100,Moderate or heavy rain shower
880257,71.3,52.7,60.0,12.2,1.19,4.0,92,2.0,1,100,Moderate or heavy rain shower
880249,70.3,51.0,59.9,10.4,1.11,5.0,91,2.6,1,100,Moderate or heavy rain shower
880255,70.3,51.0,59.9,10.4,1.11,5.0,91,2.6,1,100,Moderate or heavy rain shower
880252,70.3,51.0,59.9,10.4,1.11,5.0,91,2.6,1,100,Moderate or heavy rain shower
880261,70.7,52.8,60.4,11.0,1.2,5.0,92,2.5,1,100,Moderate or heavy rain shower
895612,70.3,61.0,66.1,11.3,2.02,4.0,94,3.6,1,100,Moderate or heavy rain shower
895613,70.3,61.0,66.1,11.3,2.02,4.0,94,3.6,1,100,Moderate or heavy rain shower
882012,73.8,62.8,68.0,9.2,1.74,4.0,94,4.5,1,100,Moderate or heavy rain shower
882014,73.8,62.8,68.0,9.2,1.74,4.0,94,4.5,1,100,Moderate or heavy rain shower
882098,73.6,63.9,67.3,10.3,1.88,5.0,93,4.9,1,100,Moderate or heavy rain shower
882097,72.3,63.1,67.5,8.5,1.3,4.0,95,4.9,1,100,Moderate or heavy rain shower
895614,62.7,57.1,60.1,13.9,3.11,3.0,98,1.5,1,100,Moderate or heavy rain shower
882780,62.4,55.5,60.3,13.6,3.42,3.0,97,1.5,1,100,Moderate or heavy rain shower
891280,63.9,56.2,61.3,14.3,2.76,3.0,96,1.5,1,100,Moderate or heavy rain shower
895617,61.5,57.4,59.3,12.8,2.73,3.0,97,1.6,1,100,Moderate or heavy rain shower
895622,61.5,57.4,59.3,12.8,2.73,3.0,97,1.6,1,100,Moderate or heavy rain shower
897323,61.5,57.4,59.3,12.8,2.73,3.0,97,1.6,1,100,Moderate or heavy rain shower
897330,60.9,57.9,59.8,14.5,3.19,3.0,98,1.7,1,100,Moderate or heavy rain shower
897334,61.8,57.7,59.8,14.2,2.61,3.0,97,1.8,1,100,Moderate or heavy rain shower
897337,61.8,57.7,59.8,14.2,2.61,3.0,97,1.8,1,100,Moderate or heavy rain shower
897338,60.9,57.9,59.8,14.5,3.19,3.0,98,1.7,1,100,Moderate or heavy rain shower
897340,60.9,57.9,59.8,14.5,3.19,3.0,98,1.7,1,100,Moderate or heavy rain shower
897341,62.8,57.2,59.9,14.1,3.13,3.0,98,1.6,1,100,Moderate or heavy rain shower
897343,61.8,57.7,59.8,14.2,2.61,3.0,97,1.8,1,100,Moderate or heavy rain shower
897347,62.8,57.2,59.9,14.1,3.13,3.0,98,1.6,1,100,Moderate or heavy rain shower
897354,61.8,57.7,59.8,14.2,2.61,3.0,97,1.8,1,100,Moderate or heavy rain shower
882817,84.4,64.6,72.3,5.8,0.07,4.0,83,4.0,1,100,Patchy rain possible
882873,83.2,62.5,72.4,5.2,0.24,3.0,85,7.0,1,100,Moderate or heavy rain shower
882815,84.4,64.6,72.3,5.8,0.07,4.0,83,4.0,1,100,Patchy rain possible
882812,83.2,66.4,73.4,7.9,0.01,6.0,81,8.3,1,100,Patchy rain possible
882875,81.7,63.7,73.1,3.6,0.08,4.0,83,4.5,1,100,Heavy rain at times
882872,83.2,62.5,72.4,5.2,0.24,3.0,85,7.0,1,100,Moderate or heavy rain shower
882811,81.7,65.1,72.0,6.5,0.19,4.0,86,7.1,1,100,Moderate or heavy rain shower
882883,83.2,62.5,72.4,5.2,0.24,3.0,85,7.0,1,100,Moderate or heavy rain shower
882877,83.2,62.5,72.4,5.2,0.24,3.0,85,7.0,1,100,Moderate or heavy rain shower
882879,83.2,62.5,72.4,5.2,0.24,3.0,85,7.0,1,100,Moderate or heavy rain shower
882810,83.7,63.1,72.4,5.6,0.07,4.0,86,6.2,1,100,Heavy rain at times
898062,82.5,64.4,72.3,7.6,0.17,4.0,86,8.5,1,100,Moderate or heavy rain shower
882863,82.1,63.0,73.0,5.0,0.24,4.0,80,7.5,1,100,Moderate or heavy rain shower
882865,85.4,63.9,73.8,2.9,0.05,4.0,80,8.6,1,100,Heavy rain at times
882866,85.4,63.9,73.8,2.9,0.05,4.0,80,8.6,1,100,Heavy rain at times
882867,85.4,63.9,73.8,2.9,0.05,4.0,80,8.6,1,100,Heavy rain at times
883635,85.4,63.9,73.8,2.9,0.05,4.0,80,8.6,1,100,Heavy rain at times
899007,82.2,68.2,74.1,9.2,1.7,6.0,84,6.9,1,100,Moderate or heavy rain shower
906614,78.0,59.4,69.0,5.4,0.04,5.0,84,10.3,1,100,Patchy rain possible
906615,78.0,59.4,69.0,5.4,0.04,5.0,84,10.3,1,100,Patchy rain possible
899012,83.2,71.8,76.9,11.9,1.19,5.0,87,8.9,1,100,Moderate or heavy rain shower
906553,82.1,70.2,76.1,9.8,1.28,5.0,91,4.2,1,100,Moderate or heavy rain shower
899013,82.1,70.7,76.6,10.7,1.75,5.0,90,3.1,1,100,Moderate or heavy rain shower
899021,81.2,71.2,75.9,11.6,1.38,5.0,89,4.1,1,100,Moderate or heavy rain shower
906554,80.2,69.3,74.0,10.7,2.41,6.0,92,4.2,1,100,Moderate or heavy rain shower
906555,80.2,69.3,74.0,10.7,2.41,6.0,92,4.5,1,100,Moderate or heavy rain shower
906556,82.1,70.2,76.1,9.8,1.28,5.0,91,4.2,1,100,Moderate or heavy rain shower
906557,80.2,69.3,74.0,10.7,2.41,6.0,92,4.5,1,100,Moderate or heavy rain shower
906558,80.2,69.3,74.0,10.7,2.41,6.0,92,4.5,1,100,Moderate or heavy rain shower
906559,80.1,69.8,74.9,9.4,1.38,5.0,94,6.3,1,100,Moderate or heavy rain shower
906560,81.5,69.3,74.6,10.4,0.65,5.0,93,3.6,1,100,Moderate or heavy rain shower
906561,82.1,70.2,76.1,9.8,1.28,5.0,91,4.2,1,100,Moderate or heavy rain shower
906562,81.9,69.4,75.7,11.2,0.46,4.0,90,4.2,1,100,Moderate or heavy rain shower
906563,81.9,69.4,75.7,11.2,0.46,4.0,90,4.2,1,100,Moderate or heavy rain shower
906564,84.7,67.6,75.6,6.5,1.11,5.0,89,4.9,1,100,Moderate or heavy rain shower
906565,83.8,67.2,74.3,6.0,0.91,4.0,89,5.2,1,100,Moderate or heavy rain shower
906566,84.7,67.6,75.6,6.5,1.11,5.0,89,4.9,1,100,Moderate or heavy rain shower
906567,83.8,67.2,74.3,6.0,0.91,4.0,89,5.2,1,100,Moderate or heavy rain shower
906568,84.7,67.6,75.6,6.5,1.11,5.0,89,4.9,1,100,Moderate or heavy rain shower
906569,84.7,67.6,75.6,6.5,1.11,5.0,89,4.9,1,100,Moderate or heavy rain shower
906570,84.7,67.6,75.6,6.5,1.11,5.0,89,4.9,1,100,Moderate or heavy rain shower
914808,84.7,67.6,75.6,6.5,1.11,5.0,89,4.9,1,100,Moderate or heavy rain shower
892422,83.3,69.1,74.7,6.2,1.11,4.0,91,3.7,1,100,Moderate or heavy rain shower
906571,82.9,66.7,74.5,6.0,1.19,4.0,89,4.7,1,100,Moderate or heavy rain shower
906572,87.0,70.0,77.0,4.9,0.76,5.0,77,6.6,1,100,Moderate or heavy rain shower
892424,83.3,69.1,74.7,6.2,1.11,4.0,91,3.7,1,100,Moderate or heavy rain shower
906589,84.7,67.2,75.6,6.3,0.95,4.0,89,4.5,1,100,Moderate or heavy rain shower
906573,84.9,67.8,75.6,6.5,0.87,4.0,89,5.4,1,100,Moderate or heavy rain shower
906590,87.0,70.0,77.0,4.9,0.76,5.0,77,6.6,1,100,Moderate or heavy rain shower
906591,86.7,68.4,76.7,6.3,1.09,5.0,86,5.9,1,100,Moderate or heavy rain shower
906592,84.9,67.8,75.6,6.5,0.87,4.0,89,5.4,1,100,Moderate or heavy rain shower
906593,82.9,66.7,74.5,6.0,1.19,4.0,89,4.7,1,100,Moderate or heavy rain shower
906594,87.0,70.0,77.0,4.9,0.76,5.0,77,6.6,1,100,Moderate or heavy rain shower
906595,82.9,66.7,74.5,6.0,1.19,4.0,89,4.7,1,100,Moderate or heavy rain shower
892425,82.0,68.3,74.0,5.6,0.75,3.0,95,4.0,1,100,Moderate or heavy rain shower
906596,86.7,68.4,76.7,6.3,1.09,5.0,86,5.9,1,100,Moderate or heavy rain shower
906597,86.7,68.4,76.7,6.3,1.09,5.0,86,5.9,1,100,Moderate or heavy rain shower
891207,83.7,68.3,74.4,4.3,0.45,4.0,87,5.9,1,100,Moderate or heavy rain shower
899101,84.0,70.7,76.6,11.2,1.6,2.0,92,3.7,1,100,Moderate or heavy rain shower
892106,85.6,68.2,75.8,3.8,0.46,5.0,73,6.4,1,100,Moderate or heavy rain shower
892433,79.1,68.7,73.3,3.8,0.27,4.0,90,4.6,1,100,Moderate or heavy rain shower
905101,82.8,71.2,77.0,7.7,0.23,3.0,91,6.3,1,100,Moderate or heavy rain shower
908084,89.9,70.0,79.0,5.6,0.13,6.0,79,11.1,1,100,Moderate or heavy rain shower
905229,86.8,70.5,78.5,7.6,0.35,5.0,80,8.1,1,100,Moderate or heavy rain shower
913357,89.9,70.0,79.0,5.6,0.13,6.0,79,11.1,1,100,Moderate or heavy rain shower
905237,90.0,74.1,82.2,2.5,0.1,6.0,78,10.9,1,100,Heavy rain at times
913358,90.3,76.5,82.6,3.0,0.17,5.0,69,6.8,1,100,Moderate or heavy rain shower
905361,86.0,72.3,79.0,4.3,0.3,5.0,88,4.7,1,100,Moderate or heavy rain shower
905369,86.2,72.9,79.0,6.0,0.81,5.0,87,5.0,1,100,Moderate or heavy rain shower
913756,86.9,70.7,78.0,4.0,0.32,3.0,87,8.3,1,100,Moderate or heavy rain shower
913757,86.9,70.7,78.0,4.0,0.32,3.0,87,8.3,1,100,Moderate or heavy rain shower
913758,86.9,70.7,78.0,4.0,0.32,3.0,87,8.3,1,100,Moderate or heavy rain shower
913761,86.9,70.7,78.0,4.0,0.32,3.0,87,8.3,1,100,Moderate or heavy rain shower
905378,86.0,71.8,78.8,5.6,0.43,5.0,86,4.5,1,100,Heavy rain at times
913759,86.9,70.7,78.0,4.0,0.32,3.0,87,8.3,1,100,Moderate or heavy rain shower
905472,91.3,73.9,81.9,7.8,0.09,5.0,84,12.1,1,100,Moderate or heavy rain shower
913763,86.1,70.3,78.2,4.9,0.35,5.0,83,5.8,1,100,Moderate or heavy rain shower
913765,86.1,70.3,78.2,4.9,0.35,5.0,83,5.8,1,100,Moderate or heavy rain shower
896306,83.6,67.8,75.0,4.0,0.06,5.0,83,9.6,1,100,Patchy rain possible
905688,86.0,73.5,79.6,4.9,0.15,4.0,85,5.1,1,100,Moderate rain at times
913635,80.7,73.0,77.6,9.1,1.63,5.0,82,2.8,1,100,Moderate or heavy rain shower
913639,79.0,68.8,76.8,9.5,1.7,5.0,82,2.5,1,100,Moderate or heavy rain shower
913641,80.7,73.0,77.6,9.1,1.63,5.0,82,2.8,1,100,Moderate or heavy rain shower
900786,84.6,63.5,73.3,3.8,0.15,5.0,82,6.4,1,100,Heavy rain at times
910215,83.9,72.8,77.9,6.9,0.56,3.0,86,4.1,1,100,Moderate or heavy rain shower
918516,85.1,70.5,76.3,7.8,0.08,5.0,92,6.6,1,100,Heavy rain at times
918680,78.7,70.0,74.1,6.9,0.68,5.0,94,4.7,1,100,Moderate or heavy rain shower
918684,78.7,70.0,74.1,6.9,0.68,5.0,94,4.6,1,100,Moderate or heavy rain shower
918698,79.4,70.2,74.2,8.1,0.54,4.0,93,4.4,1,100,Moderate or heavy rain shower
918699,78.7,70.0,74.1,6.9,0.68,5.0,94,4.6,1,100,Moderate or heavy rain shower
918701,79.9,71.1,74.7,5.8,0.47,5.0,84,4.3,1,100,Moderate or heavy rain shower
918702,79.9,71.1,74.7,5.8,0.47,5.0,84,4.3,1,100,Moderate or heavy rain shower
918703,79.0,70.2,73.4,6.3,1.12,5.0,89,5.1,1,100,Moderate or heavy rain shower
918704,79.9,71.1,74.7,5.8,0.47,5.0,84,4.3,1,100,Moderate or heavy rain shower
902584,79.5,69.5,73.4,4.5,0.22,5.0,95,4.2,1,100,Moderate or heavy rain shower
909799,77.0,61.7,68.9,4.3,1.21,4.0,87,3.0,1,100,Moderate or heavy rain shower
921002,81.3,72.1,75.2,11.0,0.2,5.0,93,3.7,1,100,Moderate or heavy rain shower
921005,81.0,70.9,75.0,13.1,0.73,3.0,93,2.1,1,100,Moderate or heavy rain shower
921004,81.7,71.0,75.4,13.0,0.8,3.0,92,2.7,1,100,Heavy rain at times
913583,82.0,70.6,75.7,12.6,0.52,4.0,92,2.8,1,100,Moderate rain at times
921003,85.1,73.0,77.8,10.1,0.93,6.0,77,5.4,1,100,Moderate or heavy rain shower
921006,84.4,72.5,77.2,9.8,1.1,6.0,79,5.4,1,100,Moderate or heavy rain shower
921007,84.4,72.5,77.2,9.8,1.1,6.0,79,5.4,1,100,Moderate or heavy rain shower
921008,81.7,69.6,74.4,10.1,1.19,5.0,90,4.0,1,100,Moderate or heavy rain shower
921009,84.4,72.5,77.2,9.8,1.1,6.0,79,5.4,1,100,Moderate or heavy rain shower
912496,84.9,63.9,73.3,5.4,1.12,2.0,86,2.7,1,100,Moderate rain at times
916090,84.9,63.9,73.3,5.4,1.12,2.0,86,2.7,1,100,Moderate rain at times
912498,84.9,63.9,73.3,5.4,1.12,2.0,86,2.7,1,100,Moderate rain at times
912501,84.9,63.9,73.3,5.4,1.12,2.0,86,2.7,1,100,Moderate rain at times
912510,84.9,63.9,73.3,5.4,1.12,2.0,86,2.7,1,100,Moderate rain at times
912526,84.9,63.9,73.3,5.4,1.12,2.0,86,2.7,1,100,Moderate rain at times
912512,84.9,63.9,73.3,5.4,1.12,2.0,86,2.7,1,100,Moderate rain at times
912514,85.3,63.5,74.1,6.5,0.43,3.0,86,3.2,1,100,Moderate or heavy rain shower
921300,75.0,67.5,71.7,9.4,1.2,4.0,95,2.8,1,100,Moderate or heavy rain shower
921301,76.8,68.9,72.7,8.9,1.27,4.0,94,3.7,1,100,Moderate or heavy rain shower
921302,74.5,67.9,71.4,9.6,1.05,4.0,95,2.1,1,100,Moderate or heavy rain shower
921303,75.0,67.5,71.7,9.4,1.2,4.0,95,2.8,1,100,Moderate or heavy rain shower
912721,74.9,67.3,70.4,4.0,0.47,3.0,97,1.9,1,100,Moderate or heavy rain shower
935967,51.1,43.0,46.7,13.0,2.41,3.0,95,0.2,1,100,Moderate or heavy rain shower
938410,54.5,37.8,46.3,12.3,2.85,3.0,97,0.2,1,100,Moderate or heavy rain shower
938179,65.4,48.9,57.2,13.7,3.5,3.0,96,0.5,1,100,Moderate or heavy rain shower
938184,64.3,48.2,56.7,12.9,3.7,3.0,97,0.5,1,100,Moderate or heavy rain shower
938190,65.4,48.9,57.2,13.7,3.5,3.0,96,0.5,1,100,Moderate or heavy rain shower
938201,65.4,48.9,57.2,13.7,3.5,3.0,96,0.5,1,100,Moderate or heavy rain shower
938196,65.4,48.9,57.2,13.7,3.5,3.0,96,0.5,1,100,Moderate or heavy rain shower
940993,64.6,54.0,61.2,14.8,2.19,4.0,87,0.5,1,100,Moderate or heavy rain shower
938211,69.0,53.6,60.2,14.8,1.94,5.0,90,0.9,1,100,Moderate or heavy rain shower
940964,63.9,54.3,60.9,15.0,2.28,3.0,88,0.5,1,100,Moderate or heavy rain shower
938209,69.0,53.6,60.2,14.8,1.94,5.0,90,0.9,1,100,Moderate or heavy rain shower
938217,68.2,54.9,60.4,16.0,0.95,5.0,93,0.8,1,100,Moderate or heavy rain shower
940967,63.3,53.1,60.4,15.0,1.92,4.0,88,0.5,1,100,Moderate or heavy rain shower
940968,63.1,54.6,60.5,14.1,2.53,4.0,89,0.7,1,100,Moderate or heavy rain shower
940971,63.1,53.4,59.8,14.8,3.1,4.0,91,0.6,1,100,Moderate or heavy rain shower
938736,63.7,53.7,60.2,17.1,3.17,4.0,92,0.7,1,100,Moderate or heavy rain shower
945069,63.5,54.0,60.2,16.3,3.45,5.0,91,0.8,1,100,Moderate or heavy rain shower
945070,62.6,51.2,58.7,19.0,3.45,4.0,94,0.7,1,100,Moderate or heavy rain shower
945084,63.5,53.0,59.7,18.0,3.57,3.0,93,0.5,1,100,Moderate or heavy rain shower
945087,63.5,53.0,59.7,18.0,3.57,3.0,93,0.5,1,100,Moderate or heavy rain shower
945090,63.7,53.7,60.2,17.1,3.17,4.0,92,0.7,1,100,Moderate or heavy rain shower
945071,64.8,50.7,58.1,17.0,3.63,3.0,95,0.5,1,100,Moderate or heavy rain shower
938230,66.8,47.8,57.2,11.6,2.8,4.0,95,0.7,1,100,Moderate or heavy rain shower
938239,65.6,50.8,58.8,15.4,3.84,3.0,94,0.5,1,100,Moderate or heavy rain shower
945098,63.7,53.7,60.2,17.1,3.17,4.0,92,0.7,1,100,Moderate or heavy rain shower
938244,66.9,51.6,58.5,13.2,2.73,3.0,93,0.7,1,100,Moderate or heavy rain shower
938245,69.0,53.6,60.2,14.8,1.94,5.0,90,0.9,1,100,Moderate or heavy rain shower
938246,66.9,51.6,58.5,13.2,2.73,3.0,93,0.7,1,100,Moderate or heavy rain shower
945120,68.0,55.2,61.5,17.9,3.24,4.0,93,0.4,1,100,Moderate or heavy rain shower
945100,62.6,51.2,58.7,19.0,3.45,4.0,94,0.7,1,100,Moderate or heavy rain shower
938248,64.9,54.0,58.4,15.9,3.43,3.0,94,0.5,1,100,Moderate or heavy rain shower
945123,63.7,53.7,60.2,17.1,3.17,4.0,92,0.7,1,100,Moderate or heavy rain shower
945124,69.2,54.6,61.5,15.2,3.17,4.0,93,0.5,1,100,Moderate or heavy rain shower
945118,65.6,50.8,58.8,15.4,3.84,3.0,94,0.5,1,100,Moderate or heavy rain shower
938291,66.8,47.8,57.2,11.6,2.8,4.0,95,0.7,1,100,Moderate or heavy rain shower
945126,65.1,51.3,59.5,17.9,3.44,3.0,94,0.5,1,100,Moderate or heavy rain shower
938293,68.7,52.7,59.3,12.7,2.23,3.0,95,0.6,1,100,Moderate or heavy rain shower
938295,66.9,51.6,58.5,13.2,2.73,3.0,93,0.7,1,100,Moderate or heavy rain shower
938498,65.6,50.8,58.8,15.4,3.84,3.0,94,0.5,1,100,Moderate or heavy rain shower
938556,69.2,52.7,60.2,14.2,1.88,4.0,93,0.8,1,100,Moderate or heavy rain shower
938564,68.3,55.8,60.5,15.5,1.92,4.0,93,0.7,1,100,Moderate or heavy rain shower
945129,64.8,50.7,58.1,17.0,3.63,3.0,95,0.5,1,100,Moderate or heavy rain shower
938587,57.0,36.9,46.5,9.8,0.94,4.0,86,1.4,1,100,Moderate rain at times
938588,57.4,35.7,47.2,8.5,0.77,4.0,86,1.8,1,100,Moderate rain at times
938589,56.8,36.0,47.1,8.6,1.28,5.0,89,1.0,1,100,Moderate or heavy rain shower
938829,56.8,36.0,47.1,8.6,1.28,5.0,89,1.0,1,100,Moderate or heavy rain shower
938832,56.8,36.0,47.1,8.6,1.28,5.0,89,1.0,1,100,Moderate or heavy rain shower
938838,55.7,34.2,45.8,9.2,0.78,5.0,86,1.5,1,100,Heavy rain at times
938845,55.0,33.1,45.5,10.6,0.83,4.0,89,1.2,1,100,Heavy rain at times
938847,57.2,35.6,47.0,8.7,0.91,4.0,88,0.9,1,100,Heavy rain at times
938848,57.4,35.7,47.2,8.5,0.77,4.0,86,1.8,1,100,Moderate rain at times
938851,57.2,35.6,47.0,8.7,0.91,4.0,88,0.9,1,100,Heavy rain at times
938304,69.1,51.9,60.3,12.2,1.89,5.0,81,1.7,1,100,Moderate or heavy rain shower
938305,67.5,49.3,58.8,13.0,1.79,4.0,83,1.5,1,100,Moderate or heavy rain shower
938306,69.1,51.9,60.3,12.2,1.89,5.0,81,1.7,1,100,Moderate or heavy rain shower
938308,69.1,51.9,60.3,12.2,1.89,5.0,81,1.7,1,100,Moderate or heavy rain shower
938309,66.6,48.7,58.8,11.4,0.9,5.0,85,1.2,1,100,Moderate or heavy rain shower
950850,61.9,43.9,56.4,17.2,1.39,5.0,80,2.1,1,100,Moderate or heavy rain shower
950864,61.6,44.5,57.0,14.1,1.63,5.0,84,2.1,1,100,Moderate or heavy rain shower
950857,61.6,44.5,57.0,14.1,1.63,5.0,84,2.1,1,100,Moderate or heavy rain shower
950854,60.8,44.0,56.8,15.9,1.83,5.0,83,2.0,1,100,Moderate or heavy rain shower
950858,59.8,43.7,56.0,15.2,1.24,6.0,85,2.3,1,100,Moderate or heavy rain shower
950859,59.8,43.7,56.0,15.2,1.24,6.0,85,2.3,1,100,Moderate or heavy rain shower
950860,59.8,43.7,56.0,15.2,1.24,6.0,85,2.3,1,100,Moderate or heavy rain shower
952848,76.5,61.6,67.9,8.9,0.35,6.0,81,5.8,1,100,Moderate or heavy rain shower
949762,69.7,59.4,65.4,15.6,0.73,5.0,91,2.6,1,100,Moderate or heavy rain shower
953992,72.0,55.9,65.8,13.6,0.42,5.0,89,3.4,1,100,Moderate or heavy rain shower
962806,78.4,63.1,68.6,11.6,1.09,4.0,89,2.8,1,100,Moderate or heavy rain shower
962808,74.5,62.5,67.6,13.4,1.92,4.0,91,2.7,1,100,Moderate or heavy rain shower
962809,75.2,60.9,68.0,13.1,0.94,5.0,90,2.8,1,100,Moderate or heavy rain shower
962834,75.2,60.9,68.0,13.1,0.94,5.0,90,2.8,1,100,Moderate or heavy rain shower
963057,74.4,61.8,67.6,13.3,1.18,5.0,91,2.7,1,100,Moderate or heavy rain shower
962843,74.4,61.8,67.6,13.3,1.18,5.0,91,2.7,1,100,Moderate or heavy rain shower
963055,75.2,60.9,68.0,13.1,0.94,5.0,90,2.8,1,100,Moderate or heavy rain shower
963056,74.5,62.5,67.6,13.4,1.92,4.0,91,2.7,1,100,Moderate or heavy rain shower
963054,75.2,60.9,68.0,13.1,0.94,5.0,90,2.8,1,100,Moderate or heavy rain shower
963052,74.0,58.7,66.9,12.2,0.8,5.0,89,2.3,1,100,Moderate or heavy rain shower
963051,74.4,61.8,67.6,13.3,1.18,5.0,91,2.7,1,100,Moderate or heavy rain shower
963049,75.2,60.9,68.0,13.1,0.94,5.0,90,2.8,1,100,Moderate or heavy rain shower
963048,75.2,60.9,68.0,13.1,0.94,5.0,90,2.8,1,100,Moderate or heavy rain shower
963047,78.4,63.1,68.6,11.6,1.09,4.0,89,2.8,1,100,Moderate or heavy rain shower
963043,75.2,63.5,68.0,12.6,1.53,4.0,91,2.3,1,100,Moderate or heavy rain shower
963046,78.4,63.1,68.6,11.6,1.09,4.0,89,2.8,1,100,Moderate or heavy rain shower
963045,74.5,62.5,67.6,13.4,1.92,4.0,91,2.7,1,100,Moderate or heavy rain shower
963044,75.2,63.5,68.0,12.6,1.53,4.0,91,2.3,1,100,Moderate or heavy rain shower
953993,72.8,57.7,66.5,12.9,0.43,5.0,89,3.3,1,100,Moderate or heavy rain shower
953994,73.6,58.0,66.5,12.5,0.38,5.0,89,2.9,1,100,Moderate or heavy rain shower
961284,73.6,61.0,67.4,7.8,1.82,4.0,93,2.2,1,100,Moderate or heavy rain shower
958809,74.1,66.4,69.7,7.2,1.72,4.0,86,4.8,1,100,Moderate or heavy rain shower
957848,77.4,66.2,71.6,7.7,1.15,3.0,82,3.6,1,100,Moderate or heavy rain shower
958972,81.7,66.9,73.4,7.3,0.23,4.0,87,2.5,1,100,Moderate or heavy rain shower
970178,77.7,68.4,72.6,5.6,0.25,5.0,93,3.2,1,100,Moderate or heavy rain shower
956434,79.9,66.7,72.1,5.8,0.84,4.0,90,3.7,1,100,Moderate or heavy rain shower
957850,79.9,66.7,72.1,5.8,0.84,4.0,90,3.7,1,100,Moderate or heavy rain shower
956433,79.9,66.7,72.1,5.8,0.84,4.0,90,3.7,1,100,Moderate or heavy rain shower
956430,79.9,66.7,72.1,5.8,0.84,4.0,90,3.7,1,100,Moderate or heavy rain shower
956422,79.9,66.7,72.1,5.8,0.84,4.0,90,3.7,1,100,Moderate or heavy rain shower
956418,79.9,66.7,72.1,5.8,0.84,4.0,90,3.7,1,100,Moderate or heavy rain shower
957856,79.9,66.7,72.1,5.8,0.84,4.0,90,3.7,1,100,Moderate or heavy rain shower
956417,78.3,66.1,71.5,5.8,0.66,3.0,95,4.3,1,100,Moderate or heavy rain shower
956419,78.3,66.1,71.5,5.8,0.66,3.0,95,4.3,1,100,Moderate or heavy rain shower
956413,77.4,67.5,71.6,6.0,0.45,4.0,94,4.3,1,100,Moderate or heavy rain shower
956415,77.4,67.5,71.6,6.0,0.45,4.0,94,4.3,1,100,Moderate or heavy rain shower
956416,77.4,67.5,71.6,6.0,0.45,4.0,94,4.3,1,100,Moderate or heavy rain shower
956414,77.4,67.5,71.6,6.0,0.45,4.0,94,4.3,1,100,Moderate or heavy rain shower
956412,77.4,67.5,71.6,6.0,0.45,4.0,94,4.3,1,100,Moderate or heavy rain shower
956375,78.3,66.1,71.5,5.8,0.66,3.0,95,4.3,1,100,Moderate or heavy rain shower
956376,78.3,66.1,71.5,5.8,0.66,3.0,95,4.3,1,100,Moderate or heavy rain shower
956378,78.3,66.1,71.5,5.8,0.66,3.0,95,4.3,1,100,Moderate or heavy rain shower
970182,84.1,69.8,75.3,8.0,0.1,5.0,82,11.6,1,100,Moderate or heavy rain shower
953972,81.8,70.0,74.9,8.2,0.26,4.0,80,10.0,1,100,Moderate or heavy rain shower
968773,84.1,69.8,75.3,8.0,0.1,5.0,82,11.6,1,100,Moderate or heavy rain shower
962982,84.7,67.8,75.1,10.1,0.37,5.0,76,6.9,1,100,Moderate or heavy rain shower
953973,83.9,68.4,75.2,10.1,0.26,5.0,78,8.8,1,100,Moderate or heavy rain shower
969805,83.5,67.6,74.7,12.8,0.59,5.0,85,4.6,1,100,Moderate or heavy rain shower
961289,81.5,61.5,74.4,12.0,1.02,5.0,82,8.2,1,100,Moderate or heavy rain shower
970376,72.0,65.6,70.3,8.8,2.24,5.0,95,4.9,1,100,Moderate or heavy rain shower
970381,73.0,65.8,70.3,7.9,1.56,5.0,95,3.3,1,100,Moderate or heavy rain shower
970382,73.9,68.4,70.9,8.5,1.8,4.0,95,4.6,1,100,Moderate or heavy rain shower
970383,72.0,65.6,70.3,8.8,2.24,5.0,95,4.9,1,100,Moderate or heavy rain shower
970384,73.9,68.4,70.9,8.5,1.8,4.0,95,4.6,1,100,Moderate or heavy rain shower
975603,73.1,66.3,71.2,7.2,1.46,2.0,96,3.3,1,100,Moderate or heavy rain shower
975611,73.7,68.2,70.8,9.2,1.18,4.0,95,4.4,1,100,Moderate or heavy rain shower
975605,73.7,68.2,70.8,9.2,1.18,4.0,95,4.4,1,100,Moderate or heavy rain shower
975604,73.7,68.2,70.8,9.2,1.18,4.0,95,4.4,1,100,Moderate or heavy rain shower
975613,75.5,68.4,71.9,7.0,1.13,4.0,96,3.4,1,100,Moderate or heavy rain shower
975614,75.5,68.4,71.9,7.0,1.13,4.0,96,3.4,1,100,Moderate or heavy rain shower
975617,75.5,68.4,71.9,7.0,1.13,4.0,96,3.4,1,100,Moderate or heavy rain shower
975631,73.5,68.6,70.8,8.4,0.97,4.0,95,5.7,1,100,Moderate or heavy rain shower
975618,73.9,68.4,70.9,8.5,1.8,4.0,95,4.6,1,100,Moderate or heavy rain shower
964715,85.9,66.9,75.2,6.5,0.44,4.0,89,6.7,1,100,Moderate or heavy rain shower
964716,85.9,66.9,75.2,6.5,0.44,4.0,89,6.7,1,100,Moderate or heavy rain shower
964706,85.2,67.5,74.4,6.0,0.52,4.0,90,7.0,1,100,Moderate or heavy rain shower
964709,82.5,64.9,72.4,6.1,0.56,4.0,88,5.2,1,100,Moderate or heavy rain shower
964710,82.5,64.9,72.4,6.1,0.56,4.0,88,5.2,1,100,Moderate or heavy rain shower
964711,82.5,64.9,72.4,6.1,0.56,4.0,88,5.2,1,100,Moderate or heavy rain shower
964712,82.5,64.9,72.4,6.1,0.56,4.0,88,5.2,1,100,Moderate or heavy rain shower
964713,82.5,64.9,72.4,6.1,0.56,4.0,88,5.2,1,100,Moderate or heavy rain shower
964714,82.5,64.9,72.4,6.1,0.56,4.0,88,5.2,1,100,Moderate or heavy rain shower
965492,78.4,69.7,73.5,10.7,0.4,5.0,89,6.2,1,100,Moderate or heavy rain shower
968466,78.8,70.8,74.1,10.5,0.3,5.0,87,4.3,1,100,Moderate or heavy rain shower
965491,78.4,69.7,73.5,10.7,0.4,5.0,89,6.2,1,100,Moderate or heavy rain shower
964721,83.7,69.8,75.4,9.4,0.84,4.0,78,4.4,1,100,Moderate or heavy rain shower
975708,82.8,69.1,75.5,9.8,0.54,5.0,84,8.9,1,100,Moderate or heavy rain shower
964812,77.9,69.3,73.3,7.7,0.21,4.0,93,4.2,1,100,Moderate or heavy rain shower
964808,78.0,67.3,70.7,4.9,1.06,2.0,93,3.2,1,100,Moderate or heavy rain shower
964809,78.0,67.3,70.7,4.9,1.06,2.0,93,3.2,1,100,Moderate or heavy rain shower
968027,80.9,71.1,75.3,5.5,0.68,4.0,84,5.7,1,100,Moderate or heavy rain shower
968022,79.4,71.1,75.1,7.8,1.31,4.0,87,5.0,1,100,Moderate or heavy rain shower
965408,91.9,68.5,79.9,12.2,0.01,5.0,76,11.3,1,100,Patchy rain possible
973863,91.5,68.9,79.0,12.5,0.0,5.0,78,10.6,1,100,Patchy rain possible
976057,92.8,69.2,81.2,11.9,0.01,5.0,71,11.5,1,100,Patchy rain possible
975715,90.9,68.9,79.5,12.6,0.01,5.0,77,11.4,1,100,Patchy rain possible
975739,83.6,68.2,76.3,10.0,0.01,6.0,78,7.6,1,100,Overcast
976230,84.9,71.4,76.7,9.2,0.1,5.0,75,10.3,1,100,Patchy rain possible
976149,86.7,72.5,79.1,9.2,0.24,5.0,74,7.1,1,100,Patchy rain possible
976151,84.8,71.8,77.6,9.2,0.18,5.0,78,8.0,1,100,Patchy rain possible
976150,84.8,71.8,77.6,9.2,0.18,5.0,78,8.1,1,100,Patchy rain possible
976157,86.7,72.5,79.1,9.2,0.24,5.0,74,7.1,1,100,Patchy rain possible
976184,84.8,71.8,77.6,9.2,0.18,5.0,78,8.1,1,100,Patchy rain possible
976170,84.8,71.8,77.6,9.2,0.18,5.0,78,8.0,1,100,Patchy rain possible
976179,84.8,71.8,77.6,9.2,0.18,5.0,78,8.0,1,100,Patchy rain possible
976185,84.8,71.8,77.6,9.2,0.18,5.0,78,8.1,1,100,Patchy rain possible
976191,83.5,68.6,76.6,9.8,0.21,6.0,80,8.3,1,100,Patchy rain possible
976186,83.5,68.6,76.6,9.8,0.21,6.0,80,8.3,1,100,Patchy rain possible
976188,83.5,68.6,76.6,9.8,0.21,6.0,80,8.3,1,100,Patchy rain possible
976192,84.8,71.8,77.6,9.2,0.18,5.0,78,8.1,1,100,Patchy rain possible
975716,83.8,69.3,76.9,9.4,0.09,6.0,79,7.3,1,100,Patchy rain possible
976218,84.8,71.8,77.6,9.2,0.18,5.0,78,8.1,1,100,Patchy rain possible
976215,84.8,71.8,77.6,9.2,0.18,5.0,78,8.1,1,100,Patchy rain possible
976219,85.2,71.4,77.4,8.9,0.32,5.0,79,7.3,1,100,Overcast
975741,84.9,69.7,77.9,10.1,0.14,6.0,78,7.5,1,100,Overcast
976222,84.8,71.8,77.6,9.2,0.18,5.0,78,8.1,1,100,Patchy rain possible
981054,83.4,69.6,75.3,9.6,0.39,5.0,76,5.1,1,100,Moderate or heavy rain shower
981055,83.4,69.6,75.3,9.6,0.39,5.0,76,5.1,1,100,Moderate or heavy rain shower
981056,83.4,69.6,75.3,9.6,0.39,5.0,76,5.1,1,100,Moderate or heavy rain shower
966130,81.8,68.9,75.1,9.8,0.18,4.0,78,6.5,1,100,Moderate or heavy rain shower
966126,83.4,67.1,74.2,5.4,0.53,3.0,81,3.7,1,100,Moderate or heavy rain shower
966125,83.4,67.1,74.2,5.4,0.53,3.0,81,3.7,1,100,Moderate or heavy rain shower
981057,73.2,64.2,68.2,4.5,0.61,3.0,94,4.6,1,100,Moderate or heavy rain shower
981058,73.2,64.2,68.2,4.5,0.61,3.0,94,4.6,1,100,Moderate or heavy rain shower
981059,73.2,64.2,68.2,4.5,0.61,3.0,94,4.6,1,100,Moderate or heavy rain shower
981060,84.4,69.3,76.6,4.9,0.49,6.0,79,9.2,1,100,Moderate or heavy rain shower
981061,79.2,69.0,72.8,4.0,0.86,4.0,94,3.7,1,100,Moderate or heavy rain shower
981706,77.2,68.1,72.0,6.4,0.44,3.0,91,6.5,1,100,Moderate or heavy rain shower
981705,77.2,68.1,72.0,6.4,0.44,3.0,91,6.5,1,100,Moderate or heavy rain shower
981707,77.2,68.1,72.0,6.4,0.44,3.0,91,6.5,1,100,Moderate or heavy rain shower
981709,77.2,68.1,72.0,6.4,0.44,3.0,91,6.5,1,100,Moderate or heavy rain shower
971615,82.0,71.8,76.6,7.2,1.0,3.0,90,4.9,1,100,Moderate or heavy rain shower
975043,80.7,71.2,76.0,6.1,0.87,3.0,91,4.0,1,100,Moderate or heavy rain shower
971616,80.1,71.2,75.7,5.8,1.09,4.0,91,5.6,1,100,Moderate or heavy rain shower
981062,96.0,74.5,84.3,8.1,0.02,5.0,64,8.6,1,100,Cloudy
969985,90.4,72.1,79.6,8.5,0.02,6.0,73,6.8,1,100,Moderate rain at times
981696,87.0,68.9,76.5,5.1,0.13,6.0,62,8.5,1,100,Moderate rain at times
981698,88.6,69.6,78.6,4.9,0.33,6.0,63,5.7,1,100,Heavy rain at times
981702,88.6,69.6,78.6,4.9,0.33,6.0,63,5.7,1,100,Heavy rain at times
981703,88.6,69.6,78.6,4.9,0.33,6.0,63,5.7,1,100,Heavy rain at times
981704,87.0,68.9,76.5,5.1,0.13,6.0,62,8.5,1,100,Moderate rain at times
981069,87.7,71.4,78.0,6.5,0.34,6.0,66,6.0,1,100,Moderate or heavy rain shower
971612,89.4,72.9,79.1,7.8,1.09,6.0,66,5.9,1,100,Patchy rain possible
971614,87.4,72.7,78.9,6.9,0.56,6.0,65,6.5,1,100,Moderate rain at times
987347,76.5,65.8,69.9,8.9,1.05,4.0,86,3.5,1,100,Moderate or heavy rain shower
987351,76.5,65.8,69.9,8.9,1.05,4.0,86,3.5,1,100,Moderate or heavy rain shower
987346,76.5,65.8,69.9,8.9,1.05,4.0,86,3.5,1,100,Moderate or heavy rain shower
985760,77.0,66.0,70.8,6.8,1.07,4.0,89,4.5,1,100,Moderate or heavy rain shower
985761,77.0,66.0,70.8,6.8,1.07,4.0,89,4.5,1,100,Moderate or heavy rain shower
985762,77.0,66.0,70.8,6.8,1.07,4.0,89,4.5,1,100,Moderate or heavy rain shower
987352,76.5,65.8,69.9,8.9,1.05,4.0,86,3.5,1,100,Moderate or heavy rain shower
985763,73.8,66.3,70.0,8.3,2.49,4.0,92,1.7,1,100,Moderate or heavy rain shower
989268,72.9,62.6,67.0,8.5,0.62,3.0,92,1.3,1,100,Moderate or heavy rain shower
989269,72.9,62.6,67.0,8.5,0.62,3.0,92,1.3,1,100,Moderate or heavy rain shower
989270,72.9,62.6,67.0,8.5,0.62,3.0,92,1.3,1,100,Moderate or heavy rain shower
989271,72.9,62.6,67.0,8.5,0.62,3.0,92,1.4,1,100,Moderate or heavy rain shower
980786,73.7,61.3,66.8,4.9,0.39,5.0,87,2.7,1,100,Moderate or heavy rain shower
996845,66.4,35.4,52.2,22.4,1.23,6.0,78,0.4,1,100,Moderate or heavy rain shower
996846,67.6,34.8,50.4,21.2,0.84,6.0,67,0.3,1,100,Heavy rain at times
996849,66.6,35.2,52.3,22.4,0.96,5.0,78,0.3,1,100,Moderate or heavy rain shower
1004921,66.1,55.3,60.4,15.6,2.33,5.0,91,0.1,1,100,Moderate or heavy rain shower
1004925,63.8,55.8,60.2,14.4,2.02,5.0,92,0.1,1,100,Moderate or heavy rain shower
1004927,63.5,57.2,60.2,13.0,2.21,4.0,93,0.1,1,100,Moderate or heavy rain shower
1004928,64.0,55.2,59.4,13.2,2.32,4.0,93,0.1,1,100,Moderate or heavy rain shower
1004923,66.1,55.3,60.4,15.6,2.33,5.0,91,0.2,1,100,Moderate or heavy rain shower
1004930,64.0,54.7,59.3,13.6,2.37,4.0,93,0.1,1,100,Moderate or heavy rain shower
1004929,66.1,55.3,60.4,15.6,2.33,5.0,91,0.2,1,100,Moderate or heavy rain shower
1004346,69.9,57.3,61.8,12.4,2.86,4.0,90,0.1,1,100,Moderate or heavy rain shower
1005229,68.0,53.9,59.1,13.2,2.22,5.0,90,0.1,1,100,Moderate or heavy rain shower
1004352,67.8,55.4,59.7,13.0,3.24,5.0,90,0.2,1,100,Moderate or heavy rain shower
1005246,68.4,53.9,59.6,16.9,2.82,5.0,90,0.1,1,100,Moderate or heavy rain shower
1004586,67.8,55.4,59.7,13.0,3.24,5.0,90,0.2,1,100,Moderate or heavy rain shower
1005248,68.0,53.9,59.1,13.2,2.22,5.0,90,0.1,1,100,Moderate or heavy rain shower
1004587,67.8,55.4,59.7,13.0,3.24,5.0,90,0.2,1,100,Moderate or heavy rain shower
1004588,67.8,55.4,59.7,13.0,3.24,5.0,90,0.2,1,100,Moderate or heavy rain shower
1004595,68.0,53.9,59.1,13.2,2.22,5.0,90,0.1,1,100,Moderate or heavy rain shower
1004603,68.0,53.9,59.1,13.2,2.22,5.0,90,0.1,1,100,Moderate or heavy rain shower
1004604,68.0,53.9,59.1,13.2,2.22,5.0,90,0.1,1,100,Moderate or heavy rain shower
1004606,68.0,53.9,59.1,13.2,2.22,5.0,90,0.1,1,100,Moderate or heavy rain shower
1004610,70.4,56.9,61.9,12.9,1.9,4.0,88,0.1,1,100,Moderate or heavy rain shower
1005584,68.0,53.9,59.1,13.2,2.22,5.0,90,0.1,1,100,Moderate or heavy rain shower
1005219,70.4,56.9,61.9,12.9,1.9,4.0,88,0.1,1,100,Moderate or heavy rain shower
1004932,64.0,54.0,58.4,14.1,2.8,5.0,93,0.1,1,100,Moderate or heavy rain shower
1004933,64.0,54.0,58.4,14.1,2.8,5.0,93,0.1,1,100,Moderate or heavy rain shower
994156,61.2,53.6,57.3,10.5,2.31,2.0,94,0.1,1,100,Moderate or heavy rain shower
994157,61.9,54.3,57.8,9.6,2.92,3.0,93,0.1,1,100,Moderate or heavy rain shower
994160,66.7,55.9,60.9,10.5,3.18,4.0,91,0.1,1,100,Moderate or heavy rain shower
999544,46.6,27.0,40.4,19.2,1.78,5.0,92,0.1,1,100,Moderate or heavy rain shower
1002490,62.7,30.3,52.5,19.7,2.09,6.0,79,0.7,1,100,Moderate or heavy rain shower
1002498,61.8,28.8,50.6,20.8,3.1,5.0,79,0.5,1,100,Moderate or heavy rain shower
1006624,59.5,28.3,50.3,20.2,3.3,5.0,81,0.7,1,100,Moderate or heavy rain shower
1002488,63.8,30.0,52.5,20.1,1.93,5.0,79,0.7,1,100,Moderate or heavy rain shower
1002500,64.7,41.5,58.2,19.0,1.17,4.0,96,0.4,1,100,Moderate or heavy rain shower
1016220,65.3,60.8,62.5,19.9,0.72,5.0,85,1.1,1,100,Moderate or heavy rain shower
1013335,76.8,58.4,66.3,16.0,0.29,4.0,91,2.1,1,100,Moderate or heavy rain shower
1013337,76.6,57.9,66.2,15.8,0.39,4.0,92,2.0,1,100,Moderate rain at times
1013339,73.8,50.3,65.7,18.8,1.06,5.0,86,1.9,1,100,Moderate or heavy rain shower
1017707,69.1,57.5,63.9,10.0,2.2,5.0,92,3.8,1,100,Moderate or heavy rain shower
1017678,68.7,57.4,63.8,10.7,1.64,4.0,91,3.7,1,100,Moderate or heavy rain shower
1031014,70.5,57.6,63.8,10.4,1.33,6.0,89,4.2,1,100,Moderate or heavy rain shower
1014503,69.3,56.2,63.0,11.0,1.36,6.0,91,2.9,1,100,Moderate or heavy rain shower
1017717,67.6,55.6,63.0,9.7,1.33,5.0,90,3.1,1,100,Moderate or heavy rain shower
1017718,68.1,56.7,63.1,7.5,2.04,5.0,92,4.2,1,100,Moderate or heavy rain shower
1014504,70.8,56.3,63.1,10.1,1.42,5.0,90,3.7,1,100,Moderate or heavy rain shower
1017721,67.6,55.6,63.0,9.7,1.33,5.0,90,3.1,1,100,Moderate or heavy rain shower
1017675,69.1,55.9,63.3,12.3,1.64,6.0,89,3.0,1,100,Moderate or heavy rain shower
1017712,70.4,55.2,63.2,10.1,2.05,5.0,86,3.2,1,100,Moderate or heavy rain shower
1068889,78.4,57.7,67.7,6.9,0.02,4.0,80,8.7,1,100,Patchy rain possible
1028673,81.1,60.2,69.7,8.1,0.01,5.0,84,8.8,1,100,Patchy rain possible
1028059,72.1,61.3,66.4,11.4,1.3,4.0,91,4.4,1,100,Moderate or heavy rain shower
1028030,74.1,60.4,66.8,12.1,1.32,4.0,90,3.5,1,100,Moderate or heavy rain shower
1032597,92.4,62.8,76.5,7.8,0.08,6.0,63,11.8,1,100,Heavy rain at times
1039008,91.4,73.8,81.1,5.9,0.03,5.0,79,9.8,1,100,Moderate rain at times
1048041,87.8,72.5,79.8,5.9,0.53,5.0,76,11.8,1,100,Moderate or heavy rain shower
1048025,87.9,71.6,79.6,8.3,0.46,6.0,70,12.4,1,100,Moderate or heavy rain shower
1048029,87.8,72.5,79.8,5.9,0.53,5.0,76,11.8,1,100,Moderate or heavy rain shower
1039032,94.1,75.5,83.2,6.5,0.27,5.0,70,7.4,1,100,Moderate or heavy rain shower
1043775,89.9,69.7,78.5,7.7,0.54,5.0,75,7.6,1,100,Moderate or heavy rain shower
1039036,92.1,73.9,82.2,9.1,0.4,4.0,73,10.5,1,100,Moderate rain at times
1029508,82.0,68.8,73.7,4.3,0.16,5.0,95,3.0,1,100,Heavy rain at times
1029509,82.0,68.8,73.7,4.3,0.16,5.0,95,3.0,1,100,Heavy rain at times
1040116,91.6,70.5,78.3,6.6,0.4,6.0,71,7.2,1,100,Moderate or heavy rain shower
1046294,91.4,72.2,80.6,10.3,0.0,6.0,70,12.7,0,0,Cloudy
1046295,93.3,70.6,80.4,8.9,0.03,6.0,72,12.1,1,100,Patchy rain possible
1046296,93.3,70.6,80.4,8.9,0.03,6.0,72,12.1,1,100,Patchy rain possible
1041990,82.3,69.1,73.3,7.4,1.76,4.0,92,4.3,1,100,Moderate or heavy rain shower
1041991,76.9,68.0,71.4,8.1,2.41,4.0,92,2.2,1,100,Moderate or heavy rain shower
1041992,82.3,69.1,73.3,7.4,1.76,4.0,92,4.3,1,100,Moderate or heavy rain shower
1041993,79.2,68.2,72.1,8.9,1.37,3.0,92,2.1,1,100,Moderate or heavy rain shower
1041994,82.3,69.1,73.3,7.4,1.76,4.0,92,4.3,1,100,Moderate or heavy rain shower
1041997,81.7,69.1,73.6,8.7,1.69,2.0,92,2.4,1,100,Moderate or heavy rain shower
1041995,82.3,69.1,73.3,7.4,1.76,4.0,92,4.3,1,100,Moderate or heavy rain shower
1041999,79.2,68.2,72.1,8.9,1.37,3.0,92,2.1,1,100,Moderate or heavy rain shower
1042000,82.3,69.1,73.3,7.4,1.76,4.0,92,4.3,1,100,Moderate or heavy rain shower
1042001,82.3,69.1,73.3,7.4,1.76,4.0,92,4.3,1,100,Moderate or heavy rain shower
1048103,82.7,68.8,74.4,7.8,0.16,3.0,96,2.8,1,100,Moderate or heavy rain shower
1048101,83.4,68.9,75.0,8.7,0.33,4.0,96,4.0,1,100,Moderate or heavy rain shower
1049203,80.2,67.6,74.1,12.1,1.57,5.0,94,3.9,1,100,Moderate or heavy rain shower
1048131,80.2,67.6,74.1,12.1,1.57,5.0,94,3.9,1,100,Moderate or heavy rain shower
1048109,82.1,70.1,75.5,10.7,2.19,3.0,95,3.6,1,100,Moderate or heavy rain shower
1049118,79.5,68.6,74.0,11.0,0.98,4.0,94,3.5,1,100,Moderate or heavy rain shower
1049081,80.2,67.6,74.1,12.1,1.57,5.0,94,3.9,1,100,Moderate or heavy rain shower
1049134,82.1,70.1,75.5,10.7,2.19,3.0,95,3.6,1,100,Moderate or heavy rain shower
1048110,81.8,68.2,74.5,10.3,1.81,3.0,96,3.1,1,100,Moderate or heavy rain shower
1049130,80.2,67.6,74.1,12.1,1.57,5.0,94,4.0,1,100,Moderate or heavy rain shower
1049192,85.6,70.4,76.5,9.6,0.48,3.0,95,3.3,1,100,Moderate or heavy rain shower
1049145,85.6,70.4,76.5,9.6,0.48,3.0,95,3.3,1,100,Moderate or heavy rain shower
1049184,85.6,70.4,76.5,9.6,0.48,3.0,95,3.3,1,100,Moderate or heavy rain shower
1048111,82.1,70.1,75.5,10.7,2.19,3.0,95,3.6,1,100,Moderate or heavy rain shower
1049108,79.5,68.6,74.0,11.0,0.98,4.0,94,3.5,1,100,Moderate or heavy rain shower
1049197,84.9,69.8,77.1,8.9,0.2,6.0,88,4.5,1,100,Heavy rain at times
1049202,84.3,67.3,75.1,8.7,0.07,5.0,89,4.9,1,100,Heavy rain at times
1049115,86.0,69.1,76.5,8.5,0.66,6.0,87,3.8,1,100,Heavy rain at times
1046304,87.1,69.6,76.2,11.0,0.52,4.0,87,4.0,1,100,Moderate or heavy rain shower
1049154,85.3,69.6,77.1,9.6,0.62,5.0,90,3.7,1,100,Moderate or heavy rain shower
1049189,87.3,68.6,77.1,9.4,0.63,4.0,84,4.5,1,100,Heavy rain at times
1049413,80.2,69.2,73.5,7.2,0.11,3.0,88,2.9,1,100,Patchy rain possible
1049385,80.4,68.9,73.8,8.3,0.19,3.0,87,2.4,1,100,Moderate or heavy rain shower
1049408,78.8,68.1,73.2,7.6,0.23,4.0,88,2.7,1,100,Heavy rain at times
1049400,80.4,68.9,73.8,8.3,0.19,3.0,87,2.4,1,100,Moderate or heavy rain shower
1039741,73.0,65.1,67.9,4.7,0.49,5.0,85,5.7,1,100,Moderate or heavy rain shower
1039743,73.0,64.6,68.3,4.7,0.74,3.0,87,5.1,1,100,Moderate or heavy rain shower
1041047,75.3,67.6,70.5,4.7,1.73,3.0,84,4.1,1,100,Moderate or heavy rain shower
1041046,75.3,67.6,70.5,4.7,1.73,3.0,84,4.1,1,100,Moderate or heavy rain shower
1041041,76.6,69.0,72.5,5.9,0.97,5.0,93,5.6,1,100,Moderate or heavy rain shower
1041043,76.6,69.0,72.5,5.9,0.97,5.0,93,5.6,1,100,Moderate or heavy rain shower
1041042,76.6,69.0,72.5,5.9,0.97,5.0,93,5.6,1,100,Moderate or heavy rain shower
1041044,76.6,69.0,72.5,5.9,0.97,5.0,93,5.6,1,100,Moderate or heavy rain shower
1041045,76.6,69.0,72.5,5.9,0.97,5.0,93,5.6,1,100,Moderate or heavy rain shower
1041048,72.9,65.8,68.2,5.9,0.86,4.0,82,4.2,1,100,Moderate or heavy rain shower
1041049,74.8,68.2,71.6,6.1,1.31,5.0,93,3.2,1,100,Moderate or heavy rain shower
1040712,80.2,66.9,71.7,9.4,0.31,4.0,94,3.1,1,100,Moderate or heavy rain shower
1040718,82.7,67.6,73.9,9.2,0.17,4.0,95,3.4,1,100,Moderate or heavy rain shower
1040733,82.7,67.6,73.9,9.2,0.17,4.0,95,3.4,1,100,Moderate or heavy rain shower
1040708,82.7,67.6,73.9,9.2,0.17,4.0,95,3.4,1,100,Moderate or heavy rain shower
1040734,83.9,67.9,74.9,10.7,0.3,5.0,91,2.5,1,100,Patchy rain possible
1040736,83.9,67.9,74.9,10.7,0.3,5.0,91,2.5,1,100,Patchy rain possible
1040740,83.7,67.5,74.3,10.3,0.39,4.0,93,2.2,1,100,Patchy rain possible
1049299,85.4,69.4,76.9,8.5,1.26,4.0,79,5.1,1,100,Moderate or heavy rain shower
1049301,86.5,70.3,77.2,8.9,1.23,4.0,80,5.4,1,100,Moderate or heavy rain shower
1053145,86.2,68.0,74.9,7.6,1.21,4.0,82,5.3,1,100,Moderate or heavy rain shower
1053149,84.0,68.4,74.3,7.4,1.43,4.0,83,6.9,1,100,Moderate or heavy rain shower
1053147,84.0,68.4,74.3,7.4,1.43,4.0,83,6.9,1,100,Moderate or heavy rain shower
1053150,84.0,68.4,74.3,7.4,1.43,4.0,83,6.9,1,100,Moderate or heavy rain shower
1053148,84.0,68.4,74.3,7.4,1.43,4.0,83,6.9,1,100,Moderate or heavy rain shower
1053143,83.8,69.6,75.6,8.1,0.56,5.0,84,5.3,1,100,Moderate or heavy rain shower
1053144,83.3,70.3,75.8,8.1,1.05,5.0,86,6.0,1,100,Moderate or heavy rain shower
1053146,83.8,69.6,75.6,8.1,0.56,5.0,84,5.4,1,100,Moderate or heavy rain shower
1046446,83.7,69.9,76.1,8.1,0.58,6.0,83,5.4,1,100,Moderate or heavy rain shower
1046445,85.5,70.7,76.3,8.1,1.35,6.0,81,5.5,1,100,Moderate or heavy rain shower
1046447,84.1,70.3,76.1,8.3,0.7,6.0,84,6.0,1,100,Moderate or heavy rain shower
1046452,83.5,70.0,74.5,5.1,0.57,4.0,90,5.2,1,100,Moderate or heavy rain shower
1046055,82.0,68.4,74.3,8.9,0.38,4.0,91,4.5,1,100,Moderate or heavy rain shower
1046054,82.0,68.4,74.3,8.9,0.38,4.0,91,4.5,1,100,Moderate or heavy rain shower
1046059,82.0,68.4,74.3,8.9,0.38,4.0,91,4.5,1,100,Moderate or heavy rain shower
1046061,82.0,68.4,74.3,8.9,0.38,4.0,91,4.5,1,100,Moderate or heavy rain shower
1046063,82.0,68.4,74.3,8.9,0.38,4.0,91,4.5,1,100,Moderate or heavy rain shower
1046471,82.7,69.3,74.9,4.9,0.96,4.0,93,3.5,1,100,Moderate or heavy rain shower
1046056,82.0,68.4,74.3,8.9,0.38,4.0,91,4.5,1,100,Moderate or heavy rain shower
1046473,84.0,69.8,75.7,5.6,0.62,4.0,93,3.3,1,100,Moderate or heavy rain shower
1046058,82.0,68.4,74.3,8.9,0.38,4.0,91,4.5,1,100,Moderate or heavy rain shower
1046453,82.9,68.2,74.4,8.3,0.66,4.0,89,4.9,1,100,Moderate or heavy rain shower
1046066,84.1,70.4,75.7,7.2,0.66,4.0,89,4.2,1,100,Moderate or heavy rain shower
1046067,84.1,70.4,75.7,7.2,0.66,4.0,89,4.2,1,100,Moderate or heavy rain shower
1046069,84.7,69.7,75.2,8.4,0.41,5.0,86,5.2,1,100,Moderate or heavy rain shower
1046068,84.1,70.4,75.7,7.2,0.66,4.0,89,4.2,1,100,Moderate or heavy rain shower
1053227,84.9,62.1,73.2,6.3,0.06,6.0,68,10.8,1,100,Patchy rain possible
1053224,84.9,62.1,73.2,6.3,0.06,6.0,68,10.8,1,100,Patchy rain possible
1053183,84.9,62.1,73.2,6.3,0.06,6.0,68,10.8,1,100,Patchy rain possible
1049729,88.0,73.0,79.9,6.7,0.17,6.0,65,7.4,1,100,Moderate or heavy rain shower
1051575,90.8,71.9,79.2,8.4,0.06,5.0,65,5.9,1,100,Heavy rain at times
1051579,90.8,71.9,79.2,8.4,0.06,5.0,65,5.9,1,100,Heavy rain at times
1051720,86.2,70.0,75.3,8.5,0.51,5.0,74,5.5,1,100,Moderate or heavy rain shower
1058146,84.4,69.1,75.3,8.5,0.74,5.0,78,5.0,1,100,Moderate or heavy rain shower
1051686,83.1,68.8,74.3,9.6,0.37,6.0,80,5.1,1,100,Moderate or heavy rain shower
1051687,83.1,68.8,74.3,9.6,0.37,6.0,80,5.1,1,100,Moderate or heavy rain shower
1058147,83.1,68.8,74.3,9.6,0.37,6.0,80,5.1,1,100,Moderate or heavy rain shower
1051721,87.9,70.2,76.0,7.2,0.45,6.0,75,6.0,1,100,Moderate or heavy rain shower
1058148,77.7,68.4,72.8,9.4,0.56,6.0,88,5.2,1,100,Moderate or heavy rain shower
1058149,77.7,68.4,72.8,9.4,0.56,6.0,88,5.2,1,100,Moderate or heavy rain shower
1058152,76.8,67.9,71.2,6.3,0.26,3.0,96,1.8,1,100,Moderate or heavy rain shower
1058153,76.8,67.9,71.2,6.3,0.26,3.0,96,1.8,1,100,Moderate or heavy rain shower
1058154,79.9,68.2,72.6,5.8,0.07,5.0,93,3.6,1,100,Heavy rain at times
1071167,65.7,56.9,61.1,16.9,1.46,5.0,89,0.1,1,100,Moderate or heavy rain shower
1071168,65.7,56.9,61.1,16.9,1.46,5.0,89,0.1,1,100,Moderate or heavy rain shower
1071169,65.7,56.9,61.1,16.9,1.46,5.0,89,0.1,1,100,Moderate or heavy rain shower
1071170,65.7,56.9,61.1,16.9,1.46,5.0,89,0.1,1,100,Moderate or heavy rain shower
1070805,68.8,61.0,64.4,18.1,1.21,5.0,85,0.2,1,100,Moderate or heavy rain shower
1070812,66.8,57.5,62.8,17.4,1.13,5.0,86,0.2,1,100,Moderate or heavy rain shower
1070818,67.0,58.2,63.0,17.0,1.31,5.0,88,0.1,1,100,Moderate or heavy rain shower
1071178,66.7,56.9,62.0,17.4,0.86,5.0,88,0.1,1,100,Moderate or heavy rain shower
1071179,66.7,56.9,62.0,17.4,0.86,5.0,88,0.1,1,100,Moderate or heavy rain shower
1070820,67.1,59.4,62.8,16.0,1.06,5.0,87,0.1,1,100,Moderate or heavy rain shower
1071171,66.1,56.2,60.9,16.5,1.44,5.0,88,0.1,1,100,Moderate or heavy rain shower
1071173,65.9,56.1,61.0,15.9,1.69,5.0,88,0.2,1,100,Moderate or heavy rain shower
1071175,65.8,56.7,61.2,17.6,1.43,6.0,88,0.1,1,100,Moderate or heavy rain shower
1071174,65.8,56.7,61.2,17.6,1.43,6.0,88,0.1,1,100,Moderate or heavy rain shower
1071184,65.7,57.4,61.2,16.3,1.41,4.0,88,0.1,1,100,Moderate or heavy rain shower
1071182,65.7,56.9,61.1,16.9,1.46,5.0,89,0.1,1,100,Moderate or heavy rain shower
1071176,65.8,56.7,61.2,17.6,1.43,6.0,88,0.1,1,100,Moderate or heavy rain shower
1071264,66.3,58.2,62.2,17.2,1.6,5.0,87,0.2,1,100,Moderate or heavy rain shower
1071266,66.7,58.1,62.6,17.0,1.23,5.0,88,0.1,1,100,Moderate or heavy rain shower
1071267,65.7,57.4,61.2,16.3,1.41,4.0,88,0.1,1,100,Moderate or heavy rain shower
1071269,65.7,57.4,61.2,16.3,1.41,4.0,88,0.1,1,100,Moderate or heavy rain shower
1071309,65.7,55.4,60.6,16.7,1.42,6.0,88,0.1,1,100,Moderate or heavy rain shower
1071274,66.4,56.5,61.4,17.2,1.52,5.0,87,0.1,1,100,Moderate or heavy rain shower
1071271,65.7,55.4,60.6,16.7,1.42,6.0,88,0.1,1,100,Moderate or heavy rain shower
1071270,66.4,56.5,61.4,17.2,1.52,5.0,87,0.1,1,100,Moderate or heavy rain shower
1071289,66.6,55.8,61.1,16.4,1.25,5.0,87,0.1,1,100,Moderate or heavy rain shower
1071290,66.4,55.8,61.0,16.4,1.28,5.0,88,0.1,1,100,Moderate or heavy rain shower
1071302,64.9,56.2,60.7,17.1,1.58,5.0,87,0.2,1,100,Moderate or heavy rain shower
1071303,64.3,55.6,60.2,17.3,2.05,5.0,88,0.2,1,100,Moderate or heavy rain shower
1071305,64.1,56.0,60.7,18.8,2.04,6.0,86,0.2,1,100,Moderate or heavy rain shower
1071307,65.7,55.4,60.6,16.7,1.42,6.0,88,0.1,1,100,Moderate or heavy rain shower
1063421,64.2,55.7,60.3,18.1,2.19,5.0,85,0.2,1,100,Moderate or heavy rain shower
1063965,64.2,55.3,59.4,15.4,2.04,5.0,89,0.2,1,100,Moderate or heavy rain shower
1063423,64.8,55.3,60.0,16.9,1.85,5.0,90,0.1,1,100,Moderate or heavy rain shower
1063966,65.3,56.5,60.1,14.7,2.06,5.0,89,0.1,1,100,Moderate or heavy rain shower
1071308,65.7,56.3,60.7,16.6,1.49,5.0,87,0.1,1,100,Moderate or heavy rain shower
1063967,64.2,55.3,59.4,15.4,2.04,5.0,89,0.2,1,100,Moderate or heavy rain shower
1064550,64.2,55.3,59.4,15.4,2.04,5.0,89,0.2,1,100,Moderate or heavy rain shower
1063970,65.3,56.5,60.1,14.7,2.06,5.0,89,0.1,1,100,Moderate or heavy rain shower
1063969,64.2,55.3,59.4,15.4,2.04,5.0,89,0.2,1,100,Moderate or heavy rain shower
1063427,64.8,55.3,60.0,16.9,1.85,5.0,90,0.1,1,100,Moderate or heavy rain shower
1063434,65.3,56.5,60.1,14.7,2.06,5.0,89,0.1,1,100,Moderate or heavy rain shower
1078729,64.6,36.3,56.6,15.6,1.62,6.0,80,1.0,1,100,Moderate or heavy rain shower
1075680,66.4,37.5,57.9,17.1,2.4,5.0,82,0.5,1,100,Moderate or heavy rain shower
1082501,64.9,37.1,56.9,15.8,3.02,4.0,84,0.4,1,100,Moderate or heavy rain shower
1082502,64.9,37.1,56.9,15.8,3.02,4.0,84,0.4,1,100,Moderate or heavy rain shower
1082504,63.1,40.5,57.7,15.5,3.52,5.0,87,0.4,1,100,Moderate or heavy rain shower
1075681,64.0,35.1,55.4,15.5,2.43,5.0,81,1.0,1,100,Moderate or heavy rain shower
1075682,64.2,36.0,56.2,16.5,2.09,5.0,82,0.7,1,100,Moderate or heavy rain shower
1082505,63.5,42.1,58.0,16.1,3.66,5.0,86,0.5,1,100,Moderate or heavy rain shower
1082513,63.3,45.7,59.4,18.0,2.48,5.0,87,0.4,1,100,Moderate or heavy rain shower
1075684,65.1,40.7,59.2,16.3,1.29,6.0,83,0.6,1,100,Moderate or heavy rain shower
1082515,64.2,42.3,58.4,16.0,3.97,6.0,86,0.5,1,100,Moderate or heavy rain shower
1082516,63.5,42.1,58.0,16.1,3.66,5.0,86,0.5,1,100,Moderate or heavy rain shower
1082517,63.1,40.5,57.7,15.5,3.52,5.0,87,0.4,1,100,Moderate or heavy rain shower
1082518,64.0,41.1,58.9,18.1,2.46,5.0,86,0.4,1,100,Moderate or heavy rain shower
1082519,63.1,42.7,59.0,17.6,2.18,5.0,86,0.4,1,100,Moderate or heavy rain shower
1083323,64.8,55.1,59.1,15.4,1.57,5.0,89,0.4,1,100,Moderate or heavy rain shower
1082940,60.8,43.2,53.2,28.3,1.0,6.0,77,0.7,1,100,Moderate or heavy rain shower
1082949,60.6,39.7,51.0,28.6,2.11,5.0,81,0.5,1,100,Moderate or heavy rain shower
1082941,58.3,41.4,50.7,28.6,1.49,6.0,78,0.7,1,100,Moderate or heavy rain shower
1082942,61.8,43.5,53.6,28.0,1.34,6.0,76,0.7,1,100,Moderate or heavy rain shower
1082944,58.3,41.4,50.7,28.6,1.49,6.0,78,0.7,1,100,Moderate or heavy rain shower
1082934,60.8,42.6,53.1,28.3,1.07,6.0,78,0.8,1,100,Moderate or heavy rain shower
1082945,60.8,43.2,53.2,28.3,1.0,6.0,77,0.7,1,100,Moderate or heavy rain shower
1082947,61.4,41.7,52.4,27.3,1.08,6.0,79,0.7,1,100,Moderate or heavy rain shower
1085394,60.2,40.1,50.7,28.4,2.0,4.0,80,0.5,1,100,Moderate or heavy rain shower
1082943,59.5,42.1,52.3,27.7,1.28,5.0,79,0.7,1,100,Moderate or heavy rain shower
1085393,60.2,40.8,51.8,28.2,1.46,6.0,79,0.6,1,100,Moderate or heavy rain shower
1084604,66.4,55.8,62.7,14.5,2.92,5.0,92,1.1,1,100,Moderate or heavy rain shower
1085398,66.9,55.6,62.9,15.7,3.15,5.0,91,1.1,1,100,Moderate or heavy rain shower
1084605,67.5,60.9,63.9,14.1,2.3,5.0,90,1.5,1,100,Moderate or heavy rain shower
1084606,66.4,54.9,62.0,13.2,2.9,5.0,90,1.1,1,100,Moderate or heavy rain shower
1093986,77.0,57.6,67.3,9.8,0.26,5.0,82,5.9,1,100,Patchy rain possible
1093987,77.0,57.6,67.3,9.8,0.26,5.0,82,5.9,1,100,Patchy rain possible
1102490,81.5,64.5,72.7,9.2,1.34,6.0,74,10.7,1,100,Moderate or heavy rain shower
1119261,74.0,65.3,69.2,7.2,1.16,6.0,76,5.8,1,100,Moderate or heavy rain shower
1115236,88.9,66.7,77.0,11.6,0.62,5.0,77,7.4,1,100,Moderate or heavy rain shower
1119188,86.2,68.7,76.7,11.0,0.71,6.0,73,10.2,1,100,Moderate or heavy rain shower
1102484,87.7,69.6,77.6,11.7,0.73,6.0,71,11.3,1,100,Moderate or heavy rain shower
1119190,89.2,69.6,77.8,10.1,0.34,6.0,69,12.2,1,100,Moderate or heavy rain shower
1124113,82.6,66.5,73.3,9.2,0.17,5.0,87,3.5,1,100,Moderate or heavy rain shower
1128824,85.0,66.0,74.0,10.3,0.73,5.0,80,4.7,1,100,Moderate or heavy rain shower
1128825,85.1,66.2,74.2,10.3,0.58,5.0,80,4.1,1,100,Moderate or heavy rain shower
1128827,85.0,64.6,73.5,11.4,0.52,5.0,82,3.6,1,100,Moderate or heavy rain shower
1128831,86.1,66.2,74.7,11.4,0.63,5.0,80,4.3,1,100,Moderate or heavy rain shower
1116248,82.9,64.4,72.6,8.1,0.46,4.0,78,3.6,1,100,Moderate or heavy rain shower
1116250,82.6,64.4,72.8,9.7,0.29,4.0,79,4.5,1,100,Moderate or heavy rain shower
1102154,88.7,71.1,78.8,11.2,2.93,5.0,79,7.1,1,100,Moderate or heavy rain shower
1102165,88.2,71.6,78.4,12.6,2.68,5.0,77,7.6,1,100,Moderate or heavy rain shower
1102183,90.5,73.4,80.6,16.1,1.47,5.0,76,6.6,1,100,Moderate or heavy rain shower
1102181,90.3,73.4,79.9,14.3,2.88,5.0,76,6.3,1,100,Moderate or heavy rain shower
1102170,90.2,72.9,79.1,12.4,2.8,5.0,77,6.4,1,100,Moderate or heavy rain shower
1102172,88.3,70.5,78.2,11.9,2.41,5.0,81,5.7,1,100,Moderate or heavy rain shower
1102178,88.7,71.1,78.8,11.2,2.93,5.0,79,7.1,1,100,Moderate or heavy rain shower
1102185,88.7,70.2,78.0,11.5,1.71,5.0,81,6.4,1,100,Moderate or heavy rain shower
1108789,90.5,68.4,79.5,9.8,0.17,6.0,63,12.2,1,100,Moderate or heavy rain shower
1108793,88.6,69.6,78.5,11.0,0.09,6.0,68,12.4,1,100,Moderate or heavy rain shower
1117240,88.3,73.6,79.9,11.7,0.12,5.0,70,7.0,1,100,Moderate or heavy rain shower
1128926,91.0,74.5,80.2,13.9,0.08,5.0,71,7.1,1,100,Moderate or heavy rain shower
1128927,91.0,74.5,80.2,13.9,0.08,5.0,71,7.1,1,100,Moderate or heavy rain shower
1128929,91.6,73.0,80.5,12.5,0.13,5.0,70,7.9,1,100,Moderate or heavy rain shower
1128930,94.2,75.4,83.4,12.1,0.16,6.0,61,11.5,1,100,Moderate rain at times
1128931,94.5,73.8,82.9,12.5,0.41,6.0,61,10.6,1,100,Moderate rain at times
1128932,94.2,75.4,83.4,12.1,0.16,6.0,61,11.5,1,100,Moderate rain at times
1121608,90.4,74.8,81.7,11.9,0.98,5.0,64,5.3,1,100,Moderate or heavy rain shower
1122681,91.6,73.2,80.9,9.4,1.02,5.0,72,7.2,1,100,Moderate or heavy rain shower
1122686,90.1,72.5,80.0,8.8,1.37,5.0,77,8.5,1,100,Moderate or heavy rain shower
1128432,88.7,73.2,80.3,8.1,0.46,5.0,74,9.5,1,100,Moderate or heavy rain shower
1122731,88.0,72.9,79.7,10.9,0.35,6.0,82,11.1,1,100,Moderate or heavy rain shower
1122732,88.6,73.1,79.6,10.5,0.14,6.0,81,11.5,1,100,Moderate or heavy rain shower
1126961,93.2,73.7,82.7,9.8,0.19,6.0,70,7.9,1,100,Overcast
1126965,81.1,70.2,75.2,9.2,2.23,6.0,78,4.9,1,100,Moderate or heavy rain shower
1126968,81.3,70.7,75.5,9.2,1.04,5.0,77,6.1,1,100,Moderate or heavy rain shower
1126970,80.4,70.7,75.4,8.1,1.93,5.0,79,6.0,1,100,Moderate or heavy rain shower
1133994,86.4,71.1,77.2,11.9,0.06,5.0,81,6.0,1,100,Heavy rain at times
1139018,80.8,60.6,68.9,4.9,0.18,4.0,83,4.2,1,100,Moderate or heavy rain shower
1139020,80.8,60.6,68.9,4.9,0.18,4.0,83,4.2,1,100,Moderate or heavy rain shower
1139022,80.8,60.6,68.9,4.9,0.18,4.0,83,4.2,1,100,Moderate or heavy rain shower
1133996,82.1,63.9,70.5,12.8,1.69,5.0,76,3.7,1,100,Moderate or heavy rain shower
1137218,81.9,63.5,70.2,12.1,1.16,5.0,77,4.0,1,100,Moderate or heavy rain shower
1156474,64.3,31.9,51.1,17.9,1.0,5.0,78,1.8,1,100,Moderate or heavy rain shower
1156475,64.3,31.9,51.1,17.9,1.0,5.0,78,1.8,1,100,Moderate or heavy rain shower
1165562,66.7,58.1,62.6,14.5,0.25,6.0,85,1.6,1,100,Heavy rain at times
1176922,75.6,59.8,66.3,9.2,0.05,5.0,91,1.7,1,100,Moderate rain at times
1189061,73.8,62.7,66.9,10.1,1.22,4.0,90,2.6,1,100,Moderate or heavy rain shower
1176904,71.3,61.0,64.9,3.8,0.63,3.0,95,1.7,1,100,Moderate or heavy rain shower
1176905,71.3,61.0,64.9,3.8,0.63,3.0,95,1.7,1,100,Moderate or heavy rain shower
1176906,72.5,60.3,64.8,4.5,0.24,3.0,95,1.7,1,100,Heavy rain at times
1176907,71.3,61.0,64.9,3.8,0.63,3.0,95,1.7,1,100,Moderate or heavy rain shower
1176908,72.4,61.5,65.0,4.7,0.4,3.0,94,1.9,1,100,Moderate or heavy rain shower
1184016,78.4,66.3,71.7,13.2,0.39,4.0,88,3.1,1,100,Patchy rain possible
1183969,80.9,64.3,72.2,15.8,0.2,4.0,86,7.1,1,100,Moderate rain at times
1184049,78.8,67.4,71.9,13.0,0.82,3.0,90,3.5,1,100,Patchy rain possible
1183973,81.1,63.3,72.1,14.5,0.27,4.0,86,7.8,1,100,Moderate rain at times
1184087,78.9,66.6,71.7,13.2,1.18,4.0,89,3.8,1,100,Patchy rain possible
1188682,80.1,66.0,72.0,14.3,0.38,4.0,87,3.3,1,100,Moderate or heavy rain shower
1188683,78.9,66.2,71.5,13.4,0.41,4.0,89,3.1,1,100,Patchy rain possible
1188684,78.1,59.7,69.8,16.3,0.42,6.0,81,10.1,1,100,Patchy rain possible
1188685,78.1,59.7,69.8,16.3,0.42,6.0,81,10.1,1,100,Patchy rain possible
1188687,77.8,60.5,69.5,14.5,0.65,5.0,85,9.0,1,100,Heavy rain at times
1188688,77.8,60.5,69.5,14.5,0.65,5.0,85,9.0,1,100,Heavy rain at times
1188689,77.9,61.8,69.9,16.1,0.43,5.0,83,9.7,1,100,Patchy rain possible
1182122,72.0,62.3,66.1,14.5,0.6,6.0,93,2.3,1,100,Moderate or heavy rain shower
1188730,82.0,64.7,71.8,12.1,0.92,6.0,73,10.3,1,100,Moderate or heavy rain shower
1181224,82.1,63.8,72.4,11.4,0.77,6.0,73,11.1,1,100,Moderate or heavy rain shower
1184229,78.6,63.9,70.2,10.0,0.4,4.0,90,3.6,1,100,Moderate or heavy rain shower
1184095,78.8,63.0,70.0,11.2,0.38,4.0,87,4.6,1,100,Moderate or heavy rain shower
1181255,80.8,60.3,70.5,9.2,0.05,3.0,85,4.4,1,100,Patchy rain possible
1186151,82.9,68.5,73.7,15.8,2.88,5.0,84,8.1,1,100,Moderate or heavy rain shower
1186158,82.9,68.5,73.7,15.8,2.88,5.0,84,8.2,1,100,Moderate or heavy rain shower
1188049,81.7,68.2,73.8,17.7,1.03,5.0,81,7.8,1,100,Moderate or heavy rain shower
1188056,83.7,67.7,73.7,17.9,0.84,5.0,82,6.5,1,100,Moderate or heavy rain shower
1188099,82.7,67.4,73.8,18.9,1.07,5.0,82,7.7,1,100,Moderate or heavy rain shower
1188073,83.0,67.4,74.1,21.5,1.31,5.0,82,8.6,1,100,Moderate or heavy rain shower
1188060,84.7,70.7,75.8,17.1,1.93,5.0,79,7.7,1,100,Moderate or heavy rain shower
1188101,83.1,67.6,74.5,19.9,0.72,5.0,80,10.0,1,100,Moderate or heavy rain shower
1193664,77.3,65.6,69.7,15.9,1.71,5.0,91,3.0,1,100,Moderate or heavy rain shower
1191082,83.7,64.7,73.6,8.1,0.03,5.0,81,11.9,1,100,Overcast
1191083,77.6,62.6,69.4,7.8,0.33,5.0,88,9.9,1,100,Moderate or heavy rain shower
1191086,77.5,64.1,70.9,8.3,0.1,5.0,82,9.3,1,100,Heavy rain at times
1181815,92.0,74.8,82.4,13.0,0.2,6.0,65,9.0,1,100,Moderate or heavy rain shower
1206804,92.9,75.7,82.5,11.4,0.29,6.0,67,12.0,1,100,Patchy rain possible
1203284,93.8,73.6,82.7,12.1,0.04,6.0,71,12.5,1,100,Moderate rain at times
1203281,93.9,74.9,82.5,12.5,0.17,6.0,68,12.6,1,100,Moderate or heavy rain shower
1203286,81.0,69.1,75.2,9.8,0.21,5.0,89,5.9,1,100,Moderate or heavy rain shower
1203283,81.0,69.1,75.2,9.8,0.21,5.0,89,5.9,1,100,Moderate or heavy rain shower
1203282,79.7,69.9,74.6,8.9,0.11,5.0,91,6.0,1,100,Heavy rain at times
1203285,80.7,68.9,74.8,10.1,0.19,5.0,88,6.5,1,100,Heavy rain at times
1203243,84.0,67.3,75.3,6.0,0.03,6.0,76,12.5,1,100,Moderate rain at times
1206852,84.4,68.2,75.0,6.5,0.03,4.0,82,9.5,1,100,Moderate rain at times
1206853,81.3,66.5,73.5,7.4,0.49,5.0,80,8.5,1,100,Moderate or heavy rain shower
1206855,84.3,65.7,74.0,6.3,0.01,5.0,81,6.0,1,100,Patchy rain possible
1206923,87.9,71.2,78.6,10.6,0.77,5.0,82,8.1,1,100,Moderate or heavy rain shower
1204720,88.9,70.0,77.0,9.4,0.36,4.0,84,10.8,1,100,Patchy light rain with thunder
1204729,88.9,70.0,77.0,9.4,0.36,4.0,84,10.8,1,100,Patchy light rain with thunder
1204734,88.9,70.0,77.0,9.4,0.36,4.0,84,10.8,1,100,Patchy light rain with thunder
1206943,89.5,71.4,80.1,12.3,0.14,5.0,81,12.1,1,100,Fog
1206946,89.5,71.4,80.1,12.3,0.14,5.0,81,12.1,1,100,Fog
1206947,89.5,71.4,80.1,12.3,0.14,5.0,81,12.1,1,100,Fog
1211191,88.9,67.6,76.7,10.7,0.31,4.0,77,9.1,1,100,Moderate or heavy rain shower
1211193,90.3,69.9,79.0,6.9,0.08,6.0,74,11.6,1,100,Patchy rain possible
1211192,90.3,69.9,79.0,6.9,0.08,6.0,74,11.6,1,100,Patchy rain possible
1200418,99.2,72.8,82.9,11.1,0.0,6.0,49,9.1,1,100,Patchy rain possible
1200419,99.2,72.8,82.9,11.1,0.0,6.0,49,9.1,1,100,Patchy rain possible
1200420,99.2,72.8,82.9,11.1,0.0,6.0,49,9.1,1,100,Patchy rain possible
1218307,89.6,67.6,77.1,6.9,0.0,5.0,72,4.8,0,0,Overcast
1217187,72.7,68.3,70.4,26.6,2.41,4.0,84,0.9,1,100,Moderate or heavy rain shower
1217186,72.6,66.5,69.1,23.5,2.8,4.0,88,1.1,1,100,Moderate or heavy rain shower
1217190,70.8,66.6,69.1,26.6,2.8,4.0,88,0.8,1,100,Moderate or heavy rain shower
1229909,56.5,40.1,46.0,12.8,2.26,4.0,82,0.4,1,100,Moderate or heavy rain shower
1229921,56.6,40.3,46.5,14.1,2.52,4.0,83,0.4,1,100,Moderate or heavy rain shower
1229929,56.6,40.3,46.5,14.1,2.52,4.0,83,0.4,1,100,Moderate or heavy rain shower
1229931,57.0,41.1,46.3,13.4,1.62,5.0,76,0.4,1,100,Moderate or heavy rain shower
1229930,57.2,40.6,47.0,13.9,1.78,4.0,80,0.3,1,100,Moderate or heavy rain shower
1235029,62.6,40.7,48.3,20.2,4.62,4.0,90,0.3,1,100,Moderate or heavy rain shower
1236385,61.2,41.0,50.5,24.6,2.17,5.0,87,0.3,1,100,Moderate or heavy rain shower
1236251,47.6,40.5,43.3,13.9,4.56,4.0,92,0.3,1,100,Moderate or heavy rain shower
1236546,47.6,40.5,43.3,13.9,4.56,4.0,92,0.3,1,100,Moderate or heavy rain shower
1236232,58.1,41.5,46.6,17.4,4.42,4.0,90,0.3,1,100,Moderate or heavy rain shower
1236559,44.8,39.9,42.2,13.6,4.07,4.0,93,0.3,1,100,Moderate or heavy rain shower
1237989,61.5,40.5,51.0,24.4,1.84,4.0,86,0.3,1,100,Moderate or heavy rain shower
1238011,59.8,41.1,49.7,20.4,2.26,5.0,78,0.3,1,100,Moderate or heavy rain shower
1236137,58.1,41.5,46.6,17.4,4.42,4.0,90,0.3,1,100,Moderate or heavy rain shower
1236386,60.6,40.3,47.7,22.6,3.75,4.0,89,0.3,1,100,Moderate or heavy rain shower
1237990,61.2,41.0,50.5,24.6,2.17,5.0,87,0.3,1,100,Moderate or heavy rain shower
1237992,58.9,40.6,50.0,23.5,1.74,5.0,83,0.3,1,100,Moderate or heavy rain shower
1236235,58.1,41.5,46.6,17.4,4.42,4.0,90,0.3,1,100,Moderate or heavy rain shower
1235578,59.2,40.4,45.3,15.9,5.31,4.0,91,0.3,1,100,Moderate or heavy rain shower
1236548,48.2,41.0,43.7,13.4,4.74,4.0,93,0.3,1,100,Moderate or heavy rain shower
1236650,45.0,39.5,41.9,14.8,3.88,4.0,92,0.3,1,100,Moderate or heavy rain shower
1237991,58.2,40.7,48.4,23.3,2.24,5.0,85,0.3,1,100,Moderate or heavy rain shower
1236387,58.5,38.9,45.2,18.8,5.15,4.0,89,0.3,1,100,Moderate or heavy rain shower
1236388,60.7,40.3,49.2,22.4,2.78,5.0,88,0.3,1,100,Moderate or heavy rain shower
1238024,55.7,36.7,43.6,21.9,2.48,4.0,87,0.4,1,100,Moderate or heavy rain shower
1235577,59.2,40.4,45.3,15.9,5.31,4.0,91,0.3,1,100,Moderate or heavy rain shower
1236139,58.1,41.5,46.6,17.4,4.42,4.0,90,0.3,1,100,Moderate or heavy rain shower
1237372,48.1,38.4,42.6,13.7,3.26,5.0,92,0.3,1,100,Moderate or heavy rain shower
1236566,44.8,39.9,42.2,13.6,4.07,4.0,93,0.3,1,100,Moderate or heavy rain shower
1236598,44.0,37.9,41.6,13.6,3.56,4.0,92,0.3,1,100,Moderate or heavy rain shower
1236867,44.0,37.9,41.6,13.6,3.56,4.0,92,0.3,1,100,Moderate or heavy rain shower
1237869,51.6,37.0,42.6,12.3,3.37,4.0,93,0.3,1,100,Moderate or heavy rain shower
1236389,46.2,38.7,41.8,14.5,3.78,4.0,90,0.3,1,100,Moderate or heavy rain shower
1236390,46.2,38.7,41.8,14.5,3.78,4.0,90,0.3,1,100,Moderate or heavy rain shower
1236135,47.1,41.4,43.7,14.8,4.45,4.0,89,0.3,1,100,Moderate or heavy rain shower
1236658,45.0,39.5,41.9,14.8,3.88,4.0,92,0.3,1,100,Moderate or heavy rain shower
1237358,47.3,39.5,43.4,14.0,4.02,4.0,90,0.3,1,100,Moderate or heavy rain shower
1238006,61.2,41.0,50.5,24.6,2.17,5.0,87,0.3,1,100,Moderate or heavy rain shower
1236252,47.6,40.5,43.3,13.9,4.56,4.0,92,0.3,1,100,Moderate or heavy rain shower
1236612,46.4,40.5,42.6,13.4,4.37,4.0,93,0.3,1,100,Moderate or heavy rain shower
1237337,46.4,39.3,42.8,13.6,4.23,4.0,90,0.3,1,100,Moderate or heavy rain shower
1236584,46.4,40.5,42.6,13.4,4.37,4.0,93,0.3,1,100,Moderate or heavy rain shower
1236541,47.6,40.5,43.3,13.9,4.56,4.0,92,0.3,1,100,Moderate or heavy rain shower
1237355,47.0,38.9,42.1,13.9,3.25,5.0,92,0.3,1,100,Moderate or heavy rain shower
1237377,48.1,38.4,42.6,13.7,3.26,5.0,92,0.3,1,100,Moderate or heavy rain shower
1237374,48.7,38.2,42.4,15.1,2.91,4.0,94,0.3,1,100,Moderate or heavy rain shower
1237388,47.0,38.9,42.1,13.9,3.25,5.0,92,0.3,1,100,Moderate or heavy rain shower
1230212,49.6,40.5,43.5,13.1,4.7,4.0,90,0.3,1,100,Moderate or heavy rain shower
1236868,45.1,39.7,42.6,14.5,4.34,4.0,88,0.3,1,100,Moderate or heavy rain shower
1236693,45.1,39.7,42.6,14.5,4.34,4.0,88,0.3,1,100,Moderate or heavy rain shower
1236694,47.1,38.2,41.8,17.7,3.13,5.0,92,0.3,1,100,Moderate or heavy rain shower
1230214,49.6,40.5,43.5,13.1,4.7,4.0,90,0.3,1,100,Moderate or heavy rain shower
1237360,48.1,38.4,42.6,13.7,3.26,5.0,92,0.3,1,100,Moderate or heavy rain shower
1237356,48.7,39.4,43.4,14.8,3.97,4.0,91,0.3,1,100,Moderate or heavy rain shower
1287244,57.2,36.8,42.8,14.7,3.15,4.0,90,0.3,1,100,Moderate or heavy rain shower
1236544,47.6,40.5,43.3,13.9,4.56,4.0,92,0.3,1,100,Moderate or heavy rain shower
1238004,46.2,38.7,41.8,14.5,3.78,4.0,90,0.3,1,100,Moderate or heavy rain shower
1236440,58.4,39.1,47.0,22.6,3.47,4.0,87,0.3,1,100,Moderate or heavy rain shower
1236537,58.1,41.5,46.6,17.4,4.42,4.0,90,0.3,1,100,Moderate or heavy rain shower
1287236,47.1,34.7,40.8,16.6,2.82,4.0,94,0.4,1,100,Moderate or heavy rain shower
1238003,60.7,40.3,49.2,22.4,2.78,5.0,88,0.3,1,100,Moderate or heavy rain shower
1236398,58.2,40.7,48.4,23.3,2.24,5.0,85,0.3,1,100,Moderate or heavy rain shower
1236394,44.8,35.4,39.3,12.3,2.77,4.0,95,0.3,1,100,Moderate or heavy rain shower
1236136,59.2,40.4,45.3,15.9,5.31,4.0,91,0.3,1,100,Moderate or heavy rain shower
1238002,44.6,34.8,38.3,13.6,1.88,4.0,94,0.3,1,100,Moderate or heavy rain shower
1238001,47.1,34.7,40.8,16.6,2.82,4.0,94,0.4,1,100,Moderate or heavy rain shower
1238000,56.3,25.9,36.1,20.4,1.77,3.0,88,0.3,0,0,Moderate or heavy snow showers
1229943,49.2,27.7,37.2,21.7,1.74,3.0,91,0.3,0,0,Moderate or heavy snow showers
1231561,54.9,28.1,38.4,23.7,1.32,2.0,90,0.3,0,0,Moderate or heavy snow showers
1229942,54.9,28.1,38.4,23.7,1.32,2.0,90,0.3,0,0,Moderate or heavy snow showers
1229941,56.4,28.8,39.4,19.4,1.11,3.0,89,0.3,1,100,Moderate or heavy rain shower
1238021,56.4,28.0,37.3,25.7,1.45,3.0,89,0.3,0,0,Moderate or heavy snow showers
1236451,47.3,27.1,35.2,21.5,1.99,3.0,89,0.3,0,0,Moderate or heavy snow showers
1238014,48.8,25.9,35.7,19.7,1.7,3.0,88,0.3,0,0,Moderate or heavy rain shower
1237995,56.3,25.9,36.1,20.4,1.77,3.0,88,0.3,0,0,Moderate or heavy snow showers
1229940,44.7,28.0,35.5,17.9,1.51,3.0,89,0.3,0,0,Moderate or heavy rain shower
1229939,45.9,27.3,34.9,19.0,2.13,3.0,89,0.3,0,0,Moderate or heavy snow showers
1245600,64.8,44.3,55.9,19.7,0.49,5.0,83,1.4,1,100,Heavy rain at times
1245601,64.8,44.3,55.9,19.7,0.49,5.0,83,1.4,1,100,Heavy rain at times
1258926,71.2,60.2,66.4,25.9,1.03,5.0,69,2.8,1,100,Moderate or heavy rain shower
1258927,71.0,60.4,65.3,24.5,2.43,5.0,69,2.3,1,100,Moderate or heavy rain shower
1259147,69.5,57.3,63.8,25.9,3.19,5.0,75,1.8,1,100,Moderate or heavy rain shower
1258928,69.3,59.0,64.4,27.1,2.67,5.0,74,2.0,1,100,Moderate or heavy rain shower
1258929,71.4,58.5,65.0,24.8,2.83,5.0,70,2.8,1,100,Moderate or heavy rain shower
1258931,71.0,60.4,65.3,24.5,2.43,5.0,69,2.3,1,100,Moderate or heavy rain shower
1258932,71.3,60.0,65.3,25.3,3.4,5.0,71,2.1,1,100,Moderate or heavy rain shower
1258930,72.9,54.5,62.7,22.0,2.52,3.0,86,1.7,1,100,Moderate or heavy rain shower
1274739,72.4,58.8,66.8,17.4,0.96,4.0,67,2.6,1,100,Moderate or heavy rain shower
1258933,68.0,54.0,62.0,26.2,3.5,4.0,89,1.0,1,100,Moderate or heavy rain shower
1258934,68.2,55.0,62.0,25.5,2.05,3.0,90,0.9,1,100,Moderate rain at times
1258935,69.2,54.6,62.4,23.6,2.28,3.0,89,0.9,1,100,Moderate rain at times
1258936,68.4,55.1,61.6,27.5,2.33,3.0,91,0.9,1,100,Moderate or heavy rain shower
1258941,79.2,55.5,66.3,15.7,1.69,5.0,84,3.5,1,100,Moderate or heavy rain shower
1258942,79.2,55.5,66.3,15.7,1.69,5.0,84,3.5,1,100,Moderate or heavy rain shower
1258943,75.9,53.8,64.5,13.4,0.83,5.0,86,3.0,1,100,Moderate or heavy rain shower
1258937,76.5,52.2,62.7,11.6,1.44,5.0,88,2.4,1,100,Moderate or heavy rain shower
1258939,71.1,52.9,60.5,11.2,1.93,5.0,86,2.2,1,100,Moderate or heavy rain shower
1258940,73.1,51.3,60.6,12.7,0.91,5.0,90,2.1,1,100,Moderate or heavy rain shower
1258944,77.8,52.1,63.2,11.4,1.67,5.0,88,2.0,1,100,Moderate or heavy rain shower
1258945,77.8,52.1,63.2,11.4,1.67,5.0,88,2.0,1,100,Moderate or heavy rain shower
1258946,76.5,52.2,62.7,11.6,1.44,5.0,88,2.4,1,100,Moderate or heavy rain shower
1258947,78.0,52.7,62.9,12.3,1.31,5.0,87,2.4,1,100,Moderate or heavy rain shower
1258948,67.4,51.2,59.2,13.4,1.83,5.0,92,1.8,1,100,Moderate or heavy rain shower
1258949,67.1,51.1,58.0,12.5,1.13,5.0,93,1.8,1,100,Moderate or heavy rain shower
1258950,77.9,52.8,65.4,11.9,1.15,5.0,85,3.0,1,100,Moderate or heavy rain shower
1258952,75.9,53.8,64.5,13.4,0.83,5.0,86,3.0,1,100,Moderate or heavy rain shower
1258951,77.9,52.8,65.4,11.9,1.15,5.0,85,3.0,1,100,Moderate or heavy rain shower
1274745,74.4,52.2,61.7,12.1,1.24,5.0,86,1.9,1,100,Moderate or heavy rain shower
1258953,75.9,53.8,64.5,13.4,0.83,5.0,86,3.0,1,100,Moderate or heavy rain shower
1274875,80.7,56.3,65.5,8.8,0.77,4.0,78,2.8,1,100,Moderate or heavy rain shower
1274773,79.8,57.7,67.3,7.2,0.69,4.0,76,3.5,1,100,Moderate or heavy rain shower
1274750,76.5,54.5,64.7,9.1,0.86,4.0,79,3.1,1,100,Moderate or heavy rain shower
1258954,75.9,53.8,64.5,13.4,0.83,5.0,86,3.0,1,100,Moderate or heavy rain shower
1259199,66.9,50.9,58.7,12.3,2.76,5.0,90,2.5,1,100,Moderate or heavy rain shower
1274748,80.7,56.3,65.5,8.8,0.77,4.0,78,2.8,1,100,Moderate or heavy rain shower
1274877,77.0,53.7,65.9,10.1,0.79,5.0,82,4.0,1,100,Moderate or heavy rain shower
1258955,77.8,52.3,64.7,12.5,1.15,6.0,87,2.7,1,100,Moderate or heavy rain shower
1242852,67.1,50.2,57.9,9.2,0.86,3.0,89,2.2,1,100,Moderate or heavy rain shower
1242853,67.1,50.2,57.9,9.2,0.86,3.0,89,2.2,1,100,Moderate or heavy rain shower
1242854,65.0,50.2,56.0,8.3,1.15,5.0,90,1.3,1,100,Moderate or heavy rain shower
1245435,65.5,50.5,56.8,10.1,1.02,5.0,91,1.3,1,100,Moderate or heavy rain shower
1274881,76.8,56.2,66.0,8.3,0.66,4.0,78,4.3,1,100,Moderate or heavy rain shower
1242878,73.7,52.7,62.6,8.5,0.82,5.0,83,3.1,1,100,Moderate or heavy rain shower
1242881,73.7,52.7,62.6,8.5,0.82,5.0,83,3.1,1,100,Moderate or heavy rain shower
1242880,73.7,52.7,62.6,8.5,0.82,5.0,83,3.1,1,100,Moderate or heavy rain shower
1258958,75.9,51.8,63.3,12.8,1.35,5.0,87,2.7,1,100,Moderate or heavy rain shower
1258959,67.2,51.0,59.2,14.3,1.61,5.0,90,2.0,1,100,Moderate or heavy rain shower
1258960,71.6,52.2,60.6,12.3,2.6,5.0,88,2.2,1,100,Moderate or heavy rain shower
1258961,76.5,52.2,62.7,11.6,1.44,5.0,88,2.4,1,100,Moderate or heavy rain shower
1277540,71.1,55.2,65.2,15.7,2.53,4.0,87,2.1,1,100,Moderate or heavy rain shower
1258969,71.9,61.9,68.7,19.0,1.02,5.0,86,3.4,1,100,Moderate or heavy rain shower
1258962,72.0,58.5,67.6,19.2,1.78,4.0,89,2.1,1,100,Moderate or heavy rain shower
1258966,69.2,53.3,63.9,16.6,1.69,5.0,91,1.7,1,100,Moderate or heavy rain shower
1258963,71.4,53.8,64.7,16.3,1.86,5.0,91,1.3,1,100,Moderate or heavy rain shower
1258964,72.2,60.4,68.0,18.8,1.48,5.0,89,3.3,1,100,Moderate or heavy rain shower
1277349,71.1,55.2,65.2,15.7,2.53,4.0,87,2.1,1,100,Moderate or heavy rain shower
1258967,70.4,55.1,65.1,16.8,2.36,4.0,91,2.3,1,100,Moderate or heavy rain shower
1258968,70.4,55.1,65.1,16.8,2.36,4.0,91,2.3,1,100,Moderate or heavy rain shower
1258973,70.1,54.0,65.1,15.2,2.32,4.0,88,2.2,1,100,Moderate or heavy rain shower
1258975,72.3,62.2,68.1,15.9,1.11,5.0,83,4.7,1,100,Moderate or heavy rain shower
1258976,70.3,60.1,66.4,15.2,1.67,5.0,86,3.3,1,100,Moderate or heavy rain shower
1258974,72.2,60.4,68.0,18.8,1.48,5.0,89,3.3,1,100,Moderate or heavy rain shower
1258970,71.1,55.4,65.0,17.2,2.13,5.0,92,2.1,1,100,Moderate or heavy rain shower
1258971,72.2,60.4,68.0,18.8,1.48,5.0,89,3.3,1,100,Moderate or heavy rain shower
1258972,71.1,55.4,65.0,17.2,2.13,5.0,92,2.1,1,100,Moderate or heavy rain shower
1246691,73.8,54.9,64.9,8.3,0.24,5.0,76,6.0,1,100,Moderate or heavy rain shower
1246709,77.8,66.5,71.3,7.2,0.32,4.0,88,3.1,1,100,Light rain shower
1251092,67.9,55.6,61.4,9.8,0.15,5.0,86,4.7,1,100,Moderate or heavy rain shower
1292952,72.1,61.6,66.2,4.7,0.41,3.0,85,2.7,1,100,Moderate or heavy rain shower
1292951,72.1,61.6,66.2,4.7,0.41,3.0,85,2.7,1,100,Moderate or heavy rain shower
1292873,77.3,63.6,72.0,11.6,0.82,5.0,81,2.3,1,100,Moderate or heavy rain shower
1291959,80.2,68.3,74.2,12.8,0.47,4.0,78,1.7,1,100,Moderate or heavy rain shower
1292711,84.0,66.2,73.9,19.6,0.67,6.0,64,10.4,1,100,Patchy rain possible
1272575,81.8,67.4,72.2,16.1,0.82,5.0,84,3.6,1,100,Moderate or heavy rain shower
1267538,82.1,68.2,72.8,16.3,1.32,5.0,84,4.7,1,100,Moderate or heavy rain shower
1252143,63.9,58.0,60.4,15.9,1.86,3.0,89,2.4,1,100,Moderate or heavy rain shower
1252146,63.0,57.5,59.7,15.0,1.91,4.0,88,2.2,1,100,Moderate or heavy rain shower
1262678,77.4,69.3,73.2,8.9,1.25,3.0,81,4.0,1,100,Light rain shower
1262681,78.1,69.1,73.9,4.5,0.89,3.0,88,3.7,1,100,Moderate or heavy rain shower
1271649,77.3,70.3,73.3,6.0,1.36,3.0,94,3.4,1,100,Moderate or heavy rain shower
1271652,77.3,70.3,73.3,6.0,1.36,3.0,94,3.4,1,100,Moderate or heavy rain shower
1271654,77.6,70.7,73.9,5.6,5.62,3.0,92,3.2,1,100,Moderate or heavy rain shower
1271656,76.8,69.7,72.7,7.6,0.96,4.0,93,3.3,1,100,Moderate or heavy rain shower
1292625,78.1,68.6,73.3,6.9,0.93,3.0,86,7.8,1,100,Moderate or heavy rain shower
1271660,83.6,73.3,77.6,8.1,0.34,4.0,88,4.3,1,100,Heavy rain at times
1271662,83.6,73.3,77.6,8.1,0.34,4.0,88,4.3,1,100,Heavy rain at times
1271665,83.6,73.3,77.6,8.1,0.34,4.0,88,4.3,1,100,Heavy rain at times
1271669,83.6,73.3,77.6,8.1,0.34,4.0,88,4.3,1,100,Heavy rain at times
1271670,78.7,71.3,74.2,14.3,2.63,4.0,93,2.6,1,100,Moderate or heavy rain shower
1266994,87.1,74.7,79.2,6.0,0.5,6.0,89,6.2,1,100,Moderate or heavy rain shower
1270911,88.1,75.4,82.0,5.4,0.28,6.0,82,8.4,1,100,Overcast
1270959,89.6,68.3,80.3,7.2,0.0,5.0,82,8.8,0,0,Fog
1270962,90.3,68.3,79.9,6.9,0.0,6.0,80,12.3,0,0,Fog
1270965,90.3,68.3,79.9,6.9,0.0,6.0,80,12.3,0,0,Fog
1270967,90.3,68.3,79.9,6.9,0.0,6.0,80,12.3,0,0,Fog
1270968,90.3,68.3,79.9,6.9,0.0,6.0,80,12.3,0,0,Fog
1266031,81.8,74.2,77.6,7.8,0.96,3.0,80,5.0,1,100,Light rain shower
1266037,81.8,74.2,77.6,7.8,0.96,3.0,80,5.0,1,100,Light rain shower
1266050,81.8,74.2,77.6,7.8,0.96,3.0,80,5.0,1,100,Light rain shower
1266052,81.8,74.2,77.6,7.8,0.96,3.0,80,5.0,1,100,Light rain shower
1266053,81.8,74.2,77.6,7.8,0.96,3.0,80,5.0,1,100,Light rain shower
1266054,81.8,74.2,77.6,7.8,0.96,3.0,80,5.0,1,100,Light rain shower
1290068,85.7,73.3,77.9,5.6,1.65,4.0,90,4.6,1,100,Heavy rain
1294806,93.7,76.4,85.4,10.1,0.25,5.0,79,10.4,1,100,Patchy light rain with thunder
1268507,91.0,75.5,82.4,9.2,1.99,4.0,78,7.9,1,100,Patchy light rain with thunder
1275331,95.7,79.0,86.0,9.2,2.08,5.0,75,11.5,1,100,Patchy light rain with thunder
1275292,92.6,77.4,84.4,9.4,1.62,5.0,78,11.4,1,100,Moderate or heavy rain shower
1275293,87.7,74.4,81.5,11.0,1.67,4.0,82,11.4,1,100,Moderate or heavy rain shower
1304116,87.1,76.9,80.5,7.4,1.2,4.0,91,5.2,1,100,Light rain shower
1275294,82.7,74.3,78.1,6.0,0.84,4.0,91,3.7,1,100,Light rain shower
1275295,85.2,76.4,80.2,6.0,0.97,4.0,86,3.5,1,100,Light rain shower
1273610,88.3,72.6,79.4,8.9,2.85,3.0,87,6.2,1,100,Moderate or heavy rain with thunder
1273616,88.3,72.6,79.4,8.9,2.85,3.0,87,6.2,1,100,Moderate or heavy rain with thunder
1268508,89.6,75.8,82.0,10.5,0.29,4.0,78,5.5,1,100,Moderate or heavy rain shower
1289969,77.2,68.7,72.7,7.6,0.0,3.0,87,5.4,0,0,Fog
1293706,80.4,71.4,75.1,7.2,1.51,4.0,89,1.3,1,100,Moderate or heavy rain shower
1287795,75.7,62.8,68.6,8.7,1.55,3.0,83,3.2,1,100,Heavy rain
1287796,75.7,62.8,68.6,8.7,1.55,3.0,83,3.2,1,100,Heavy rain
1295856,69.8,65.8,67.9,7.8,0.6,4.0,95,2.6,1,100,Heavy rain
1295857,69.8,65.8,67.9,7.8,0.6,4.0,95,2.6,1,100,Heavy rain
1297630,69.8,65.8,67.9,7.8,0.6,4.0,95,2.6,1,100,Heavy rain
1297631,70.7,66.7,68.4,5.6,1.18,4.0,95,2.6,1,100,Heavy rain
1297632,67.5,65.1,66.6,6.9,1.25,3.0,96,2.6,1,100,Moderate or heavy rain shower
1297629,70.0,66.6,68.4,5.8,1.09,4.0,95,2.6,1,100,Heavy rain
1295858,68.2,64.9,66.1,8.9,1.22,3.0,94,3.1,1,100,Heavy rain
1295859,68.2,64.9,66.1,8.9,1.22,3.0,94,3.1,1,100,Heavy rain
1295860,68.2,64.9,66.1,8.9,1.22,3.0,94,3.1,1,100,Heavy rain
